 10388
     1  N     89.87000000   57.88000000  112.21000000   231     2     3     4     5
     2  H     89.69000000   56.86000000  112.06000000   232     1
     3  H     90.70000000   58.17000000  111.63000000   232     1
     4  H     90.11000000   58.05000000  113.22000000   232     1
     5  CA    88.71000000   58.74000000  111.80000000     8     1     6     7    19
     6  H     88.67000000   58.67000000  110.73000000    12     5
     7  C     87.36000000   58.24000000  112.42000000   106     5     8     9    12
     8  H     87.46000000   58.06000000  113.51000000   107     7
     9  H     86.59000000   59.03000000  112.28000000   107     7
    10  C     85.95000000   56.05000000  112.24000000   111    11    12    13
    11  H     85.62000000   55.87000000  113.26000000   112    10
    12  C     86.73000000   57.04000000  111.74000000   108     7    10    15
    13  N     85.58000000   55.26000000  111.19000000   115    10    14    17
    14  HN    84.98000000   54.44000000  111.21000000   116    13
    15  N     86.82000000   56.81000000  110.39000000   109    12    16    17
    16  HN    87.19000000   57.44000000  109.67000000   110    15
    17  C     86.12000000   55.74000000  110.08000000   113    13    15    18
    18  H     86.02000000   55.31000000  109.09000000   114    17
    19  C     88.92000000   60.22000000  112.08000000     9     5    20    21
    20  O     89.57000000   60.59000000  113.06000000    11    19
    21  N     88.39000000   61.13000000  111.24000000     7    19    22    23
    22  HN    87.76000000   60.85000000  110.49000000    10    21
    23  CA    88.77000000   62.54000000  111.22000000     8    21    24    25    39
    24  H     89.74000000   62.65000000  111.68000000    12    23
    25  C     88.87000000   63.09000000  109.77000000    61    23    26    27    28
    26  H     87.88000000   63.06000000  109.27000000    62    25
    27  H     89.22000000   64.15000000  109.80000000    62    25
    28  C     89.86000000   62.34000000  108.93000000    63    25    29    35
    29  C     89.43000000   61.39000000  108.00000000    64    28    30    31
    30  H     88.37000000   61.20000000  107.88000000    65    29
    31  C     90.34000000   60.70000000  107.19000000    66    29    32    33
    32  H     89.98000000   59.97000000  106.47000000    67    31
    33  C     91.70000000   60.99000000  107.28000000    68    31    34    37
    34  H     92.41000000   60.49000000  106.63000000    69    33
    35  C     91.23000000   62.64000000  108.99000000    64    28    36    37
    36  H     91.57000000   63.42000000  109.66000000    65    35
    37  C     92.15000000   61.98000000  108.16000000    66    33    35    38
    38  H     93.20000000   62.23000000  108.18000000    67    37
    39  C     87.82000000   63.45000000  112.00000000     9    23    40    41
    40  O     87.94000000   64.67000000  111.93000000    11    39
    41  N     86.89000000   62.89000000  112.80000000     7    39    42    43
    42  HN    86.79000000   61.91000000  112.79000000    10    41
    43  CA    85.90000000   63.63000000  113.59000000     8    41    44    45    61
    44  H     85.19000000   64.09000000  112.91000000    12    43
    45  C     85.10000000   62.68000000  114.51000000   182    43    46    47    48
    46  H     85.81000000   62.10000000  115.15000000   183    45
    47  H     84.45000000   63.28000000  115.19000000   183    45
    48  C     84.18000000   61.70000000  113.75000000   184    45    49    50    51
    49  H     83.40000000   62.27000000  113.21000000   185    48
    50  H     84.77000000   61.15000000  112.98000000   185    48
    51  C     83.49000000   60.67000000  114.66000000   186    48    52    53    54
    52  H     82.92000000   59.97000000  114.01000000   187    51
    53  H     84.29000000   60.09000000  115.17000000   187    51
    54  C     82.54000000   61.26000000  115.72000000   188    51    55    56    57
    55  H     83.13000000   61.81000000  116.48000000   189    54
    56  H     81.82000000   61.97000000  115.26000000   189    54
    57  N     81.77000000   60.21000000  116.42000000   190    54    58    59    60
    58  HN    81.41000000   60.59000000  117.33000000   191    57
    59  HN    80.91000000   59.89000000  115.89000000   191    57
    60  HN    82.36000000   59.38000000  116.60000000   191    57
    61  C     86.47000000   64.76000000  114.44000000     9    43    62    63
    62  O     85.92000000   65.86000000  114.54000000    11    61
    63  N     87.65000000   64.52000000  115.04000000     7    61    64    65
    64  HN    88.06000000   63.61000000  114.97000000    10    63
    65  CA    88.42000000   65.47000000  115.80000000     8    63    66    67    76
    66  H     87.77000000   65.83000000  116.59000000    12    65
    67  C     89.65000000   64.77000000  116.42000000   153    65    68    69    70
    68  H     90.34000000   64.40000000  115.63000000   154    67
    69  H     90.21000000   65.52000000  117.03000000   154    67
    70  C     89.31000000   63.61000000  117.39000000   155    67    71    72    73
    71  H     89.03000000   62.70000000  116.81000000   156    70
    72  H     90.20000000   63.36000000  118.01000000   156    70
    73  C     88.16000000   63.95000000  118.32000000   157    70    74    75
    74  O     88.20000000   65.03000000  118.96000000   158    73
    75  O     87.17000000   63.17000000  118.39000000   158    73
    76  C     88.84000000   66.73000000  115.04000000     9    65    77    78
    77  O     88.81000000   67.83000000  115.59000000    11    76
    78  N     89.23000000   66.60000000  113.75000000     7    76    79    80
    79  HN    89.20000000   65.70000000  113.31000000    10    78
    80  CA    89.53000000   67.71000000  112.87000000     8    78    81    82    86
    81  H     90.28000000   68.32000000  113.36000000    12    80
    82  C     90.11000000   67.19000000  111.54000000    13    80    83    84    85
    83  H     90.42000000   68.03000000  110.89000000    14    82
    84  H     91.00000000   66.55000000  111.73000000    14    82
    85  H     89.36000000   66.58000000  110.99000000    14    82
    86  C     88.34000000   68.64000000  112.60000000     9    80    87    88
    87  O     88.47000000   69.86000000  112.70000000    11    86
    88  N     87.14000000   68.07000000  112.32000000     7    86    89    90
    89  HN    87.08000000   67.08000000  112.23000000    10    88
    90  CA    85.91000000   68.82000000  112.14000000     8    88    91    92   110
    91  H     86.05000000   69.52000000  111.33000000    12    90
    92  C     84.70000000   67.89000000  111.82000000    89    90    93    94    95
    93  H     84.57000000   67.17000000  112.66000000    90    92
    94  H     83.77000000   68.50000000  111.78000000    90    92
    95  C     84.75000000   67.09000000  110.55000000    91    92    96   101
    96  C     85.20000000   65.80000000  110.42000000    92    95    97    98
    97  H     85.66000000   65.24000000  111.22000000    93    96
    98  N     84.96000000   65.34000000  109.15000000    95    96    99   100
    99  HN    85.09000000   64.41000000  108.83000000    96    98
   100  C     84.34000000   66.30000000  108.43000000    97    98   101   106
   101  C     84.19000000   67.44000000  109.26000000    94    95   100   102
   102  C     83.57000000   68.58000000  108.76000000    98   101   103   104
   103  H     83.45000000   69.46000000  109.37000000    99   102
   104  C     83.11000000   68.57000000  107.44000000   102   102   105   108
   105  H     82.63000000   69.46000000  107.04000000   103   104
   106  C     83.87000000   66.29000000  107.12000000   100   100   107   108
   107  H     83.98000000   65.42000000  106.49000000   101   106
   108  C     83.25000000   67.45000000  106.64000000   104   104   106   109
   109  H     82.88000000   67.47000000  105.62000000   105   108
   110  C     85.55000000   69.64000000  113.38000000     9    90   111   112
   111  O     85.23000000   70.83000000  113.31000000    11   110
   112  N     85.65000000   69.02000000  114.57000000     7   110   113   114
   113  HN    85.89000000   68.05000000  114.59000000    10   112
   114  CA    85.43000000   69.65000000  115.85000000     8   112   115   116   132
   115  H     84.44000000   70.09000000  115.81000000    12   114
   116  C     85.39000000   68.59000000  116.98000000   182   114   117   118   119
   117  H     86.33000000   68.00000000  116.92000000   183   116
   118  H     85.37000000   69.11000000  117.97000000   183   116
   119  C     84.15000000   67.68000000  116.93000000   184   116   120   121   122
   120  H     83.24000000   68.32000000  116.96000000   185   119
   121  H     84.13000000   67.13000000  115.96000000   185   119
   122  C     84.08000000   66.67000000  118.09000000   186   119   123   124   125
   123  H     84.05000000   67.25000000  119.05000000   187   122
   124  H     83.13000000   66.10000000  118.00000000   187   122
   125  C     85.26000000   65.69000000  118.11000000   188   122   126   127   128
   126  H     85.24000000   65.05000000  117.21000000   189   125
   127  H     86.21000000   66.25000000  118.13000000   189   125
   128  N     85.26000000   64.81000000  119.30000000   190   125   129   130   131
   129  HN    86.03000000   64.10000000  119.15000000   191   128
   130  HN    85.48000000   65.35000000  120.16000000   191   128
   131  HN    84.36000000   64.33000000  119.45000000   191   128
   132  C     86.35000000   70.81000000  116.21000000     9   114   133   134
   133  O     85.90000000   71.79000000  116.81000000    11   132
   134  N     87.65000000   70.76000000  115.86000000     7   132   135   136
   135  HN    88.02000000   69.93000000  115.43000000    10   134
   136  CA    88.55000000   71.90000000  116.04000000     8   134   137   138   149
   137  H     88.58000000   72.17000000  117.08000000    12   136
   138  C     90.00000000   71.61000000  115.54000000   127   136   139   140   142
   139  H     89.96000000   71.06000000  114.58000000   128   138
   140  H     90.55000000   72.55000000  115.36000000   128   138
   141  N     91.10000000   71.38000000  117.75000000   130   142   143
   142  C     90.87000000   70.85000000  116.50000000   129   138   141   147
   143  C     92.01000000   70.59000000  118.30000000   133   141   144   145
   144  H     92.41000000   70.70000000  119.31000000   134   143
   145  N     92.38000000   69.60000000  117.46000000   135   143   146   147
   146  HN    93.08000000   68.90000000  117.65000000   136   145
   147  C     91.65000000   69.76000000  116.30000000   131   142   145   148
   148  H     91.75000000   69.13000000  115.42000000   132   147
   149  C     88.09000000   73.14000000  115.29000000     9   136   150   151
   150  O     88.03000000   74.23000000  115.84000000    11   149
   151  N     87.71000000   72.96000000  114.01000000     7   149   152   153
   152  HN    87.76000000   72.06000000  113.58000000    10   151
   153  CA    87.19000000   74.03000000  113.19000000     8   151   154   155   159
   154  H     87.91000000   74.83000000  113.18000000    12   153
   155  C     87.02000000   73.50000000  111.76000000    13   153   156   157   158
   156  H     86.71000000   74.31000000  111.06000000    14   155
   157  H     88.00000000   73.11000000  111.40000000    14   155
   158  H     86.28000000   72.67000000  111.71000000    14   155
   159  C     85.88000000   74.62000000  113.71000000     9   153   160   161
   160  O     85.74000000   75.83000000  113.81000000    11   159
   161  N     84.92000000   73.77000000  114.13000000     7   159   162   163
   162  HN    85.04000000   72.78000000  114.02000000    10   161
   163  CA    83.66000000   74.23000000  114.72000000     8   161   164   165   178
   164  H     83.19000000   74.89000000  114.00000000    12   163
   165  C     82.68000000   73.08000000  115.00000000    25   163   166   167   171
   166  H     83.20000000   72.35000000  115.67000000    26   165
   167  C     81.41000000   73.60000000  115.72000000    29   165   168   169   170
   168  H     80.66000000   72.79000000  115.82000000    30   167
   169  H     81.64000000   73.96000000  116.75000000    30   167
   170  H     80.95000000   74.43000000  115.15000000    30   167
   171  C     82.28000000   72.35000000  113.70000000    27   165   172   173   174
   172  H     81.50000000   72.95000000  113.18000000    28   171
   173  H     83.15000000   72.27000000  113.02000000    28   171
   174  C     81.77000000   70.93000000  113.97000000    31   171   175   176   177
   175  H     81.46000000   70.44000000  113.03000000    32   174
   176  H     82.57000000   70.32000000  114.44000000    32   174
   177  H     80.90000000   70.94000000  114.66000000    32   174
   178  C     83.87000000   75.05000000  115.98000000     9   163   179   180
   179  O     83.30000000   76.12000000  116.14000000    11   178
   180  N     84.74000000   74.61000000  116.91000000     7   178   181   182
   181  HN    85.19000000   73.72000000  116.78000000    10   180
   182  CA    85.08000000   75.36000000  118.11000000     8   180   183   184   195
   183  H     84.16000000   75.57000000  118.64000000    12   182
   184  C     86.02000000   74.51000000  118.99000000   167   182   185   186   187
   185  H     85.60000000   73.48000000  118.99000000   168   184
   186  H     87.02000000   74.44000000  118.50000000   168   184
   187  C     86.19000000   75.00000000  120.45000000   169   184   188   189   190
   188  H     87.02000000   74.42000000  120.92000000   170   187
   189  H     86.47000000   76.07000000  120.47000000   170   187
   190  C     84.96000000   74.82000000  121.36000000   171   187   191   192
   191  O     84.57000000   75.71000000  122.12000000   172   190
   192  N     84.35000000   73.62000000  121.32000000   173   190   193   194
   193  HN    84.72000000   72.90000000  120.72000000   174   192
   194  HN    83.58000000   73.46000000  121.92000000   174   192
   195  C     85.74000000   76.70000000  117.78000000     9   182   196   197
   196  O     85.44000000   77.73000000  118.37000000    11   195
   197  N     86.65000000   76.73000000  116.79000000     7   195   198   199
   198  HN    86.94000000   75.88000000  116.33000000    10   197
   199  CA    87.23000000   77.97000000  116.31000000     8   197   200   201   217
   200  H     87.61000000   78.49000000  117.18000000    12   199
   201  C     88.42000000   77.68000000  115.37000000   182   199   202   203   204
   202  H     89.04000000   76.90000000  115.87000000   183   201
   203  H     88.08000000   77.25000000  114.40000000   183   201
   204  C     89.29000000   78.92000000  115.14000000   184   201   205   206   207
   205  H     88.81000000   79.60000000  114.40000000   185   204
   206  H     89.35000000   79.46000000  116.11000000   185   204
   207  C     90.73000000   78.57000000  114.72000000   186   204   208   209   210
   208  H     91.05000000   77.69000000  115.32000000   187   207
   209  H     90.76000000   78.23000000  113.66000000   187   207
   210  C     91.76000000   79.68000000  114.96000000   188   207   211   212   213
   211  H     91.81000000   79.93000000  116.04000000   189   210
   212  H     92.76000000   79.35000000  114.62000000   189   210
   213  N     91.39000000   80.90000000  114.23000000   190   210   214   215   216
   214  HN    92.16000000   81.61000000  114.34000000   191   213
   215  HN    91.30000000   80.68000000  113.21000000   191   213
   216  HN    90.52000000   81.31000000  114.63000000   191   213
   217  C     86.21000000   78.91000000  115.67000000     9   199   218   219
   218  O     86.23000000   80.12000000  115.91000000    11   217
   219  N     85.26000000   78.37000000  114.88000000     7   217   220   221
   220  HN    85.32000000   77.39000000  114.64000000    10   219
   221  CA    84.10000000   79.05000000  114.35000000     8   219   222   223   227
   222  H     84.46000000   79.91000000  113.80000000    12   221
   223  C     83.34000000   78.13000000  113.37000000    13   221   224   225   226
   224  H     82.53000000   78.68000000  112.85000000    14   223
   225  H     84.04000000   77.72000000  112.62000000    14   223
   226  H     82.89000000   77.27000000  113.91000000    14   223
   227  C     83.15000000   79.60000000  115.42000000     9   221   228   229
   228  O     82.63000000   80.71000000  115.30000000    11   227
   229  N     82.92000000   78.84000000  116.52000000     7   227   230   231
   230  HN    83.28000000   77.90000000  116.55000000    10   229
   231  CA    82.14000000   79.26000000  117.68000000     8   229   232   233   249
   232  H     81.14000000   79.47000000  117.33000000    12   231
   233  C     82.03000000   78.15000000  118.77000000   182   231   234   235   236
   234  H     83.04000000   77.72000000  118.96000000   183   233
   235  H     81.70000000   78.60000000  119.73000000   183   233
   236  C     81.03000000   77.03000000  118.46000000   184   233   237   238   239
   237  H     80.05000000   77.50000000  118.24000000   185   236
   238  H     81.34000000   76.47000000  117.55000000   185   236
   239  C     80.84000000   76.05000000  119.64000000   186   236   240   241   242
   240  H     81.82000000   75.57000000  119.88000000   187   239
   241  H     80.53000000   76.65000000  120.52000000   187   239
   242  C     79.79000000   74.97000000  119.35000000   188   239   243   244   245
   243  H     78.93000000   75.44000000  118.83000000   189   242
   244  H     80.20000000   74.19000000  118.67000000   189   242
   245  N     79.28000000   74.32000000  120.58000000   190   242   246   247   248
   246  HN    78.40000000   73.77000000  120.39000000   191   245
   247  HN    79.98000000   73.62000000  120.93000000   191   245
   248  HN    79.07000000   75.02000000  121.30000000   191   245
   249  C     82.63000000   80.55000000  118.32000000     9   231   250   251
   250  O     81.84000000   81.43000000  118.68000000    11   249
   251  N     83.95000000   80.70000000  118.46000000     7   249   252   253
   252  HN    84.55000000   79.92000000  118.25000000    10   251
   253  CA    84.57000000   81.85000000  119.09000000     8   251   254   255   266
   254  H     83.85000000   82.35000000  119.72000000    12   253
   255  C     85.76000000   81.42000000  119.99000000   127   253   256   257   259
   256  H     86.48000000   80.81000000  119.40000000   128   255
   257  H     86.29000000   82.31000000  120.37000000   128   255
   258  N     84.84000000   79.35000000  121.04000000   130   259   260
   259  C     85.31000000   80.64000000  121.19000000   129   255   258   264
   260  C     84.49000000   78.95000000  122.24000000   133   258   261   262
   261  H     84.04000000   77.98000000  122.48000000   134   260
   262  N     84.75000000   79.90000000  123.17000000   135   260   263   264
   263  HN    84.46000000   79.87000000  124.13000000   136   262
   264  C     85.29000000   80.98000000  122.50000000   131   259   262   265
   265  H     85.61000000   81.90000000  122.97000000   132   264
   266  C     85.02000000   82.89000000  118.07000000     9   253   267   268
   267  O     85.70000000   83.86000000  118.40000000    11   266
   268  N     84.60000000   82.74000000  116.80000000     7   266   269   270
   269  HN    84.07000000   81.94000000  116.54000000    10   268
   270  CA    84.90000000   83.69000000  115.74000000     8   268   271   272   283
   271  H     85.92000000   84.00000000  115.87000000    12   270
   272  C     84.75000000   82.98000000  114.37000000   175   270   273   274   275
   273  H     85.25000000   81.99000000  114.44000000   176   272
   274  H     83.67000000   82.79000000  114.18000000   176   272
   275  C     85.35000000   83.73000000  113.17000000   177   272   276   277   278
   276  H     85.02000000   83.21000000  112.24000000   178   275
   277  H     84.93000000   84.76000000  113.12000000   178   275
   278  S     87.17000000   83.77000000  113.19000000   179   275   279
   279  C     87.30000000   85.03000000  111.89000000   180   278   280   281   282
   280  H     88.36000000   85.27000000  111.68000000   181   279
   281  H     86.83000000   84.68000000  110.95000000   181   279
   282  H     86.79000000   85.97000000  112.19000000   181   279
   283  C     83.93000000   84.89000000  115.82000000     9   270   284   285
   284  O     82.73000000   84.66000000  115.99000000    11   283
   285  N     84.34000000   86.16000000  115.75000000    50   283   286   289
   286  C     85.74000000   86.56000000  115.59000000    59   285   287   288   294
   287  H     86.32000000   85.87000000  114.94000000    60   286
   288  H     86.21000000   86.61000000  116.60000000    60   286
   289  CA    83.43000000   87.30000000  115.57000000    51   285   290   291   297
   290  H     82.76000000   87.32000000  116.42000000    54   289
   291  C     84.38000000   88.51000000  115.51000000    55   289   292   293   294
   292  H     83.99000000   89.34000000  114.89000000    56   291
   293  H     84.56000000   88.88000000  116.54000000    56   291
   294  C     85.68000000   87.94000000  114.95000000    57   286   291   295   296
   295  H     85.59000000   87.83000000  113.84000000    58   294
   296  H     86.56000000   88.57000000  115.18000000    58   294
   297  C     82.55000000   87.23000000  114.32000000    52   289   298   299
   298  O     82.91000000   86.54000000  113.37000000    53   297
   299  N     81.39000000   87.93000000  114.28000000     7   297   300   301
   300  HN    81.08000000   88.45000000  115.07000000    10   299
   301  CA    80.68000000   88.20000000  113.04000000     8   299   302   303   309
   302  H     80.57000000   87.26000000  112.52000000    12   301
   303  C     79.22000000   88.74000000  113.28000000   137   301   304   305   306
   304  H     78.62000000   87.96000000  113.78000000   138   303
   305  H     79.26000000   89.62000000  113.95000000   138   303
   306  C     78.43000000   89.18000000  112.04000000   139   303   307   308
   307  O     78.90000000   88.94000000  110.90000000   140   306
   308  O     77.32000000   89.74000000  112.21000000   140   306
   309  C     81.53000000   89.16000000  112.19000000     9   301   310   311
   310  O     81.88000000   90.23000000  112.71000000    11   309
   311  N     81.93000000   88.87000000  110.96000000    50   309   312   315
   312  C     81.74000000   87.58000000  110.29000000    59   311   313   314   320
   313  H     80.67000000   87.28000000  110.30000000    60   312
   314  H     82.35000000   86.81000000  110.80000000    60   312
   315  CA    82.70000000   89.81000000  110.15000000    51   311   316   317   323
   316  H     83.47000000   90.27000000  110.75000000    54   315
   317  C     83.28000000   88.90000000  109.04000000    55   315   318   319   320
   318  H     83.52000000   89.43000000  108.10000000    56   317
   319  H     84.21000000   88.43000000  109.43000000    56   317
   320  C     82.22000000   87.81000000  108.86000000    57   312   317   321   322
   321  H     81.38000000   88.19000000  108.25000000    58   320
   322  H     82.62000000   86.88000000  108.40000000    58   320
   323  C     81.84000000   90.93000000  109.58000000    52   315   324   325
   324  O     82.37000000   91.70000000  108.78000000    53   323
   325  N     80.55000000   91.06000000  109.96000000     7   323   326   327
   326  HN    80.09000000   90.31000000  110.45000000    10   325
   327  CA    79.72000000   92.24000000  109.70000000     8   325   328   329   347
   328  H     80.35000000   93.02000000  109.31000000    12   327
   329  C     78.57000000   91.93000000  108.70000000    89   327   330   331   332
   330  H     78.10000000   90.97000000  109.03000000    90   329
   331  H     77.78000000   92.71000000  108.74000000    90   329
   332  C     78.97000000   91.81000000  107.27000000    91   329   333   338
   333  C     80.13000000   92.22000000  106.64000000    92   332   334   335
   334  H     80.96000000   92.69000000  107.16000000    93   333
   335  N     80.06000000   91.92000000  105.30000000    95   333   336   337
   336  HN    80.82000000   91.88000000  104.68000000    96   335
   337  C     78.86000000   91.34000000  105.03000000    97   335   338   343
   338  C     78.12000000   91.28000000  106.24000000    94   332   337   339
   339  C     76.82000000   90.80000000  106.23000000    98   338   340   341
   340  H     76.24000000   90.74000000  107.14000000    99   339
   341  C     76.28000000   90.35000000  105.02000000   102   339   342   345
   342  H     75.28000000   89.95000000  105.00000000   103   341
   343  C     78.34000000   90.86000000  103.84000000   100   337   344   345
   344  H     78.94000000   90.83000000  102.95000000   101   343
   345  C     77.05000000   90.34000000  103.86000000   104   341   343   346
   346  H     76.63000000   89.90000000  102.96000000   105   345
   347  C     79.15000000   92.84000000  110.98000000     9   327   348   349
   348  O     78.13000000   93.55000000  110.97000000    11   347
   349  N     79.81000000   92.62000000  112.14000000     7   347   350   351
   350  HN    80.65000000   92.09000000  112.12000000    10   349
   351  CA    79.34000000   93.08000000  113.43000000     8   349   352   353   357
   352  H     78.33000000   92.73000000  113.57000000    12   351
   353  C     80.25000000   92.47000000  114.52000000    13   351   354   355   356
   354  H     79.83000000   92.65000000  115.53000000    14   353
   355  H     80.33000000   91.38000000  114.38000000    14   353
   356  H     81.27000000   92.91000000  114.47000000    14   353
   357  C     79.34000000   94.60000000  113.61000000     9   351   358   359
   358  O     78.72000000   95.14000000  114.54000000    11   357
   359  N     80.02000000   95.36000000  112.74000000     7   357   360   361
   360  HN    80.59000000   94.92000000  112.01000000    10   359
   361  CA    80.11000000   96.80000000  112.78000000     8   359   362   363   372
   362  H     79.93000000   97.15000000  113.79000000    12   361
   363  C     81.55000000   97.23000000  112.34000000   153   361   364   365   366
   364  H     81.65000000   98.31000000  112.60000000   154   363
   365  H     82.29000000   96.67000000  112.94000000   154   363
   366  C     81.90000000   97.10000000  110.82000000   155   363   367   368   369
   367  H     81.07000000   97.44000000  110.17000000   156   366
   368  H     82.76000000   97.77000000  110.63000000   156   366
   369  C     82.32000000   95.70000000  110.35000000   157   366   370   371
   370  O     81.71000000   94.70000000  110.78000000   158   369
   371  O     83.24000000   95.64000000  109.49000000   158   369
   372  C     79.08000000   97.46000000  111.87000000     9   361   373   374
   373  O     78.98000000   98.68000000  111.81000000    11   372
   374  N     78.24000000   96.67000000  111.16000000     7   372   375   376
   375  HN    78.37000000   95.67000000  111.17000000    10   374
   376  CA    77.20000000   97.21000000  110.28000000     8   374   377   378   392
   377  H     77.37000000   98.26000000  110.12000000    12   376
   378  C     77.19000000   96.49000000  108.91000000    61   376   379   380   381
   379  H     77.02000000   95.40000000  109.04000000    62   378
   380  H     76.41000000   96.90000000  108.24000000    62   378
   381  C     78.52000000   96.71000000  108.25000000    63   378   382   388
   382  C     78.90000000   98.00000000  107.81000000    64   381   383   384
   383  H     78.21000000   98.82000000  107.91000000    65   382
   384  C     80.19000000   98.22000000  107.30000000    66   382   385   386
   385  H     80.49000000   99.21000000  107.00000000    67   384
   386  C     81.10000000   97.16000000  107.21000000    68   384   387   390
   387  H     82.10000000   97.34000000  106.85000000    69   386
   388  C     79.43000000   95.66000000  108.12000000    64   381   389   390
   389  H     79.16000000   94.68000000  108.47000000    65   388
   390  C     80.71000000   95.88000000  107.59000000    66   386   388   391
   391  H     81.42000000   95.06000000  107.55000000    67   390
   392  C     75.81000000   97.11000000  110.88000000     9   376   393   394
   393  O     74.85000000   97.58000000  110.27000000    11   392
   394  N     75.70000000   96.53000000  112.08000000     7   392   395   396
   395  HN    76.54000000   96.18000000  112.50000000    10   394
   396  CA    74.48000000   96.26000000  112.84000000     8   394   397   398   410
   397  H     74.67000000   95.33000000  113.33000000    12   396
   398  C     74.25000000   97.31000000  113.96000000   106   396   399   400   403
   399  H     74.11000000   98.32000000  113.52000000   107   398
   400  H     73.33000000   97.06000000  114.54000000   107   398
   401  C     76.18000000   98.34000000  115.36000000   111   402   403   404
   402  H     76.10000000   99.40000000  115.14000000   112   401
   403  C     75.39000000   97.33000000  114.94000000   108   398   401   406
   404  N     77.11000000   97.79000000  116.21000000   115   401   405   408
   405  HN    77.80000000   98.29000000  116.75000000   116   404
   406  N     75.85000000   96.19000000  115.54000000   109   403   407   408
   407  HN    75.42000000   95.25000000  115.48000000   110   406
   408  C     76.88000000   96.49000000  116.31000000   113   404   406   409
   409  H     77.44000000   95.78000000  116.91000000   114   408
   410  C     73.20000000   95.99000000  112.05000000     9   396   411   412
   411  O     72.22000000   96.73000000  112.13000000    11   410
   412  N     73.20000000   94.89000000  111.28000000     7   410   413   414
   413  HN    73.99000000   94.28000000  111.29000000    10   412
   414  CA    72.09000000   94.46000000  110.46000000     8   412   415   416   429
   415  H     71.63000000   95.33000000  110.01000000    12   414
   416  C     72.55000000   93.46000000  109.37000000    19   414   417   418   419
   417  H     72.88000000   92.53000000  109.87000000    20   416
   418  H     71.70000000   93.21000000  108.70000000    20   416
   419  C     73.73000000   93.95000000  108.50000000    21   416   420   421   425
   420  H     74.59000000   94.22000000  109.17000000    22   419
   421  C     74.22000000   92.82000000  107.59000000    23   419   422   423   424
   422  H     75.14000000   93.12000000  107.06000000    24   421
   423  H     74.45000000   91.91000000  108.19000000    24   421
   424  H     73.44000000   92.55000000  106.84000000    24   421
   425  C     73.37000000   95.19000000  107.67000000    23   419   426   427   428
   426  H     74.24000000   95.51000000  107.05000000    24   425
   427  H     72.52000000   94.97000000  106.99000000    24   425
   428  H     73.09000000   96.04000000  108.33000000    24   425
   429  C     71.03000000   93.79000000  111.31000000     9   414   430   431
   430  O     69.87000000   93.66000000  110.93000000    11   429
   431  N     71.40000000   93.36000000  112.53000000     7   429   432   433
   432  HN    72.37000000   93.37000000  112.80000000    10   431
   433  CA    70.52000000   92.89000000  113.57000000     8   431   434   435   444
   434  H     69.92000000   92.11000000  113.13000000    12   433
   435  C     71.34000000   92.24000000  114.71000000   153   433   436   437   438
   436  H     70.62000000   91.86000000  115.47000000   154   435
   437  H     71.88000000   91.35000000  114.31000000   154   435
   438  C     72.36000000   93.15000000  115.46000000   155   435   439   440   441
   439  H     71.91000000   94.14000000  115.68000000   156   438
   440  H     72.57000000   92.67000000  116.44000000   156   438
   441  C     73.71000000   93.35000000  114.80000000   157   438   442   443
   442  O     74.62000000   93.87000000  115.50000000   158   441
   443  O     73.89000000   93.06000000  113.59000000   158   441
   444  C     69.50000000   93.91000000  114.05000000     9   433   445   446
   445  O     68.36000000   93.56000000  114.33000000    11   444
   446  N     69.87000000   95.21000000  114.09000000     7   444   447   448
   447  HN    70.80000000   95.47000000  113.87000000    10   446
   448  CA    69.00000000   96.28000000  114.55000000     8   446   449   450   456
   449  H     68.23000000   95.88000000  115.20000000    12   448
   450  C     69.86000000   97.31000000  115.32000000   137   448   451   452   453
   451  H     70.66000000   97.73000000  114.68000000   138   450
   452  H     69.22000000   98.14000000  115.69000000   138   450
   453  C     70.47000000   96.65000000  116.54000000   139   450   454   455
   454  O     69.72000000   96.09000000  117.38000000   140   453
   455  O     71.72000000   96.73000000  116.70000000   140   453
   456  C     68.27000000   96.96000000  113.39000000     9   448   457   458
   457  O     67.61000000   97.99000000  113.53000000    11   456
   458  N     68.33000000   96.36000000  112.18000000     7   456   459   460
   459  HN    68.85000000   95.52000000  112.08000000    10   458
   460  CA    67.53000000   96.78000000  111.05000000     8   458   461   462   475
   461  H     67.41000000   97.85000000  111.08000000    12   460
   462  C     68.20000000   96.44000000  109.71000000    25   460   463   464   468
   463  H     68.59000000   95.40000000  109.77000000    26   462
   464  C     67.21000000   96.48000000  108.53000000    29   462   465   466   467
   465  H     67.72000000   96.36000000  107.55000000    30   464
   466  H     66.48000000   95.65000000  108.60000000    30   464
   467  H     66.64000000   97.44000000  108.52000000    30   464
   468  C     69.42000000   97.38000000  109.51000000    27   462   469   470   471
   469  H     69.07000000   98.44000000  109.51000000    28   468
   470  H     70.10000000   97.26000000  110.39000000    28   468
   471  C     70.22000000   97.09000000  108.24000000    31   468   472   473   474
   472  H     71.17000000   97.67000000  108.24000000    32   471
   473  H     70.46000000   96.01000000  108.17000000    32   471
   474  H     69.63000000   97.38000000  107.35000000    32   471
   475  C     66.13000000   96.18000000  111.14000000     9   460   476   477
   476  O     65.95000000   95.01000000  111.44000000    11   475
   477  N     65.07000000   96.98000000  110.92000000     7   475   478   479
   478  HN    65.20000000   97.98000000  110.84000000    10   477
   479  CA    63.72000000   96.48000000  110.84000000     8   477   480   481   485
   480  H     63.50000000   95.99000000  111.78000000    12   479
   481  C     62.73000000   97.65000000  110.69000000    13   479   482   483   484
   482  H     61.68000000   97.29000000  110.71000000    14   481
   483  H     62.86000000   98.36000000  111.54000000    14   481
   484  H     62.90000000   98.21000000  109.75000000    14   481
   485  C     63.51000000   95.43000000  109.74000000     9   479   486   487
   486  O     63.92000000   95.57000000  108.58000000    11   485
   487  N     62.87000000   94.31000000  110.12000000     7   485   488   489
   488  HN    62.53000000   94.25000000  111.07000000    10   487
   489  CA    62.65000000   93.11000000  109.32000000     8   487   490   491   499
   490  H     63.62000000   92.75000000  109.01000000    12   489
   491  C     61.96000000   91.99000000  110.10000000    37   489   492   493   495
   492  H     60.89000000   92.25000000  110.30000000    38   491
   493  OH    62.58000000   91.80000000  111.36000000    39   491   494
   494  HO    62.32000000   92.56000000  111.92000000    40   493
   495  C     62.04000000   90.64000000  109.37000000    41   491   496   497   498
   496  H     61.64000000   89.83000000  110.02000000    42   495
   497  H     61.46000000   90.64000000  108.43000000    42   495
   498  H     63.10000000   90.40000000  109.13000000    42   495
   499  C     61.84000000   93.38000000  108.06000000     9   489   500   501
   500  O     60.90000000   94.17000000  108.06000000    11   499
   501  N     62.21000000   92.74000000  106.94000000     7   499   502   503
   502  HN    63.03000000   92.16000000  106.92000000    10   501
   503  CA    61.43000000   92.80000000  105.72000000     8   501   504   505   514
   504  H     60.46000000   93.23000000  105.94000000    12   503
   505  C     62.08000000   93.69000000  104.64000000   153   503   506   507   508
   506  H     63.14000000   93.36000000  104.48000000   154   505
   507  H     61.54000000   93.57000000  103.67000000   154   505
   508  C     62.05000000   95.19000000  105.01000000   155   505   509   510   511
   509  H     61.00000000   95.52000000  105.16000000   156   508
   510  H     62.61000000   95.36000000  105.95000000   156   508
   511  C     62.66000000   96.03000000  103.91000000   157   508   512   513
   512  O     63.81000000   96.52000000  104.09000000   158   511
   513  O     62.00000000   96.23000000  102.86000000   158   511
   514  C     61.15000000   91.42000000  105.18000000     9   503   515   516
   515  O     61.97000000   90.50000000  105.24000000    11   514
   516  N     59.96000000   91.25000000  104.60000000     7   514   517   518
   517  HN    59.34000000   92.04000000  104.53000000    10   516
   518  CA    59.45000000   90.01000000  104.06000000     8   516   519   520   538
   519  H     60.01000000   89.17000000  104.46000000    12   518
   520  C     57.98000000   89.90000000  104.49000000   202   518   521   522   523
   521  H     57.95000000   89.84000000  105.60000000   203   520
   522  H     57.46000000   90.84000000  104.20000000   203   520
   523  C     57.18000000   88.72000000  103.91000000   204   520   524   525   526
   524  H     57.17000000   88.80000000  102.80000000   205   523
   525  H     57.68000000   87.76000000  104.18000000   205   523
   526  C     55.74000000   88.72000000  104.43000000   206   523   527   528   529
   527  H     55.71000000   88.48000000  105.51000000   207   526
   528  H     55.24000000   89.69000000  104.23000000   207   526
   529  N     55.06000000   87.65000000  103.65000000   208   526   530   531
   530  HN    55.50000000   87.27000000  102.81000000   209   529
   531  C     53.84000000   87.21000000  103.85000000   210   529   532   535
   532  N     53.02000000   87.67000000  104.77000000   211   531   533   534
   533  HN    53.36000000   88.34000000  105.42000000   212   532
   534  HN    52.21000000   87.11000000  104.91000000   212   532
   535  N     53.41000000   86.24000000  103.08000000   211   531   536   537
   536  HN    53.99000000   85.97000000  102.31000000   212   535
   537  HN    52.46000000   85.94000000  103.21000000   212   535
   538  C     59.59000000   89.97000000  102.54000000     9   518   539   540
   539  O     59.36000000   90.96000000  101.85000000    11   538
   540  N     60.03000000   88.83000000  101.96000000     7   538   541   542
   541  HN    60.26000000   88.02000000  102.50000000    10   540
   542  CA    60.20000000   88.70000000  100.52000000     8   540   543   544   548
   543  H     59.40000000   89.20000000  100.00000000    12   542
   544  C     61.58000000   89.23000000  100.08000000    13   542   545   546   547
   545  H     61.78000000   89.02000000   99.00000000    14   544
   546  H     61.63000000   90.32000000  100.22000000    14   544
   547  H     62.39000000   88.76000000  100.68000000    14   544
   548  C     60.13000000   87.23000000  100.16000000     9   542   549   550
   549  O     60.40000000   86.38000000  100.99000000    11   548
   550  N     59.78000000   86.87000000   98.91000000     7   548   551   552
   551  HN    59.49000000   87.56000000   98.24000000    10   550
   552  CA    59.82000000   85.47000000   98.50000000     8   550   553   554   562
   553  H     59.83000000   84.86000000   99.38000000    12   552
   554  C     58.60000000   84.94000000   97.75000000    37   552   555   556   558
   555  H     57.70000000   85.16000000   98.37000000    38   554
   556  OH    58.65000000   83.52000000   97.55000000    39   554   557
   557  HO    59.02000000   83.41000000   96.65000000    40   556
   558  C     58.40000000   85.62000000   96.39000000    41   554   559   560   561
   559  H     57.52000000   85.18000000   95.88000000    42   558
   560  H     58.24000000   86.71000000   96.53000000    42   558
   561  H     59.28000000   85.48000000   95.73000000    42   558
   562  C     61.11000000   85.12000000   97.80000000     9   552   563   564
   563  O     61.60000000   85.85000000   96.94000000    11   562
   564  N     61.71000000   83.99000000   98.21000000     7   562   565   566
   565  HN    61.30000000   83.43000000   98.92000000    10   564
   566  CA    62.93000000   83.45000000   97.63000000     8   564   567   568   586
   567  H     63.50000000   84.27000000   97.20000000    12   566
   568  C     63.80000000   82.79000000   98.73000000   202   566   569   570   571
   569  H     64.04000000   83.57000000   99.49000000   203   568
   570  H     63.19000000   82.01000000   99.25000000   203   568
   571  C     65.11000000   82.15000000   98.23000000   204   568   572   573   574
   572  H     64.89000000   81.30000000   97.55000000   205   571
   573  H     65.65000000   82.92000000   97.62000000   205   571
   574  C     66.08000000   81.68000000   99.33000000   206   571   575   576   577
   575  H     66.99000000   81.25000000   98.87000000   207   574
   576  H     66.36000000   82.52000000  100.00000000   207   574
   577  N     65.40000000   80.62000000  100.14000000   208   574   578   579
   578  HN    64.44000000   80.34000000   99.97000000   209   577
   579  C     66.02000000   79.83000000  101.01000000   210   577   580   583
   580  N     67.30000000   79.90000000  101.28000000   211   579   581   582
   581  HN    67.90000000   80.50000000  100.75000000   212   580
   582  HN    67.70000000   79.07000000  101.72000000   212   580
   583  N     65.30000000   78.91000000  101.61000000   211   579   584   585
   584  HN    64.31000000   78.88000000  101.40000000   212   583
   585  HN    65.69000000   78.32000000  102.32000000   212   583
   586  C     62.61000000   82.48000000   96.51000000     9   566   587   588
   587  O     61.92000000   81.48000000   96.70000000    11   586
   588  N     63.13000000   82.76000000   95.30000000     7   586   589   590
   589  HN    63.67000000   83.60000000   95.20000000    10   588
   590  CA    62.99000000   81.94000000   94.12000000     8   588   591   592   603
   591  H     62.16000000   81.25000000   94.23000000    12   590
   592  C     62.75000000   82.83000000   92.86000000   127   590   593   594   596
   593  H     63.62000000   83.49000000   92.72000000   128   592
   594  H     62.67000000   82.19000000   91.96000000   128   592
   595  N     60.35000000   83.26000000   92.39000000   130   596   597
   596  C     61.54000000   83.73000000   92.92000000   129   592   595   601
   597  C     59.53000000   84.30000000   92.39000000   133   595   598   599
   598  H     58.50000000   84.29000000   92.04000000   134   597
   599  N     60.13000000   85.41000000   92.89000000   135   597   600   601
   600  HN    59.68000000   86.30000000   93.01000000   136   599
   601  C     61.42000000   85.05000000   93.23000000   131   596   599   602
   602  H     62.16000000   85.73000000   93.63000000   132   601
   603  C     64.28000000   81.15000000   93.92000000     9   590   604   605
   604  O     65.33000000   81.74000000   93.65000000    11   603
   605  N     64.24000000   79.81000000   94.07000000     7   603   606   607
   606  HN    63.37000000   79.37000000   94.31000000    10   605
   607  CA    65.36000000   78.91000000   93.85000000     8   605   608   609   627
   608  H     66.27000000   79.49000000   93.71000000    12   607
   609  C     65.60000000   77.93000000   95.04000000   202   607   610   611   612
   610  H     64.61000000   77.61000000   95.43000000   203   609
   611  H     66.14000000   77.02000000   94.70000000   203   609
   612  C     66.46000000   78.52000000   96.18000000   204   609   613   614   615
   613  H     67.46000000   78.77000000   95.76000000   205   612
   614  H     66.01000000   79.47000000   96.54000000   205   612
   615  C     66.69000000   77.56000000   97.36000000   206   612   616   617   618
   616  H     67.00000000   76.56000000   96.99000000   207   615
   617  H     67.46000000   77.96000000   98.06000000   207   615
   618  N     65.39000000   77.47000000   98.10000000   208   615   619   620
   619  HN    64.64000000   78.09000000   97.83000000   209   618
   620  C     65.07000000   76.52000000   98.97000000   210   618   621   624
   621  N     65.87000000   75.52000000   99.25000000   211   620   622   623
   622  HN    66.84000000   75.56000000   99.01000000   212   621
   623  HN    65.60000000   74.84000000   99.95000000   212   621
   624  N     63.90000000   76.59000000   99.58000000   211   620   625   626
   625  HN    63.42000000   77.47000000   99.57000000   212   624
   626  HN    63.70000000   75.97000000  100.33000000   212   624
   627  C     65.20000000   78.10000000   92.57000000     9   607   628   629
   628  O     64.09000000   77.75000000   92.18000000    11   627
   629  N     66.32000000   77.78000000   91.89000000     7   627   630   631
   630  HN    67.22000000   78.08000000   92.24000000    10   629
   631  CA    66.34000000   77.05000000   90.63000000     8   629   632   633   648
   632  H     65.33000000   76.83000000   90.32000000    12   631
   633  C     67.03000000   77.93000000   89.54000000    70   631   634   635   636
   634  H     66.48000000   78.89000000   89.47000000    71   633
   635  H     68.07000000   78.16000000   89.84000000    71   633
   636  C     67.05000000   77.31000000   88.15000000    72   633   637   644
   637  C     65.95000000   77.51000000   87.30000000    73   636   638   639
   638  H     65.09000000   78.04000000   87.66000000    74   637
   639  C     65.94000000   76.96000000   86.01000000    75   637   640   641
   640  H     65.08000000   77.10000000   85.38000000    76   639
   641  C     67.06000000   76.26000000   85.53000000    77   639   642   646
   642  OH    67.04000000   75.76000000   84.22000000    78   641   643
   643  HO    67.86000000   75.27000000   84.07000000    79   642
   644  C     68.15000000   76.59000000   87.67000000    73   636   645   646
   645  H     68.99000000   76.41000000   88.31000000    74   644
   646  C     68.17000000   76.08000000   86.36000000    75   641   644   647
   647  H     69.04000000   75.55000000   86.00000000    76   646
   648  C     67.07000000   75.72000000   90.79000000     9   631   649   650
   649  O     68.24000000   75.67000000   91.19000000    11   648
   650  N     66.40000000   74.61000000   90.44000000     7   648   651   652
   651  HN    65.46000000   74.69000000   90.09000000    10   650
   652  CA    66.99000000   73.29000000   90.36000000     8   650   653   654   662
   653  H     67.90000000   73.28000000   90.94000000    12   652
   654  C     66.04000000   72.22000000   90.94000000   147   652   655   656   657
   655  H     65.75000000   72.53000000   91.96000000   148   654
   656  H     65.12000000   72.15000000   90.32000000   148   654
   657  C     66.70000000   70.84000000   91.04000000   149   654   658   659
   658  O     67.83000000   70.62000000   90.59000000   150   657
   659  N     66.00000000   69.89000000   91.70000000   151   657   660   661
   660  HN    65.06000000   70.08000000   91.98000000   152   659
   661  HN    66.43000000   69.00000000   91.85000000   152   659
   662  C     67.36000000   73.01000000   88.90000000     9   652   663   664
   663  O     66.50000000   72.90000000   88.02000000    11   662
   664  N     68.66000000   72.90000000   88.60000000     7   662   665   666
   665  HN    69.35000000   73.00000000   89.33000000    10   664
   666  CA    69.16000000   72.74000000   87.25000000     8   664   667   668   672
   667  H     68.64000000   73.43000000   86.60000000    12   666
   668  C     70.66000000   73.08000000   87.25000000    13   666   669   670   671
   669  H     71.09000000   72.98000000   86.23000000    14   668
   670  H     70.81000000   74.13000000   87.57000000    14   668
   671  H     71.22000000   72.42000000   87.95000000    14   668
   672  C     68.92000000   71.35000000   86.67000000     9   666   673   674
   673  O     68.91000000   71.18000000   85.45000000    11   672
   674  N     68.69000000   70.33000000   87.51000000     7   672   675   676
   675  HN    68.70000000   70.47000000   88.50000000    10   674
   676  CA    68.37000000   68.99000000   87.04000000     8   674   677   678   688
   677  H     68.95000000   68.79000000   86.15000000    12   676
   678  C     68.75000000   67.95000000   88.09000000    15   676   679   680   684
   679  H     68.30000000   68.22000000   89.07000000    16   678
   680  C     68.26000000   66.54000000   87.70000000    17   678   681   682   683
   681  H     68.65000000   65.79000000   88.43000000    18   680
   682  H     67.15000000   66.47000000   87.71000000    18   680
   683  H     68.62000000   66.27000000   86.69000000    18   680
   684  C     70.28000000   67.95000000   88.22000000    17   678   685   686   687
   685  H     70.61000000   67.14000000   88.90000000    18   684
   686  H     70.76000000   67.78000000   87.23000000    18   684
   687  H     70.65000000   68.91000000   88.63000000    18   684
   688  C     66.92000000   68.84000000   86.60000000     9   676   689   690
   689  O     66.63000000   68.16000000   85.62000000    11   688
   690  N     65.96000000   69.48000000   87.30000000     7   688   691   692
   691  HN    66.17000000   70.03000000   88.10000000    10   690
   692  CA    64.53000000   69.25000000   87.04000000     8   690   693   694   702
   693  H     64.40000000   68.36000000   86.44000000    12   692
   694  C     63.74000000   69.07000000   88.34000000    37   692   695   696   698
   695  H     62.65000000   68.95000000   88.12000000    38   694
   696  OH    63.93000000   70.16000000   89.23000000    39   694   697
   697  HO    63.24000000   70.06000000   89.91000000    40   696
   698  C     64.22000000   67.81000000   89.05000000    41   694   699   700   701
   699  H     63.61000000   67.62000000   89.96000000    42   698
   700  H     64.13000000   66.93000000   88.38000000    42   698
   701  H     65.28000000   67.91000000   89.37000000    42   698
   702  C     63.87000000   70.38000000   86.29000000     9   692   703   704
   703  O     62.76000000   70.24000000   85.77000000    11   702
   704  N     64.53000000   71.56000000   86.20000000     1   702   705   706
   705  HN    65.43000000   71.64000000   86.63000000     4   704
   706  CA    63.98000000   72.74000000   85.55000000     2   704   707   708   709
   707  H     64.73000000   73.51000000   85.57000000     6   706
   708  H     63.70000000   72.46000000   84.54000000     6   706
   709  C     62.74000000   73.31000000   86.19000000     3   706   710   711
   710  O     61.89000000   73.89000000   85.52000000     5   709
   711  N     62.58000000   73.14000000   87.52000000     7   709   712   713
   712  HN    63.27000000   72.65000000   88.04000000    10   711
   713  CA    61.43000000   73.61000000   88.26000000     8   711   714   715   724
   714  H     60.69000000   74.03000000   87.60000000    12   713
   715  C     60.79000000   72.43000000   89.04000000   153   713   716   717   718
   716  H     61.53000000   72.03000000   89.76000000   154   715
   717  H     59.91000000   72.79000000   89.62000000   154   715
   718  C     60.33000000   71.28000000   88.11000000   155   715   719   720   721
   719  H     59.54000000   71.63000000   87.42000000   156   718
   720  H     61.19000000   70.92000000   87.50000000   156   718
   721  C     59.82000000   70.07000000   88.87000000   157   718   722   723
   722  O     60.64000000   69.47000000   89.62000000   158   721
   723  O     58.63000000   69.71000000   88.70000000   158   721
   724  C     61.84000000   74.69000000   89.26000000     9   713   725   726
   725  O     62.53000000   74.42000000   90.24000000    11   724
   726  N     61.41000000   75.95000000   89.03000000     7   724   727   728
   727  HN    60.87000000   76.16000000   88.23000000    10   726
   728  CA    61.55000000   77.03000000   90.01000000     8   726   729   730   748
   729  H     62.60000000   77.07000000   90.28000000    12   728
   730  C     61.12000000   78.41000000   89.43000000    89   728   731   732   733
   731  H     60.15000000   78.28000000   88.90000000    90   730
   732  H     60.94000000   79.13000000   90.25000000    90   730
   733  C     62.11000000   79.06000000   88.50000000    91   730   734   739
   734  C     62.07000000   79.08000000   87.13000000    92   733   735   736
   735  H     61.29000000   78.62000000   86.54000000    93   734
   736  N     63.14000000   79.81000000   86.65000000    95   734   737   738
   737  HN    63.30000000   80.06000000   85.72000000    96   736
   738  C     63.87000000   80.28000000   87.70000000    97   736   739   744
   739  C     63.24000000   79.85000000   88.89000000    94   733   738   740
   740  C     63.76000000   80.24000000   90.12000000    98   739   741   742
   741  H     63.29000000   79.92000000   91.04000000    99   740
   742  C     64.90000000   81.04000000   90.15000000   102   740   743   746
   743  H     65.32000000   81.36000000   91.09000000   103   742
   744  C     65.04000000   81.02000000   87.72000000   100   738   745   746
   745  H     65.54000000   81.31000000   86.81000000   101   744
   746  C     65.53000000   81.42000000   88.96000000   104   742   744   747
   747  H     66.40000000   82.05000000   89.02000000   105   746
   748  C     60.78000000   76.75000000   91.30000000     9   728   749   750
   749  O     59.66000000   76.26000000   91.27000000    11   748
   750  N     61.37000000   77.09000000   92.46000000     7   748   751   752
   751  HN    62.31000000   77.43000000   92.46000000    10   750
   752  CA    60.74000000   76.88000000   93.75000000     8   750   753   754   767
   753  H     59.75000000   76.46000000   93.61000000    12   752
   754  C     61.57000000   75.90000000   94.62000000    19   752   755   756   757
   755  H     61.65000000   74.94000000   94.07000000    20   754
   756  H     62.60000000   76.31000000   94.73000000    20   754
   757  C     61.00000000   75.61000000   96.03000000    21   754   758   759   763
   758  H     60.89000000   76.57000000   96.59000000    22   757
   759  C     59.62000000   74.94000000   95.95000000    23   757   760   761   762
   760  H     59.22000000   74.79000000   96.98000000    24   759
   761  H     58.90000000   75.57000000   95.39000000    24   759
   762  H     59.69000000   73.96000000   95.45000000    24   759
   763  C     61.96000000   74.73000000   96.84000000    23   757   764   765   766
   764  H     61.55000000   74.57000000   97.86000000    24   763
   765  H     62.07000000   73.74000000   96.35000000    24   763
   766  H     62.95000000   75.21000000   96.92000000    24   763
   767  C     60.55000000   78.20000000   94.49000000     9   752   768   769
   768  O     61.51000000   78.94000000   94.72000000    11   767
   769  N     59.30000000   78.50000000   94.88000000     7   767   770   771
   770  HN    58.53000000   77.91000000   94.61000000    10   769
   771  CA    58.94000000   79.62000000   95.73000000     8   769   772   773   779
   772  H     59.78000000   80.29000000   95.77000000    12   771
   773  C     57.75000000   80.42000000   95.11000000   137   771   774   775   776
   774  H     57.44000000   81.26000000   95.75000000   138   773
   775  H     58.10000000   80.83000000   94.13000000   138   773
   776  C     56.53000000   79.58000000   94.80000000   139   773   777   778
   777  O     55.74000000   80.00000000   93.93000000   140   776
   778  O     56.32000000   78.52000000   95.44000000   140   776
   779  C     58.73000000   79.18000000   97.18000000     9   771   780   781
   780  O     58.60000000   77.99000000   97.50000000    11   779
   781  N     58.81000000   80.14000000   98.13000000     7   779   782   783
   782  HN    58.78000000   81.10000000   97.86000000    10   781
   783  CA    59.32000000   79.85000000   99.46000000     8   781   784   785   791
   784  H     59.04000000   78.84000000   99.75000000    12   783
   785  C     60.87000000   79.95000000   99.30000000   137   783   786   787   788
   786  H     61.10000000   79.42000000   98.35000000   138   785
   787  H     61.18000000   81.00000000   99.18000000   138   785
   788  C     61.76000000   79.28000000  100.32000000   139   785   789   790
   789  O     61.35000000   78.80000000  101.40000000   140   788
   790  O     62.98000000   79.25000000  100.01000000   140   788
   791  C     58.76000000   80.79000000  100.52000000     9   783   792   793
   792  O     58.11000000   80.35000000  101.47000000    11   791
   793  N     58.99000000   82.12000000  100.38000000     7   791   794   795
   794  HN    59.35000000   82.43000000   99.51000000    10   793
   795  CA    58.68000000   83.16000000  101.36000000     8   793   796   797   806
   796  H     58.80000000   84.09000000  100.85000000    12   795
   797  C     57.20000000   83.16000000  101.84000000   153   795   798   799   800
   798  H     56.56000000   82.72000000  101.04000000   154   797
   799  H     57.11000000   82.49000000  102.72000000   154   797
   800  C     56.67000000   84.57000000  102.20000000   155   797   801   802   803
   801  H     55.84000000   84.46000000  102.94000000   156   800
   802  H     57.47000000   85.18000000  102.68000000   156   800
   803  C     56.10000000   85.36000000  101.03000000   157   800   804   805
   804  O     55.95000000   84.85000000   99.90000000   158   803
   805  O     55.73000000   86.55000000  101.25000000   158   803
   806  C     59.69000000   83.16000000  102.52000000     9   795   807   808
   807  O     59.79000000   82.20000000  103.28000000    11   806
   808  N     60.49000000   84.23000000  102.66000000     7   806   809   810
   809  HN    60.38000000   85.04000000  102.08000000    10   808
   810  CA    61.59000000   84.33000000  103.62000000     8   808   811   812   822
   811  H     61.44000000   83.60000000  104.40000000    12   810
   812  C     62.98000000   84.08000000  103.00000000    15   810   813   814   818
   813  H     63.76000000   84.19000000  103.79000000    16   812
   814  C     63.07000000   82.63000000  102.49000000    17   812   815   816   817
   815  H     64.10000000   82.41000000  102.12000000    18   814
   816  H     62.83000000   81.92000000  103.30000000    18   814
   817  H     62.36000000   82.46000000  101.65000000    18   814
   818  C     63.30000000   85.10000000  101.88000000    17   812   819   820   821
   819  H     64.33000000   84.91000000  101.49000000    18   818
   820  H     62.59000000   84.99000000  101.04000000    18   818
   821  H     63.26000000   86.14000000  102.25000000    18   818
   822  C     61.58000000   85.70000000  104.31000000     9   810   823   824
   823  O     60.93000000   86.65000000  103.87000000    11   822
   824  N     62.33000000   85.82000000  105.42000000     7   822   825   826
   825  HN    62.87000000   85.03000000  105.75000000    10   824
   826  CA    62.47000000   87.03000000  106.20000000     8   824   827   828   841
   827  H     61.93000000   87.84000000  105.73000000    12   826
   828  C     61.97000000   86.86000000  107.66000000    19   826   829   830   831
   829  H     62.54000000   86.04000000  108.14000000    20   828
   830  H     62.16000000   87.80000000  108.23000000    20   828
   831  C     60.47000000   86.53000000  107.79000000    21   828   832   833   837
   832  H     60.26000000   85.56000000  107.27000000    22   831
   833  C     60.10000000   86.35000000  109.27000000    23   831   834   835   836
   834  H     59.04000000   86.03000000  109.36000000    24   833
   835  H     60.75000000   85.59000000  109.73000000    24   833
   836  H     60.23000000   87.31000000  109.82000000    24   833
   837  C     59.58000000   87.62000000  107.15000000    23   831   838   839   840
   838  H     58.51000000   87.41000000  107.35000000    24   837
   839  H     59.83000000   88.61000000  107.58000000    24   837
   840  H     59.73000000   87.65000000  106.06000000    24   837
   841  C     63.93000000   87.45000000  106.24000000     9   826   842   843
   842  O     64.83000000   86.65000000  106.50000000    11   841
   843  N     64.20000000   88.73000000  105.97000000     7   841   844   845
   844  HN    63.47000000   89.39000000  105.79000000    10   843
   845  CA    65.55000000   89.25000000  105.88000000     8   843   846   847   860
   846  H     66.23000000   88.59000000  106.41000000    12   845
   847  C     66.05000000   89.40000000  104.43000000    25   845   848   849   853
   848  H     67.09000000   89.80000000  104.45000000    26   847
   849  C     66.12000000   88.01000000  103.75000000    29   847   850   851   852
   850  H     66.64000000   88.07000000  102.77000000    30   849
   851  H     66.66000000   87.29000000  104.39000000    30   849
   852  H     65.09000000   87.61000000  103.58000000    30   849
   853  C     65.17000000   90.37000000  103.61000000    27   847   854   855   856
   854  H     64.16000000   89.92000000  103.53000000    28   853
   855  H     65.06000000   91.35000000  104.13000000    28   853
   856  C     65.71000000   90.64000000  102.20000000    31   853   857   858   859
   857  H     65.07000000   91.40000000  101.69000000    32   856
   858  H     66.74000000   91.04000000  102.25000000    32   856
   859  H     65.70000000   89.72000000  101.59000000    32   856
   860  C     65.63000000   90.59000000  106.57000000     9   845   861   862
   861  O     64.63000000   91.26000000  106.82000000    11   860
   862  N     66.86000000   91.02000000  106.89000000     7   860   863   864
   863  HN    67.64000000   90.40000000  106.78000000    10   862
   864  CA    67.18000000   92.37000000  107.30000000     8   862   865   866   882
   865  H     66.31000000   93.01000000  107.19000000    12   864
   866  C     67.64000000   92.43000000  108.78000000   182   864   867   868   869
   867  H     68.48000000   91.71000000  108.93000000   183   866
   868  H     68.02000000   93.44000000  109.01000000   183   866
   869  C     66.50000000   92.10000000  109.76000000   184   866   870   871   872
   870  H     65.72000000   92.88000000  109.64000000   185   869
   871  H     66.05000000   91.12000000  109.50000000   185   869
   872  C     66.92000000   92.08000000  111.25000000   186   869   873   874   875
   873  H     67.65000000   91.26000000  111.43000000   187   872
   874  H     67.43000000   93.04000000  111.47000000   187   872
   875  C     65.71000000   91.92000000  112.18000000   188   872   876   877   878
   876  H     64.92000000   92.65000000  111.90000000   189   875
   877  H     65.29000000   90.89000000  112.10000000   189   875
   878  N     66.05000000   92.16000000  113.59000000   190   875   879   880   881
   879  HN    65.50000000   91.50000000  114.21000000   191   878
   880  HN    67.06000000   92.03000000  113.79000000   191   878
   881  HN    65.79000000   93.15000000  113.87000000   191   878
   882  C     68.24000000   92.90000000  106.35000000     9   864   883   884
   883  O     69.34000000   92.36000000  106.27000000    11   882
   884  N     67.92000000   93.95000000  105.55000000     7   882   885   886
   885  HN    67.03000000   94.41000000  105.65000000    10   884
   886  CA    68.79000000   94.43000000  104.49000000     8   884   887   888   899
   887  H     69.68000000   93.83000000  104.44000000    12   886
   888  C     68.08000000   94.36000000  103.10000000   175   886   889   890   891
   889  H     67.72000000   93.31000000  102.97000000   176   888
   890  H     67.19000000   95.02000000  103.11000000   176   888
   891  C     68.99000000   94.72000000  101.90000000   177   888   892   893   894
   892  H     69.47000000   95.70000000  102.08000000   178   891
   893  H     69.81000000   93.97000000  101.85000000   178   891
   894  S     68.17000000   94.83000000  100.27000000   179   891   895
   895  C     67.60000000   93.11000000  100.14000000   180   894   896   897   898
   896  H     67.25000000   92.89000000   99.10000000   181   895
   897  H     68.42000000   92.39000000  100.38000000   181   895
   898  H     66.76000000   92.92000000  100.83000000   181   895
   899  C     69.22000000   95.86000000  104.76000000     9   886   900   901
   900  O     68.43000000   96.73000000  105.11000000    11   899
   901  N     70.53000000   96.15000000  104.58000000     7   899   902   903
   902  HN    71.17000000   95.43000000  104.31000000    10   901
   903  CA    71.07000000   97.49000000  104.70000000     8   901   904   905   909
   904  H     70.88000000   97.84000000  105.70000000    12   903
   905  C     72.59000000   97.43000000  104.46000000    13   903   906   907   908
   906  H     73.05000000   98.43000000  104.57000000    14   905
   907  H     73.06000000   96.74000000  105.19000000    14   905
   908  H     72.79000000   97.04000000  103.44000000    14   905
   909  C     70.44000000   98.50000000  103.74000000     9   903   910   911
   910  O     70.18000000   98.19000000  102.57000000    11   909
   911  N     70.16000000   99.74000000  104.18000000     7   909   912   913
   912  HN    70.38000000  100.01000000  105.12000000    10   911
   913  CA    69.50000000  100.73000000  103.32000000     8   911   914   915   920
   914  H     68.78000000  100.21000000  102.71000000    12   913
   915  C     68.70000000  101.84000000  104.06000000    33   913   916   917   918
   916  H     68.23000000  102.53000000  103.32000000    34   915
   917  H     67.88000000  101.35000000  104.63000000    34   915
   918  OH    69.51000000  102.59000000  104.98000000    35   915   919
   919  HO    69.14000000  103.49000000  105.01000000    36   918
   920  C     70.46000000  101.38000000  102.34000000     9   913   921   922
   921  O     70.04000000  101.87000000  101.29000000    11   920
   922  N     71.77000000  101.38000000  102.63000000     7   920   923   924
   923  HN    72.07000000  101.01000000  103.50000000    10   922
   924  CA    72.79000000  101.87000000  101.73000000     8   922   925   926   937
   925  H     72.29000000  102.27000000  100.86000000    12   924
   926  C     73.61000000  103.03000000  102.36000000   167   924   927   928   929
   927  H     74.05000000  102.70000000  103.32000000   168   926
   928  H     74.46000000  103.28000000  101.68000000   168   926
   929  C     72.80000000  104.33000000  102.59000000   169   926   930   931   932
   930  H     72.02000000  104.15000000  103.37000000   170   929
   931  H     73.48000000  105.12000000  102.97000000   170   929
   932  C     72.16000000  104.84000000  101.30000000   171   929   933   934
   933  O     72.85000000  105.07000000  100.30000000   172   932
   934  N     70.82000000  105.01000000  101.28000000   173   932   935   936
   935  HN    70.28000000  104.82000000  102.10000000   174   934
   936  HN    70.38000000  105.25000000  100.41000000   174   934
   937  C     73.71000000  100.73000000  101.28000000     9   924   938   939
   938  O     74.17000000   99.96000000  102.13000000    11   937
   939  N     73.97000000  100.54000000   99.98000000    50   937   940   943
   940  C     73.61000000  101.51000000   98.93000000    59   939   941   942   948
   941  H     73.84000000  102.56000000   99.25000000    60   940
   942  H     72.52000000  101.42000000   98.71000000    60   940
   943  CA    74.92000000   99.55000000   99.47000000    51   939   944   945   951
   944  H     74.62000000   98.58000000   99.83000000    54   943
   945  C     74.78000000   99.66000000   97.95000000    55   943   946   947   948
   946  H     75.68000000   99.33000000   97.39000000    56   945
   947  H     73.92000000   99.03000000   97.63000000    56   945
   948  C     74.44000000  101.13000000   97.71000000    57   940   945   949   950
   949  H     75.36000000  101.75000000   97.66000000    58   948
   950  H     73.85000000  101.27000000   96.78000000    58   948
   951  C     76.35000000   99.75000000   99.95000000    52   943   952   953
   952  O     76.69000000  100.80000000  100.50000000    53   951
   953  N     77.22000000   98.74000000   99.74000000     7   951   954   955
   954  HN    76.89000000   97.90000000   99.30000000    10   953
   955  CA    78.62000000   98.79000000  100.14000000     8   953   956   957   971
   956  H     78.83000000   99.75000000  100.59000000    12   955
   957  C     78.94000000   97.69000000  101.21000000    61   955   958   959   960
   958  H     79.92000000   97.93000000  101.68000000    62   957
   959  H     78.16000000   97.74000000  102.00000000    62   957
   960  C     78.99000000   96.28000000  100.68000000    63   957   961   967
   961  C     77.80000000   95.60000000  100.36000000    64   960   962   963
   962  H     76.85000000   96.09000000  100.50000000    65   961
   963  C     77.84000000   94.31000000   99.84000000    66   961   964   965
   964  H     76.92000000   93.81000000   99.56000000    67   963
   965  C     79.07000000   93.65000000   99.68000000    68   963   966   969
   966  H     79.10000000   92.64000000   99.29000000    69   965
   967  C     80.21000000   95.60000000  100.54000000    64   960   968   969
   968  H     81.13000000   96.11000000  100.79000000    65   967
   969  C     80.26000000   94.29000000  100.05000000    66   965   967   970
   970  H     81.21000000   93.78000000   99.93000000    67   969
   971  C     79.53000000   98.69000000   98.93000000     9   955   972   973
   972  O     80.73000000   98.41000000   99.04000000    11   971
   973  N     79.01000000   98.94000000   97.71000000     1   971   974   975
   974  HN    78.05000000   99.18000000   97.64000000     4   973
   975  CA    79.82000000   98.95000000   96.50000000     2   973   976   977   978
   976  H     80.16000000   99.96000000   96.35000000     6   975
   977  H     80.62000000   98.23000000   96.59000000     6   975
   978  C     79.02000000   98.55000000   95.30000000     3   975   979   980
   979  O     77.82000000   98.24000000   95.38000000     5   978
   980  N     79.67000000   98.55000000   94.13000000     7   978   981   982
   981  HN    80.63000000   98.81000000   94.06000000    10   980
   982  CA    79.03000000   98.20000000   92.88000000     8   980   983   984  1002
   983  H     78.26000000   97.46000000   93.07000000    12   982
   984  C     78.38000000   99.44000000   92.19000000   202   982   985   986   987
   985  H     77.85000000   99.10000000   91.27000000   203   984
   986  H     77.61000000   99.84000000   92.88000000   203   984
   987  C     79.35000000  100.58000000   91.82000000   204   984   988   989   990
   988  H     79.92000000  100.91000000   92.72000000   205   987
   989  H     80.10000000  100.19000000   91.10000000   205   987
   990  C     78.71000000  101.81000000   91.15000000   206   987   991   992   993
   991  H     79.50000000  102.51000000   90.79000000   207   990
   992  H     78.08000000  101.52000000   90.28000000   207   990
   993  N     77.91000000  102.54000000   92.20000000   208   990   994   995
   994  HN    78.41000000  102.89000000   93.00000000   209   993
   995  C     76.59000000  102.69000000   92.23000000   210   993   996   999
   996  N     75.77000000  102.27000000   91.30000000   211   995   997   998
   997  HN    76.12000000  101.66000000   90.59000000   212   996
   998  HN    74.77000000  102.34000000   91.46000000   212   996
   999  N     76.05000000  103.27000000   93.28000000   211   995  1000  1001
  1000  HN    76.65000000  103.43000000   94.08000000   212   999
  1001  HN    75.15000000  102.89000000   93.53000000   212   999
  1002  C     80.04000000   97.54000000   91.97000000     9   982  1003  1004
  1003  O     81.24000000   97.81000000   92.02000000    11  1002
  1004  N     79.56000000   96.63000000   91.10000000     1  1002  1005  1006
  1005  HN    78.59000000   96.37000000   91.17000000     4  1004
  1006  CA    80.29000000   96.10000000   89.96000000     2  1004  1007  1008  1009
  1007  H     81.34000000   95.97000000   90.21000000     6  1006
  1008  H     79.81000000   95.18000000   89.67000000     6  1006
  1009  C     80.21000000   97.05000000   88.81000000     3  1006  1010  1011
  1010  O     80.00000000   98.25000000   88.98000000     5  1009
  1011  N     80.39000000   96.57000000   87.57000000     7  1009  1012  1013
  1012  HN    80.65000000   95.63000000   87.41000000    10  1011
  1013  CA    80.02000000   97.35000000   86.40000000     8  1011  1014  1015  1019
  1014  H     80.48000000   98.33000000   86.48000000    12  1013
  1015  C     80.54000000   96.67000000   85.12000000    13  1013  1016  1017  1018
  1016  H     80.27000000   97.27000000   84.22000000    14  1015
  1017  H     81.65000000   96.57000000   85.15000000    14  1015
  1018  H     80.11000000   95.65000000   85.00000000    14  1015
  1019  C     78.52000000   97.59000000   86.30000000     9  1013  1020  1021
  1020  O     78.07000000   98.70000000   86.02000000    11  1019
  1021  N     77.72000000   96.53000000   86.57000000     7  1019  1022  1023
  1022  HN    78.13000000   95.66000000   86.86000000    10  1021
  1023  CA    76.30000000   96.50000000   86.30000000     8  1021  1024  1025  1036
  1024  H     75.98000000   97.43000000   85.85000000    12  1023
  1025  C     75.99000000   95.31000000   85.34000000   175  1023  1026  1027  1028
  1026  H     76.27000000   94.36000000   85.85000000   176  1025
  1027  H     74.91000000   95.28000000   85.13000000   176  1025
  1028  C     76.75000000   95.36000000   84.00000000   177  1025  1029  1030  1031
  1029  H     77.84000000   95.37000000   84.20000000   178  1028
  1030  H     76.55000000   94.41000000   83.46000000   178  1028
  1031  S     76.31000000   96.76000000   82.92000000   179  1028  1032
  1032  C     74.79000000   95.99000000   82.28000000   180  1031  1033  1034  1035
  1033  H     74.34000000   96.61000000   81.48000000   181  1032
  1034  H     74.99000000   94.99000000   81.85000000   181  1032
  1035  H     74.04000000   95.87000000   83.08000000   181  1032
  1036  C     75.46000000   96.30000000   87.55000000     9  1023  1037  1038
  1037  O     74.31000000   96.74000000   87.60000000    11  1036
  1038  N     75.99000000   95.63000000   88.60000000     7  1036  1039  1040
  1039  HN    76.91000000   95.26000000   88.52000000    10  1038
  1040  CA    75.23000000   95.28000000   89.80000000     8  1038  1041  1042  1060
  1041  H     74.21000000   95.60000000   89.68000000    12  1040
  1042  C     75.20000000   93.74000000   90.05000000   202  1040  1043  1044  1045
  1043  H     76.24000000   93.35000000   90.10000000   203  1042
  1044  H     74.71000000   93.55000000   91.03000000   203  1042
  1045  C     74.41000000   92.94000000   88.98000000   204  1042  1046  1047  1048
  1046  H     73.42000000   93.44000000   88.86000000   205  1045
  1047  H     74.92000000   93.01000000   88.00000000   205  1045
  1048  C     74.11000000   91.46000000   89.33000000   206  1045  1049  1050  1051
  1049  H     73.65000000   91.40000000   90.34000000   207  1048
  1050  H     73.41000000   91.04000000   88.57000000   207  1048
  1051  N     75.38000000   90.65000000   89.29000000   208  1048  1052  1053
  1052  HN    76.14000000   90.98000000   88.73000000   209  1051
  1053  C     75.51000000   89.42000000   89.77000000   210  1051  1054  1057
  1054  N     74.56000000   88.76000000   90.40000000   211  1053  1055  1056
  1055  HN    73.60000000   89.02000000   90.25000000   212  1054
  1056  HN    74.77000000   87.81000000   90.62000000   212  1054
  1057  N     76.64000000   88.77000000   89.63000000   211  1053  1058  1059
  1058  HN    77.34000000   89.07000000   88.98000000   212  1057
  1059  HN    76.69000000   87.84000000   90.01000000   212  1057
  1060  C     75.74000000   95.97000000   91.07000000     9  1040  1061  1062
  1061  O     76.92000000   95.87000000   91.42000000    11  1060
  1062  N     74.85000000   96.65000000   91.81000000     7  1060  1063  1064
  1063  HN    73.89000000   96.70000000   91.50000000    10  1062
  1064  CA    75.06000000   97.09000000   93.19000000     8  1062  1065  1066  1075
  1065  H     76.04000000   97.54000000   93.25000000    12  1064
  1066  C     74.01000000   98.12000000   93.68000000   153  1064  1067  1068  1069
  1067  H     72.98000000   97.72000000   93.54000000   154  1066
  1068  H     74.15000000   98.28000000   94.78000000   154  1066
  1069  C     74.14000000   99.48000000   92.99000000   155  1066  1070  1071  1072
  1070  H     75.21000000   99.71000000   92.80000000   156  1069
  1071  H     73.60000000   99.46000000   92.02000000   156  1069
  1072  C     73.56000000  100.61000000   93.83000000   157  1069  1073  1074
  1073  O     74.36000000  101.39000000   94.40000000   158  1072
  1074  O     72.31000000  100.78000000   93.84000000   158  1072
  1075  C     75.05000000   95.93000000   94.17000000     9  1064  1076  1077
  1076  O     74.43000000   94.90000000   93.90000000    11  1075
  1077  N     75.74000000   96.07000000   95.32000000     7  1075  1078  1079
  1078  HN    76.29000000   96.89000000   95.49000000    10  1077
  1079  CA    75.76000000   95.05000000   96.36000000     8  1077  1080  1081  1086
  1080  H     75.06000000   94.26000000   96.11000000    12  1079
  1081  C     77.16000000   94.42000000   96.52000000    43  1079  1082  1083  1084
  1082  H     77.86000000   95.19000000   96.92000000    44  1081
  1083  H     77.10000000   93.59000000   97.25000000    44  1081
  1084  SH    77.81000000   93.78000000   94.94000000    45  1081  1085
  1085  HS    78.85000000   93.13000000   95.47000000    46  1084
  1086  C     75.32000000   95.62000000   97.70000000     9  1079  1087  1088
  1087  O     75.84000000   96.64000000   98.16000000    11  1086
  1088  N     74.35000000   94.96000000   98.37000000     7  1086  1089  1090
  1089  HN    73.92000000   94.16000000   97.93000000    10  1088
  1090  CA    73.79000000   95.33000000   99.65000000     8  1088  1091  1092  1106
  1091  H     74.26000000   96.22000000  100.02000000    12  1090
  1092  C     72.25000000   95.54000000   99.57000000    61  1090  1093  1094  1095
  1093  H     71.76000000   94.65000000   99.13000000    62  1092
  1094  H     71.81000000   95.69000000  100.59000000    62  1092
  1095  C     71.88000000   96.73000000   98.73000000    63  1092  1096  1102
  1096  C     71.83000000   96.63000000   97.33000000    64  1095  1097  1098
  1097  H     72.10000000   95.70000000   96.84000000    65  1096
  1098  C     71.46000000   97.74000000   96.55000000    66  1096  1099  1100
  1099  H     71.44000000   97.66000000   95.47000000    67  1098
  1100  C     71.09000000   98.94000000   97.17000000    68  1098  1101  1104
  1101  H     70.81000000   99.79000000   96.58000000    69  1100
  1102  C     71.48000000   97.93000000   99.34000000    64  1095  1103  1104
  1103  H     71.47000000   98.00000000  100.42000000    65  1102
  1104  C     71.08000000   99.02000000   98.57000000    66  1100  1102  1105
  1105  H     70.76000000   99.94000000   99.06000000    67  1104
  1106  C     74.01000000   94.23000000  100.67000000     9  1090  1107  1108
  1107  O     73.71000000   93.06000000  100.43000000    11  1106
  1108  N     74.52000000   94.57000000  101.87000000     7  1106  1109  1110
  1109  HN    74.79000000   95.52000000  102.06000000    10  1108
  1110  CA    74.57000000   93.63000000  102.98000000     8  1108  1111  1112  1130
  1111  H     75.05000000   92.73000000  102.63000000    12  1110
  1112  C     75.39000000   94.16000000  104.19000000   202  1110  1113  1114  1115
  1113  H     74.91000000   95.07000000  104.60000000   203  1112
  1114  H     75.37000000   93.37000000  104.98000000   203  1112
  1115  C     76.87000000   94.44000000  103.87000000   204  1112  1116  1117  1118
  1116  H     77.29000000   93.54000000  103.37000000   205  1115
  1117  H     76.95000000   95.29000000  103.16000000   205  1115
  1118  C     77.70000000   94.73000000  105.13000000   206  1115  1119  1120  1121
  1119  H     77.37000000   95.65000000  105.65000000   207  1118
  1120  H     77.61000000   93.89000000  105.85000000   207  1118
  1121  N     79.13000000   94.82000000  104.69000000   208  1118  1122  1123
  1122  HN    79.70000000   94.00000000  104.72000000   209  1121
  1123  C     79.75000000   95.95000000  104.35000000   210  1121  1124  1127
  1124  N     79.17000000   97.12000000  104.45000000   211  1123  1125  1126
  1125  HN    78.36000000   97.16000000  105.01000000   212  1124
  1126  HN    79.72000000   97.96000000  104.31000000   212  1124
  1127  N     81.00000000   95.89000000  103.94000000   211  1123  1128  1129
  1128  HN    81.41000000   94.98000000  103.78000000   212  1127
  1129  HN    81.49000000   96.74000000  103.78000000   212  1127
  1130  C     73.19000000   93.19000000  103.48000000     9  1110  1131  1132
  1131  O     72.33000000   94.02000000  103.76000000    11  1130
  1132  N     72.97000000   91.87000000  103.58000000     7  1130  1133  1134
  1133  HN    73.67000000   91.19000000  103.32000000    10  1132
  1134  CA    71.69000000   91.30000000  103.94000000     8  1132  1135  1136  1144
  1135  H     71.04000000   92.05000000  104.37000000    12  1134
  1136  C     70.98000000   90.65000000  102.75000000    37  1134  1137  1138  1140
  1137  H     71.57000000   89.79000000  102.36000000    38  1136
  1138  OH    70.86000000   91.60000000  101.71000000    39  1136  1139
  1139  HO    71.75000000   91.93000000  101.55000000    40  1138
  1140  C     69.56000000   90.19000000  103.10000000    41  1136  1141  1142  1143
  1141  H     69.04000000   89.83000000  102.19000000    42  1140
  1142  H     69.56000000   89.37000000  103.84000000    42  1140
  1143  H     68.97000000   91.04000000  103.52000000    42  1140
  1144  C     71.90000000   90.23000000  104.98000000     9  1134  1145  1146
  1145  O     72.77000000   89.38000000  104.85000000    11  1144
  1146  N     71.11000000   90.22000000  106.06000000     7  1144  1147  1148
  1147  HN    70.43000000   90.95000000  106.20000000    10  1146
  1148  CA    71.08000000   89.11000000  106.98000000     8  1146  1149  1150  1166
  1149  H     71.94000000   88.47000000  106.85000000    12  1148
  1150  C     71.03000000   89.62000000  108.44000000   182  1148  1151  1152  1153
  1151  H     71.72000000   90.48000000  108.53000000   183  1150
  1152  H     70.01000000   90.00000000  108.67000000   183  1150
  1153  C     71.42000000   88.55000000  109.48000000   184  1150  1154  1155  1156
  1154  H     70.92000000   88.78000000  110.44000000   185  1153
  1155  H     71.02000000   87.56000000  109.15000000   185  1153
  1156  C     72.93000000   88.42000000  109.74000000   186  1153  1157  1158  1159
  1157  H     73.05000000   87.52000000  110.39000000   187  1156
  1158  H     73.46000000   88.21000000  108.79000000   187  1156
  1159  C     73.59000000   89.63000000  110.45000000   188  1156  1160  1161  1162
  1160  H     73.72000000   90.47000000  109.74000000   189  1159
  1161  H     72.96000000   89.96000000  111.30000000   189  1159
  1162  N     74.92000000   89.27000000  110.99000000   190  1159  1163  1164  1165
  1163  HN    75.43000000   90.07000000  111.44000000   191  1162
  1164  HN    74.79000000   88.54000000  111.74000000   191  1162
  1165  HN    75.54000000   88.89000000  110.25000000   191  1162
  1166  C     69.81000000   88.32000000  106.65000000     9  1148  1167  1168
  1167  O     68.72000000   88.88000000  106.61000000    11  1166
  1168  N     69.91000000   87.00000000  106.38000000     7  1166  1169  1170
  1169  HN    70.80000000   86.54000000  106.43000000    10  1168
  1170  CA    68.73000000   86.17000000  106.17000000     8  1168  1171  1172  1188
  1171  H     67.88000000   86.79000000  105.93000000    12  1170
  1172  C     68.88000000   85.10000000  105.05000000   182  1170  1173  1174  1175
  1173  H     69.18000000   85.62000000  104.11000000   183  1172
  1174  H     69.71000000   84.41000000  105.33000000   183  1172
  1175  C     67.60000000   84.28000000  104.79000000   184  1172  1176  1177  1178
  1176  H     67.27000000   83.78000000  105.73000000   185  1175
  1177  H     66.78000000   84.98000000  104.51000000   185  1175
  1178  C     67.71000000   83.20000000  103.69000000   186  1175  1179  1180  1181
  1179  H     66.69000000   82.77000000  103.52000000   187  1178
  1180  H     68.00000000   83.71000000  102.74000000   187  1178
  1181  C     68.70000000   82.05000000  103.94000000   188  1178  1182  1183  1184
  1182  H     68.67000000   81.33000000  103.09000000   189  1181
  1183  H     69.73000000   82.45000000  104.03000000   189  1181
  1184  N     68.38000000   81.32000000  105.18000000   190  1181  1185  1186  1187
  1185  HN    68.54000000   80.29000000  105.10000000   191  1184
  1186  HN    68.97000000   81.69000000  105.97000000   191  1184
  1187  HN    67.37000000   81.45000000  105.45000000   191  1184
  1188  C     68.40000000   85.48000000  107.47000000     9  1170  1189  1190
  1189  O     69.26000000   84.86000000  108.09000000    11  1188
  1190  N     67.15000000   85.57000000  107.95000000     7  1188  1191  1192
  1191  HN    66.41000000   86.01000000  107.44000000    10  1190
  1192  CA    66.84000000   85.15000000  109.30000000     8  1190  1193  1194  1207
  1193  H     67.71000000   85.29000000  109.92000000    12  1192
  1194  C     65.72000000   86.04000000  109.88000000    19  1192  1195  1196  1197
  1195  H     64.76000000   85.81000000  109.36000000    20  1194
  1196  H     65.60000000   85.81000000  110.96000000    20  1194
  1197  C     65.96000000   87.57000000  109.76000000    21  1194  1198  1199  1203
  1198  H     65.95000000   87.85000000  108.68000000    22  1197
  1199  C     64.81000000   88.33000000  110.43000000    23  1197  1200  1201  1202
  1200  H     64.93000000   89.42000000  110.30000000    24  1199
  1201  H     63.83000000   88.04000000  109.99000000    24  1199
  1202  H     64.78000000   88.11000000  111.52000000    24  1199
  1203  C     67.30000000   88.01000000  110.35000000    23  1197  1204  1205  1206
  1204  H     67.42000000   89.11000000  110.26000000    24  1203
  1205  H     67.36000000   87.75000000  111.43000000    24  1203
  1206  H     68.15000000   87.53000000  109.83000000    24  1203
  1207  C     66.46000000   83.67000000  109.37000000     9  1192  1208  1209
  1208  O     65.68000000   83.16000000  108.57000000    11  1207
  1209  N     67.03000000   82.94000000  110.35000000     7  1207  1210  1211
  1210  HN    67.70000000   83.38000000  110.95000000    10  1209
  1211  CA    66.80000000   81.51000000  110.52000000     8  1209  1212  1213  1218
  1212  H     65.75000000   81.32000000  110.38000000    12  1211
  1213  C     67.60000000   80.63000000  109.50000000    33  1211  1214  1215  1216
  1214  H     67.38000000   79.55000000  109.64000000    34  1213
  1215  H     67.26000000   80.90000000  108.48000000    34  1213
  1216  OH    69.01000000   80.86000000  109.58000000    35  1213  1217
  1217  HO    69.33000000   80.36000000  110.36000000    36  1216
  1218  C     67.15000000   81.01000000  111.91000000     9  1211  1219  1220
  1219  O     67.10000000   79.81000000  112.19000000    11  1218
  1220  N     67.50000000   81.91000000  112.85000000     7  1218  1221  1222
  1221  HN    67.47000000   82.89000000  112.66000000    10  1220
  1222  CA    68.01000000   81.57000000  114.17000000     8  1220  1223  1224  1232
  1223  H     68.02000000   80.50000000  114.29000000    12  1222
  1224  C     69.44000000   82.13000000  114.34000000   147  1222  1225  1226  1227
  1225  H     69.51000000   83.16000000  113.94000000   148  1224
  1226  H     69.76000000   82.14000000  115.40000000   148  1224
  1227  C     70.38000000   81.23000000  113.55000000   149  1224  1228  1229
  1228  O     70.75000000   81.49000000  112.40000000   150  1227
  1229  N     70.82000000   80.14000000  114.21000000   151  1227  1230  1231
  1230  HN    70.48000000   79.94000000  115.13000000   152  1229
  1231  HN    71.58000000   79.61000000  113.81000000   152  1229
  1232  C     67.07000000   82.07000000  115.25000000     9  1222  1233  1234
  1233  O     67.48000000   82.44000000  116.35000000    11  1232
  1234  N     65.76000000   82.12000000  114.94000000     7  1232  1235  1236
  1235  HN    65.45000000   81.77000000  114.06000000    10  1234
  1236  CA    64.72000000   82.56000000  115.85000000     8  1234  1237  1238  1252
  1237  H     64.96000000   83.57000000  116.16000000    12  1236
  1238  C     63.35000000   82.56000000  115.11000000    61  1236  1239  1240  1241
  1239  H     63.12000000   81.55000000  114.71000000    62  1238
  1240  H     62.55000000   82.85000000  115.82000000    62  1238
  1241  C     63.33000000   83.55000000  113.98000000    63  1238  1242  1248
  1242  C     63.61000000   83.16000000  112.66000000    64  1241  1243  1244
  1243  H     63.91000000   82.14000000  112.46000000    65  1242
  1244  C     63.48000000   84.06000000  111.60000000    66  1242  1245  1246
  1245  H     63.68000000   83.75000000  110.59000000    67  1244
  1246  C     63.04000000   85.37000000  111.85000000    68  1244  1247  1250
  1247  H     62.92000000   86.07000000  111.04000000    69  1246
  1248  C     62.91000000   84.87000000  114.22000000    64  1241  1249  1250
  1249  H     62.67000000   85.18000000  115.23000000    65  1248
  1250  C     62.77000000   85.78000000  113.16000000    66  1246  1248  1251
  1251  H     62.44000000   86.79000000  113.36000000    67  1250
  1252  C     64.58000000   81.73000000  117.12000000     9  1236  1253  1254
  1253  O     64.42000000   82.26000000  118.22000000    11  1252
  1254  N     64.62000000   80.39000000  116.99000000     7  1252  1255  1256
  1255  HN    64.78000000   79.96000000  116.10000000    10  1254
  1256  CA    64.49000000   79.49000000  118.13000000     8  1254  1257  1258  1271
  1257  H     63.74000000   79.89000000  118.80000000    12  1256
  1258  C     64.06000000   78.07000000  117.67000000    19  1256  1259  1260  1261
  1259  H     64.85000000   77.67000000  116.99000000    20  1258
  1260  H     64.00000000   77.40000000  118.55000000    20  1258
  1261  C     62.71000000   78.02000000  116.93000000    21  1258  1262  1263  1267
  1262  H     62.73000000   78.74000000  116.08000000    22  1261
  1263  C     62.49000000   76.62000000  116.35000000    23  1261  1264  1265  1266
  1264  H     61.51000000   76.55000000  115.83000000    24  1263
  1265  H     63.30000000   76.34000000  115.65000000    24  1263
  1266  H     62.46000000   75.88000000  117.18000000    24  1263
  1267  C     61.53000000   78.37000000  117.85000000    23  1261  1268  1269  1270
  1268  H     60.57000000   78.29000000  117.30000000    24  1267
  1269  H     61.49000000   77.67000000  118.71000000    24  1267
  1270  H     61.63000000   79.40000000  118.23000000    24  1267
  1271  C     65.77000000   79.38000000  118.94000000     9  1256  1272  1273
  1272  O     65.76000000   79.43000000  120.16000000    11  1271
  1273  N     66.92000000   79.25000000  118.26000000     7  1271  1274  1275
  1274  HN    66.90000000   79.20000000  117.25000000    10  1273
  1275  CA    68.20000000   79.03000000  118.89000000     8  1273  1276  1277  1288
  1276  H     68.16000000   79.37000000  119.92000000    12  1275
  1277  C     68.61000000   77.53000000  118.88000000   127  1275  1278  1279  1281
  1278  H     68.71000000   77.18000000  117.83000000   128  1277
  1279  H     69.59000000   77.40000000  119.38000000   128  1277
  1280  N     66.70000000   75.89000000  118.87000000   130  1281  1282
  1281  C     67.63000000   76.63000000  119.59000000   129  1277  1280  1286
  1282  C     66.18000000   75.06000000  119.75000000   133  1280  1283  1284
  1283  H     65.42000000   74.29000000  119.54000000   134  1282
  1284  N     66.72000000   75.22000000  120.98000000   135  1282  1285  1286
  1285  HN    66.57000000   74.65000000  121.80000000   136  1284
  1286  C     67.66000000   76.22000000  120.88000000   131  1281  1284  1287
  1287  H     68.28000000   76.52000000  121.70000000   132  1286
  1288  C     69.27000000   79.85000000  118.19000000     9  1275  1289  1290
  1289  O     69.34000000   79.91000000  116.96000000    11  1288
  1290  N     70.12000000   80.51000000  118.99000000     7  1288  1291  1292
  1291  HN    70.06000000   80.39000000  119.99000000    10  1290
  1292  CA    71.19000000   81.39000000  118.55000000     8  1290  1293  1294  1298
  1293  H     70.72000000   82.17000000  117.98000000    12  1292
  1294  C     71.90000000   82.04000000  119.76000000    13  1292  1295  1296  1297
  1295  H     72.67000000   82.77000000  119.42000000    14  1294
  1296  H     71.17000000   82.58000000  120.39000000    14  1294
  1297  H     72.40000000   81.27000000  120.38000000    14  1294
  1298  C     72.22000000   80.75000000  117.64000000     9  1292  1299  1300
  1299  O     72.45000000   79.53000000  117.63000000    11  1298
  1300  N     72.87000000   81.58000000  116.80000000     7  1298  1301  1302
  1301  HN    72.66000000   82.55000000  116.79000000    10  1300
  1302  CA    73.98000000   81.15000000  115.97000000     8  1300  1303  1304  1315
  1303  H     73.62000000   80.34000000  115.36000000    12  1302
  1304  C     74.44000000   82.30000000  115.06000000   167  1302  1305  1306  1307
  1305  H     74.76000000   83.15000000  115.71000000   168  1304
  1306  H     75.33000000   81.98000000  114.47000000   168  1304
  1307  C     73.37000000   82.78000000  114.06000000   169  1304  1308  1309  1310
  1308  H     73.19000000   81.99000000  113.29000000   170  1307
  1309  H     72.41000000   82.98000000  114.58000000   170  1307
  1310  C     73.82000000   84.08000000  113.41000000   171  1307  1311  1312
  1311  O     73.90000000   85.11000000  114.09000000   172  1310
  1312  N     74.12000000   84.06000000  112.10000000   173  1310  1313  1314
  1313  HN    73.90000000   83.25000000  111.57000000   174  1312
  1314  HN    74.45000000   84.90000000  111.67000000   174  1312
  1315  C     75.19000000   80.64000000  116.74000000     9  1302  1316  1317
  1316  O     75.61000000   81.25000000  117.72000000    11  1315
  1317  N     75.80000000   79.54000000  116.27000000     7  1315  1318  1319
  1318  HN    75.41000000   79.04000000  115.50000000    10  1317
  1319  CA    77.06000000   79.06000000  116.81000000     8  1317  1320  1321  1332
  1320  H     77.09000000   79.25000000  117.88000000    12  1319
  1321  C     77.21000000   77.54000000  116.56000000   167  1319  1322  1323  1324
  1322  H     77.21000000   77.33000000  115.47000000   168  1321
  1323  H     78.18000000   77.19000000  116.97000000   168  1321
  1324  C     76.09000000   76.66000000  117.18000000   169  1321  1325  1326  1327
  1325  H     75.11000000   76.90000000  116.75000000   170  1324
  1326  H     76.29000000   75.59000000  116.96000000   170  1324
  1327  C     75.99000000   76.80000000  118.70000000   171  1324  1328  1329
  1328  O     76.80000000   76.22000000  119.43000000   172  1327
  1329  N     74.99000000   77.56000000  119.20000000   173  1327  1330  1331
  1330  HN    74.28000000   77.89000000  118.59000000   174  1329
  1331  HN    74.87000000   77.56000000  120.18000000   174  1329
  1332  C     78.22000000   79.85000000  116.20000000     9  1319  1333  1334
  1333  O     79.05000000   80.42000000  116.90000000    11  1332
  1334  N     78.25000000   79.95000000  114.85000000     7  1332  1335  1336
  1335  HN    77.64000000   79.38000000  114.29000000    10  1334
  1336  CA    79.07000000   80.88000000  114.10000000     8  1334  1337  1338  1356
  1337  H     79.87000000   81.25000000  114.72000000    12  1336
  1338  C     79.69000000   80.19000000  112.84000000    89  1336  1339  1340  1341
  1339  H     80.34000000   79.36000000  113.19000000    90  1338
  1340  H     78.85000000   79.74000000  112.27000000    90  1338
  1341  C     80.48000000   81.03000000  111.87000000    91  1338  1342  1347
  1342  C     81.48000000   81.90000000  112.20000000    92  1341  1343  1344
  1343  H     81.80000000   82.08000000  113.22000000    93  1342
  1344  N     81.90000000   82.58000000  111.08000000    95  1342  1345  1346
  1345  HN    82.51000000   83.35000000  111.02000000    96  1344
  1346  C     81.20000000   82.14000000  110.00000000    97  1344  1347  1352
  1347  C     80.33000000   81.12000000  110.44000000    94  1341  1346  1348
  1348  C     79.55000000   80.44000000  109.49000000    98  1347  1349  1350
  1349  H     78.90000000   79.63000000  109.79000000    99  1348
  1350  C     79.60000000   80.84000000  108.15000000   102  1348  1351  1354
  1351  H     78.96000000   80.35000000  107.43000000   103  1350
  1352  C     81.24000000   82.56000000  108.68000000   100  1346  1353  1354
  1353  H     81.88000000   83.37000000  108.37000000   101  1352
  1354  C     80.40000000   81.91000000  107.76000000   104  1350  1352  1355
  1355  H     80.38000000   82.25000000  106.73000000   105  1354
  1356  C     78.19000000   82.07000000  113.70000000     9  1336  1357  1358
  1357  O     77.28000000   81.95000000  112.88000000    11  1356
  1358  N     78.43000000   83.27000000  114.28000000     7  1356  1359  1360
  1359  HN    79.18000000   83.36000000  114.94000000    10  1358
  1360  CA    77.60000000   84.44000000  114.06000000     8  1358  1361  1362  1378
  1361  H     76.57000000   84.16000000  114.23000000    12  1360
  1362  C     77.94000000   85.61000000  115.04000000   182  1360  1363  1364  1365
  1363  H     79.00000000   85.89000000  114.87000000   183  1362
  1364  H     77.30000000   86.49000000  114.78000000   183  1362
  1365  C     77.73000000   85.33000000  116.53000000   184  1362  1366  1367  1368
  1366  H     76.68000000   85.03000000  116.73000000   185  1365
  1367  H     78.37000000   84.46000000  116.82000000   185  1365
  1368  C     78.14000000   86.54000000  117.39000000   186  1365  1369  1370  1371
  1369  H     78.51000000   86.18000000  118.37000000   187  1368
  1370  H     79.02000000   87.01000000  116.89000000   187  1368
  1371  C     77.07000000   87.63000000  117.60000000   188  1368  1372  1373  1374
  1372  H     77.56000000   88.54000000  118.03000000   189  1371
  1373  H     76.58000000   87.91000000  116.65000000   189  1371
  1374  N     76.04000000   87.19000000  118.57000000   190  1371  1375  1376  1377
  1375  HN    75.64000000   88.01000000  119.08000000   191  1374
  1376  HN    75.24000000   86.72000000  118.09000000   191  1374
  1377  HN    76.46000000   86.53000000  119.27000000   191  1374
  1378  C     77.66000000   85.01000000  112.65000000     9  1360  1379  1380
  1379  O     76.79000000   85.78000000  112.25000000    11  1378
  1380  N     78.66000000   84.62000000  111.83000000     1  1378  1381  1382
  1381  HN    79.41000000   84.09000000  112.25000000     4  1380
  1382  CA    78.77000000   84.99000000  110.42000000     2  1380  1383  1384  1385
  1383  H     78.50000000   86.03000000  110.32000000     6  1382
  1384  H     79.80000000   84.81000000  110.14000000     6  1382
  1385  C     77.91000000   84.19000000  109.47000000     3  1382  1386  1387
  1386  O     77.89000000   84.45000000  108.27000000     5  1385
  1387  N     77.18000000   83.17000000  109.95000000     7  1385  1388  1389
  1388  HN    77.20000000   82.97000000  110.93000000    10  1387
  1389  CA    76.52000000   82.19000000  109.12000000     8  1387  1390  1391  1395
  1390  H     77.21000000   81.88000000  108.35000000    12  1389
  1391  C     76.18000000   80.99000000  110.00000000    13  1389  1392  1393  1394
  1392  H     75.82000000   80.13000000  109.39000000    14  1391
  1393  H     77.07000000   80.65000000  110.57000000    14  1391
  1394  H     75.40000000   81.24000000  110.75000000    14  1391
  1395  C     75.24000000   82.60000000  108.41000000     9  1389  1396  1397
  1396  O     74.76000000   81.90000000  107.53000000    11  1395
  1397  N     74.64000000   83.74000000  108.78000000     7  1395  1398  1399
  1398  HN    75.06000000   84.33000000  109.49000000    10  1397
  1399  CA    73.40000000   84.24000000  108.22000000     8  1397  1400  1401  1406
  1400  H     72.96000000   83.50000000  107.56000000    12  1399
  1401  C     72.35000000   84.59000000  109.31000000    33  1399  1402  1403  1404
  1402  H     72.80000000   85.31000000  110.04000000    34  1401
  1403  H     71.47000000   85.09000000  108.86000000    34  1401
  1404  OH    71.90000000   83.43000000  110.01000000    35  1401  1405
  1405  HO    71.24000000   83.76000000  110.66000000    36  1404
  1406  C     73.66000000   85.48000000  107.38000000     9  1399  1407  1408
  1407  O     72.74000000   86.21000000  107.03000000    11  1406
  1408  N     74.93000000   85.74000000  107.02000000     7  1406  1409  1410
  1409  HN    75.65000000   85.11000000  107.31000000    10  1408
  1410  CA    75.36000000   86.88000000  106.22000000     8  1408  1411  1412  1420
  1411  H     74.71000000   87.72000000  106.43000000    12  1410
  1412  C     76.84000000   87.24000000  106.55000000   147  1410  1413  1414  1415
  1413  H     77.45000000   86.33000000  106.48000000   148  1412
  1414  H     77.23000000   87.98000000  105.82000000   148  1412
  1415  C     76.99000000   87.85000000  107.94000000   149  1412  1416  1417
  1416  O     76.02000000   88.22000000  108.62000000   150  1415
  1417  N     78.25000000   87.95000000  108.41000000   151  1415  1418  1419
  1418  HN    78.99000000   87.47000000  107.94000000   152  1417
  1419  HN    78.41000000   88.37000000  109.32000000   152  1417
  1420  C     75.26000000   86.58000000  104.73000000     9  1410  1421  1422
  1421  O     75.95000000   85.71000000  104.20000000    11  1420
  1422  N     74.42000000   87.33000000  103.99000000     7  1420  1423  1424
  1423  HN    73.87000000   88.05000000  104.41000000    10  1422
  1424  CA    74.22000000   87.15000000  102.56000000     8  1422  1425  1426  1441
  1425  H     74.98000000   86.49000000  102.17000000    12  1424
  1426  C     72.81000000   86.55000000  102.22000000    70  1424  1427  1428  1429
  1427  H     72.02000000   87.18000000  102.68000000    71  1426
  1428  H     72.66000000   86.53000000  101.12000000    71  1426
  1429  C     72.66000000   85.14000000  102.73000000    72  1426  1430  1437
  1430  C     72.30000000   84.90000000  104.07000000    73  1429  1431  1432
  1431  H     72.16000000   85.75000000  104.72000000    74  1430
  1432  C     72.16000000   83.60000000  104.56000000    75  1430  1433  1434
  1433  H     71.90000000   83.44000000  105.60000000    76  1432
  1434  C     72.33000000   82.51000000  103.71000000    77  1432  1435  1439
  1435  OH    72.16000000   81.21000000  104.24000000    78  1434  1436
  1436  HO    72.94000000   80.67000000  104.01000000    79  1435
  1437  C     72.78000000   84.03000000  101.87000000    73  1429  1438  1439
  1438  H     73.00000000   84.18000000  100.83000000    74  1437
  1439  C     72.62000000   82.72000000  102.36000000    75  1434  1437  1440
  1440  H     72.73000000   81.88000000  101.69000000    76  1439
  1441  C     74.40000000   88.48000000  101.83000000     9  1424  1442  1443
  1442  O     74.25000000   89.57000000  102.38000000    11  1441
  1443  N     74.75000000   88.41000000  100.54000000     7  1441  1444  1445
  1444  HN    74.83000000   87.50000000  100.11000000    10  1443
  1445  CA    75.01000000   89.55000000   99.68000000     8  1443  1446  1447  1457
  1446  H     75.09000000   90.45000000  100.26000000    12  1445
  1447  C     76.28000000   89.36000000   98.84000000    15  1445  1448  1449  1453
  1448  H     76.13000000   88.55000000   98.09000000    16  1447
  1449  C     76.62000000   90.67000000   98.10000000    17  1447  1450  1451  1452
  1450  H     77.58000000   90.57000000   97.56000000    18  1449
  1451  H     75.82000000   90.94000000   97.37000000    18  1449
  1452  H     76.71000000   91.51000000   98.83000000    18  1449
  1453  C     77.46000000   88.92000000   99.74000000    17  1447  1454  1455  1456
  1454  H     78.40000000   88.87000000   99.14000000    18  1453
  1455  H     77.61000000   89.65000000  100.57000000    18  1453
  1456  H     77.28000000   87.92000000  100.18000000    18  1453
  1457  C     73.84000000   89.67000000   98.73000000     9  1445  1458  1459
  1458  O     73.60000000   88.77000000   97.92000000    11  1457
  1459  N     73.08000000   90.78000000   98.79000000     7  1457  1460  1461
  1460  HN    73.28000000   91.51000000   99.44000000    10  1459
  1461  CA    72.00000000   91.02000000   97.86000000     8  1459  1462  1463  1467
  1462  H     71.68000000   90.09000000   97.42000000    12  1461
  1463  C     70.76000000   91.64000000   98.54000000    13  1461  1464  1465  1466
  1464  H     69.96000000   91.86000000   97.81000000    14  1463
  1465  H     70.36000000   90.93000000   99.29000000    14  1463
  1466  H     71.03000000   92.58000000   99.07000000    14  1463
  1467  C     72.48000000   91.93000000   96.73000000     9  1461  1468  1469
  1468  O     73.10000000   92.96000000   96.97000000    11  1467
  1469  N     72.24000000   91.53000000   95.47000000     7  1467  1470  1471
  1470  HN    71.74000000   90.67000000   95.32000000    10  1469
  1471  CA    72.72000000   92.23000000   94.30000000     8  1469  1472  1473  1489
  1472  H     73.20000000   93.14000000   94.62000000    12  1471
  1473  C     73.76000000   91.41000000   93.50000000   182  1471  1474  1475  1476
  1474  H     73.33000000   90.43000000   93.22000000   183  1473
  1475  H     74.04000000   91.95000000   92.57000000   183  1473
  1476  C     75.05000000   91.15000000   94.29000000   184  1473  1477  1478  1479
  1477  H     75.55000000   92.12000000   94.48000000   185  1476
  1478  H     74.80000000   90.71000000   95.28000000   185  1476
  1479  C     76.01000000   90.18000000   93.57000000   186  1476  1480  1481  1482
  1480  H     75.49000000   89.19000000   93.48000000   187  1479
  1481  H     76.21000000   90.55000000   92.54000000   187  1479
  1482  C     77.33000000   90.01000000   94.33000000   188  1479  1483  1484  1485
  1483  H     77.96000000   90.92000000   94.22000000   189  1482
  1484  H     77.11000000   89.86000000   95.41000000   189  1482
  1485  N     78.09000000   88.85000000   93.87000000   190  1482  1486  1487  1488
  1486  HN    78.98000000   88.80000000   94.42000000   191  1485
  1487  HN    77.54000000   87.97000000   94.08000000   191  1485
  1488  HN    78.32000000   88.86000000   92.85000000   191  1485
  1489  C     71.59000000   92.66000000   93.39000000     9  1471  1490  1491
  1490  O     70.62000000   91.94000000   93.19000000    11  1489
  1491  N     71.69000000   93.88000000   92.82000000     7  1489  1492  1493
  1492  HN    72.49000000   94.45000000   92.99000000    10  1491
  1493  CA    70.65000000   94.44000000   91.99000000     8  1491  1494  1495  1513
  1494  H     70.11000000   93.64000000   91.50000000    12  1493
  1495  C     69.66000000   95.26000000   92.86000000   202  1493  1496  1497  1498
  1496  H     69.15000000   94.52000000   93.52000000   203  1495
  1497  H     70.23000000   95.96000000   93.51000000   203  1495
  1498  C     68.58000000   96.06000000   92.11000000   204  1495  1499  1500  1501
  1499  H     69.03000000   96.97000000   91.65000000   205  1498
  1500  H     68.17000000   95.43000000   91.30000000   205  1498
  1501  C     67.42000000   96.49000000   93.03000000   206  1498  1502  1503  1504
  1502  H     66.93000000   95.60000000   93.49000000   207  1501
  1503  H     67.81000000   97.14000000   93.84000000   207  1501
  1504  N     66.42000000   97.27000000   92.23000000   208  1501  1505  1506
  1505  HN    66.41000000   98.27000000   92.28000000   209  1504
  1506  C     65.59000000   96.76000000   91.33000000   210  1504  1507  1510
  1507  N     65.44000000   95.48000000   91.06000000   211  1506  1508  1509
  1508  HN    66.01000000   94.80000000   91.52000000   212  1507
  1509  HN    64.85000000   95.27000000   90.30000000   212  1507
  1510  N     64.83000000   97.60000000   90.67000000   211  1506  1511  1512
  1511  HN    64.91000000   98.58000000   90.89000000   212  1510
  1512  HN    64.27000000   97.26000000   89.91000000   212  1510
  1513  C     71.25000000   95.28000000   90.88000000     9  1493  1514  1515
  1514  O     72.23000000   95.99000000   91.10000000    11  1513
  1515  N     70.72000000   95.19000000   89.64000000     7  1513  1516  1517
  1516  HN    69.93000000   94.61000000   89.47000000    10  1515
  1517  CA    71.19000000   96.00000000   88.53000000     8  1515  1518  1519  1534
  1518  H     72.26000000   95.85000000   88.48000000    12  1517
  1519  C     70.59000000   95.58000000   87.16000000    70  1517  1520  1521  1522
  1520  H     69.51000000   95.36000000   87.27000000    71  1519
  1521  H     70.69000000   96.39000000   86.41000000    71  1519
  1522  C     71.28000000   94.36000000   86.61000000    72  1519  1523  1530
  1523  C     72.22000000   94.48000000   85.57000000    73  1522  1524  1525
  1524  H     72.49000000   95.47000000   85.22000000    74  1523
  1525  C     72.76000000   93.35000000   84.96000000    75  1523  1526  1527
  1526  H     73.46000000   93.45000000   84.14000000    76  1525
  1527  C     72.38000000   92.07000000   85.38000000    77  1525  1528  1532
  1528  OH    72.87000000   90.94000000   84.71000000    78  1527  1529
  1529  HO    72.52000000   90.12000000   85.14000000    79  1528
  1530  C     70.92000000   93.07000000   87.04000000    73  1522  1531  1532
  1531  H     70.17000000   92.96000000   87.80000000    74  1530
  1532  C     71.49000000   91.93000000   86.45000000    75  1527  1530  1533
  1533  H     71.19000000   90.95000000   86.77000000    76  1532
  1534  C     71.02000000   97.50000000   88.73000000     9  1517  1535  1536
  1535  O     69.97000000   97.97000000   89.17000000    11  1534
  1536  N     72.06000000   98.29000000   88.40000000     7  1534  1537  1538
  1537  HN    72.90000000   97.87000000   88.04000000    10  1536
  1538  CA    72.09000000   99.74000000   88.54000000     8  1536  1539  1540  1553
  1539  H     71.87000000   99.98000000   89.57000000    12  1538
  1540  C     73.49000000  100.26000000   88.19000000    25  1538  1541  1542  1546
  1541  H     73.77000000   99.86000000   87.18000000    26  1540
  1542  C     73.51000000  101.81000000   88.10000000    29  1540  1543  1544  1545
  1543  H     74.55000000  102.17000000   87.93000000    30  1542
  1544  H     72.91000000  102.18000000   87.24000000    30  1542
  1545  H     73.13000000  102.27000000   89.03000000    30  1542
  1546  C     74.54000000   99.73000000   89.20000000    27  1540  1547  1548  1549
  1547  H     74.40000000  100.28000000   90.16000000    28  1546
  1548  H     74.35000000   98.66000000   89.42000000    28  1546
  1549  C     75.98000000   99.86000000   88.70000000    31  1546  1550  1551  1552
  1550  H     76.69000000   99.39000000   89.41000000    32  1549
  1551  H     76.09000000   99.35000000   87.72000000    32  1549
  1552  H     76.27000000  100.92000000   88.55000000    32  1549
  1553  C     71.03000000  100.44000000   87.71000000     9  1538  1554  1555
  1554  O     70.22000000  101.21000000   88.22000000    11  1553
  1555  N     70.96000000  100.12000000   86.40000000     7  1553  1556  1557
  1556  HN    71.61000000   99.48000000   85.99000000    10  1555
  1557  CA    69.99000000  100.69000000   85.49000000     8  1555  1558  1559  1568
  1558  H     69.73000000  101.68000000   85.84000000    12  1557
  1559  C     70.57000000  100.80000000   84.06000000   153  1557  1560  1561  1562
  1560  H     70.89000000   99.78000000   83.74000000   154  1559
  1561  H     69.79000000  101.13000000   83.35000000   154  1559
  1562  C     71.80000000  101.75000000   83.94000000   155  1559  1563  1564  1565
  1563  H     72.55000000  101.52000000   84.73000000   156  1562
  1564  H     72.28000000  101.58000000   82.95000000   156  1562
  1565  C     71.48000000  103.23000000   84.03000000   157  1562  1566  1567
  1566  O     70.27000000  103.61000000   84.04000000   158  1565
  1567  O     72.43000000  104.05000000   84.05000000   158  1565
  1568  C     68.73000000   99.82000000   85.49000000     9  1557  1569  1570
  1569  O     68.83000000   98.63000000   85.81000000    11  1568
  1570  N     67.53000000  100.31000000   85.19000000    50  1568  1571  1574
  1571  C     67.22000000  101.74000000   85.12000000    59  1570  1572  1573  1579
  1572  H     67.67000000  102.16000000   84.19000000    60  1571
  1573  H     67.60000000  102.28000000   86.01000000    60  1571
  1574  CA    66.37000000   99.49000000   84.83000000    51  1570  1575  1576  1582
  1575  H     66.04000000   99.02000000   85.74000000    54  1574
  1576  C     65.34000000  100.50000000   84.30000000    55  1574  1577  1578  1579
  1577  H     65.48000000  100.67000000   83.21000000    56  1576
  1578  H     64.30000000  100.17000000   84.48000000    56  1576
  1579  C     65.69000000  101.79000000   85.05000000    57  1571  1576  1580  1581
  1580  H     65.32000000  102.70000000   84.55000000    58  1579
  1581  H     65.28000000  101.73000000   86.08000000    58  1579
  1582  C     66.65000000   98.34000000   83.86000000    52  1574  1583  1584
  1583  O     67.33000000   98.54000000   82.85000000    53  1582
  1584  N     66.12000000   97.14000000   84.15000000     7  1582  1585  1586
  1585  HN    65.54000000   97.02000000   84.95000000    10  1584
  1586  CA    66.31000000   95.94000000   83.35000000     8  1584  1587  1588  1598
  1587  H     66.61000000   96.21000000   82.35000000    12  1586
  1588  C     67.33000000   94.94000000   83.94000000    15  1586  1589  1590  1594
  1589  H     67.38000000   94.03000000   83.29000000    16  1588
  1590  C     68.74000000   95.55000000   83.95000000    17  1588  1591  1592  1593
  1591  H     69.47000000   94.81000000   84.34000000    18  1590
  1592  H     69.04000000   95.84000000   82.93000000    18  1590
  1593  H     68.78000000   96.45000000   84.60000000    18  1590
  1594  C     66.94000000   94.50000000   85.36000000    17  1588  1595  1596  1597
  1595  H     67.71000000   93.80000000   85.76000000    18  1594
  1596  H     66.89000000   95.37000000   86.05000000    18  1594
  1597  H     65.97000000   93.97000000   85.37000000    18  1594
  1598  C     64.98000000   95.23000000   83.24000000     9  1586  1599  1600
  1599  O     64.05000000   95.46000000   84.02000000    11  1598
  1600  N     64.84000000   94.32000000   82.27000000     7  1598  1601  1602
  1601  HN    65.55000000   94.17000000   81.57000000    10  1600
  1602  CA    63.76000000   93.36000000   82.25000000     8  1600  1603  1604  1610
  1603  H     62.85000000   93.93000000   82.39000000    12  1602
  1604  C     63.68000000   92.68000000   80.86000000   137  1602  1605  1606  1607
  1605  H     63.79000000   93.46000000   80.07000000   138  1604
  1606  H     64.51000000   91.96000000   80.74000000   138  1604
  1607  C     62.36000000   91.99000000   80.64000000   139  1604  1608  1609
  1608  O     61.37000000   92.32000000   81.34000000   140  1607
  1609  O     62.28000000   91.20000000   79.67000000   140  1607
  1610  C     63.84000000   92.36000000   83.41000000     9  1602  1611  1612
  1611  O     64.92000000   92.00000000   83.88000000    11  1610
  1612  N     62.70000000   91.89000000   83.93000000     7  1610  1613  1614
  1613  HN    61.84000000   92.11000000   83.46000000    10  1612
  1614  CA    62.65000000   90.95000000   85.04000000     8  1612  1615  1616  1634
  1615  H     63.17000000   91.40000000   85.87000000    12  1614
  1616  C     61.19000000   90.67000000   85.48000000   202  1614  1617  1618  1619
  1617  H     60.58000000   90.51000000   84.57000000   203  1616
  1618  H     61.17000000   89.72000000   86.07000000   203  1616
  1619  C     60.55000000   91.77000000   86.35000000   204  1616  1620  1621  1622
  1620  H     61.15000000   91.90000000   87.28000000   205  1619
  1621  H     60.57000000   92.73000000   85.79000000   205  1619
  1622  C     59.09000000   91.47000000   86.73000000   206  1619  1623  1624  1625
  1623  H     58.64000000   92.28000000   87.34000000   207  1622
  1624  H     58.48000000   91.35000000   85.81000000   207  1622
  1625  N     59.07000000   90.16000000   87.46000000   208  1622  1626  1627
  1626  HN    59.07000000   89.31000000   86.92000000   209  1625
  1627  C     58.92000000   89.99000000   88.76000000   210  1625  1628  1631
  1628  N     58.88000000   90.96000000   89.64000000   211  1627  1629  1630
  1629  HN    59.17000000   91.88000000   89.38000000   212  1628
  1630  HN    58.69000000   90.68000000   90.59000000   212  1628
  1631  N     58.79000000   88.76000000   89.24000000   211  1627  1632  1633
  1632  HN    58.81000000   87.99000000   88.58000000   212  1631
  1633  HN    58.57000000   88.66000000   90.21000000   212  1631
  1634  C     63.34000000   89.62000000   84.80000000     9  1614  1635  1636
  1635  O     64.06000000   89.12000000   85.66000000    11  1634
  1636  N     63.16000000   89.03000000   83.60000000     7  1634  1637  1638
  1637  HN    62.55000000   89.44000000   82.93000000    10  1636
  1638  CA    63.61000000   87.70000000   83.28000000     8  1636  1639  1640  1646
  1639  H     63.31000000   87.04000000   84.07000000    12  1638
  1640  C     62.95000000   87.18000000   81.97000000   137  1638  1641  1642  1643
  1641  H     62.91000000   87.98000000   81.20000000   138  1640
  1642  H     63.53000000   86.33000000   81.56000000   138  1640
  1643  C     61.53000000   86.70000000   82.21000000   139  1640  1644  1645
  1644  O     61.06000000   85.86000000   81.40000000   140  1643
  1645  O     60.86000000   87.17000000   83.17000000   140  1643
  1646  C     65.14000000   87.57000000   83.23000000     9  1638  1647  1648
  1647  O     65.67000000   86.48000000   83.42000000    11  1646
  1648  N     65.87000000   88.70000000   83.09000000     7  1646  1649  1650
  1649  HN    65.40000000   89.56000000   82.90000000    10  1648
  1650  CA    67.32000000   88.78000000   83.22000000     8  1648  1651  1652  1662
  1651  H     67.76000000   88.13000000   82.48000000    12  1650
  1652  C     67.82000000   90.21000000   83.00000000    15  1650  1653  1654  1658
  1653  H     67.36000000   90.89000000   83.76000000    16  1652
  1654  C     69.36000000   90.30000000   83.08000000    17  1652  1655  1656  1657
  1655  H     69.69000000   91.35000000   82.94000000    18  1654
  1656  H     69.78000000   89.93000000   84.04000000    18  1654
  1657  H     69.81000000   89.70000000   82.27000000    18  1654
  1658  C     67.39000000   90.70000000   81.61000000    17  1652  1659  1660  1661
  1659  H     67.75000000   91.74000000   81.44000000    18  1658
  1660  H     67.85000000   90.06000000   80.83000000    18  1658
  1661  H     66.29000000   90.70000000   81.48000000    18  1658
  1662  C     67.79000000   88.28000000   84.59000000     9  1650  1663  1664
  1663  O     68.78000000   87.57000000   84.71000000    11  1662
  1664  N     67.06000000   88.61000000   85.69000000     7  1662  1665  1666
  1665  HN    66.20000000   89.11000000   85.59000000    10  1664
  1666  CA    67.39000000   88.09000000   87.02000000     8  1664  1667  1668  1683
  1667  H     68.41000000   88.38000000   87.24000000    12  1666
  1668  C     66.44000000   88.65000000   88.12000000    70  1666  1669  1670  1671
  1669  H     65.38000000   88.55000000   87.80000000    71  1668
  1670  H     66.56000000   88.08000000   89.07000000    71  1668
  1671  C     66.72000000   90.09000000   88.44000000    72  1668  1672  1679
  1672  C     67.65000000   90.43000000   89.45000000    73  1671  1673  1674
  1673  H     68.15000000   89.65000000   89.99000000    74  1672
  1674  C     67.93000000   91.77000000   89.74000000    75  1672  1675  1676
  1675  H     68.64000000   92.03000000   90.51000000    76  1674
  1676  C     67.30000000   92.79000000   89.01000000    77  1674  1677  1681
  1677  OH    67.70000000   94.13000000   89.21000000    78  1676  1678
  1678  HO    67.28000000   94.68000000   88.53000000    79  1677
  1679  C     66.04000000   91.13000000   87.78000000    73  1671  1680  1681
  1680  H     65.31000000   90.89000000   87.01000000    74  1679
  1681  C     66.33000000   92.47000000   88.06000000    75  1676  1679  1682
  1682  H     65.81000000   93.25000000   87.52000000    76  1681
  1683  C     67.34000000   86.57000000   87.10000000     9  1666  1684  1685
  1684  O     68.27000000   85.93000000   87.59000000    11  1683
  1685  N     66.26000000   85.98000000   86.58000000     7  1683  1686  1687
  1686  HN    65.54000000   86.54000000   86.17000000    10  1685
  1687  CA    66.03000000   84.55000000   86.50000000     8  1685  1688  1689  1703
  1688  H     66.16000000   84.12000000   87.48000000    12  1687
  1689  C     64.57000000   84.25000000   86.04000000    61  1687  1690  1691  1692
  1690  H     64.37000000   84.72000000   85.05000000    62  1689
  1691  H     64.39000000   83.16000000   85.95000000    62  1689
  1692  C     63.59000000   84.81000000   87.05000000    63  1689  1693  1699
  1693  C     63.12000000   84.03000000   88.12000000    64  1692  1694  1695
  1694  H     63.45000000   83.01000000   88.23000000    65  1693
  1695  C     62.21000000   84.55000000   89.05000000    66  1693  1696  1697
  1696  H     61.85000000   83.92000000   89.86000000    67  1695
  1697  C     61.74000000   85.85000000   88.91000000    68  1695  1698  1701
  1698  H     61.02000000   86.25000000   89.62000000    69  1697
  1699  C     63.09000000   86.12000000   86.92000000    64  1692  1700  1701
  1700  H     63.42000000   86.73000000   86.10000000    65  1699
  1701  C     62.18000000   86.64000000   87.84000000    66  1697  1699  1702
  1702  H     61.79000000   87.64000000   87.70000000    67  1701
  1703  C     67.05000000   83.84000000   85.62000000     9  1687  1704  1705
  1704  O     67.65000000   82.84000000   86.01000000    11  1703
  1705  N     67.32000000   84.40000000   84.43000000     7  1703  1706  1707
  1706  HN    66.81000000   85.20000000   84.12000000    10  1705
  1707  CA    68.30000000   83.91000000   83.49000000     8  1705  1708  1709  1718
  1708  H     68.05000000   82.88000000   83.28000000    12  1707
  1709  C     68.15000000   84.72000000   82.18000000   153  1707  1710  1711  1712
  1710  H     67.07000000   84.77000000   81.92000000   154  1709
  1711  H     68.49000000   85.76000000   82.36000000   154  1709
  1712  C     68.90000000   84.13000000   80.96000000   155  1709  1713  1714  1715
  1713  H     68.81000000   84.83000000   80.10000000   156  1712
  1714  H     69.98000000   84.01000000   81.19000000   156  1712
  1715  C     68.34000000   82.80000000   80.49000000   157  1712  1716  1717
  1716  O     69.06000000   82.13000000   79.71000000   158  1715
  1717  O     67.21000000   82.39000000   80.88000000   158  1715
  1718  C     69.74000000   83.91000000   84.03000000     9  1707  1719  1720
  1719  O     70.48000000   82.94000000   83.86000000    11  1718
  1720  N     70.15000000   84.97000000   84.76000000     7  1718  1721  1722
  1721  HN    69.59000000   85.80000000   84.79000000    10  1720
  1722  CA    71.41000000   85.02000000   85.49000000     8  1720  1723  1724  1730
  1723  H     72.22000000   84.85000000   84.79000000    12  1722
  1724  C     71.59000000   86.40000000   86.19000000   137  1722  1725  1726  1727
  1725  H     70.62000000   86.70000000   86.64000000   138  1724
  1726  H     72.36000000   86.34000000   86.99000000   138  1724
  1727  C     72.03000000   87.52000000   85.27000000   139  1724  1728  1729
  1728  O     72.21000000   87.32000000   84.05000000   140  1727
  1729  O     72.28000000   88.64000000   85.81000000   140  1727
  1730  C     71.55000000   83.90000000   86.55000000     9  1722  1731  1732
  1731  O     72.63000000   83.33000000   86.73000000    11  1730
  1732  N     70.47000000   83.57000000   87.28000000     7  1730  1733  1734
  1733  HN    69.61000000   84.07000000   87.16000000    10  1732
  1734  CA    70.42000000   82.39000000   88.15000000     8  1732  1735  1736  1746
  1735  H     71.29000000   82.43000000   88.79000000    12  1734
  1736  C     69.20000000   82.37000000   89.06000000    15  1734  1737  1738  1742
  1737  H     68.30000000   82.59000000   88.44000000    16  1736
  1738  C     69.01000000   81.02000000   89.79000000    17  1736  1739  1740  1741
  1739  H     68.18000000   81.09000000   90.52000000    18  1738
  1740  H     68.75000000   80.21000000   89.07000000    18  1738
  1741  H     69.93000000   80.73000000   90.34000000    18  1738
  1742  C     69.36000000   83.47000000   90.12000000    17  1736  1743  1744  1745
  1743  H     68.50000000   83.41000000   90.83000000    18  1742
  1744  H     70.28000000   83.31000000   90.71000000    18  1742
  1745  H     69.38000000   84.48000000   89.66000000    18  1742
  1746  C     70.56000000   81.07000000   87.41000000     9  1734  1747  1748
  1747  O     71.31000000   80.20000000   87.83000000    11  1746
  1748  N     69.87000000   80.89000000   86.25000000     7  1746  1749  1750
  1749  HN    69.23000000   81.59000000   85.93000000    10  1748
  1750  CA    69.99000000   79.69000000   85.43000000     8  1748  1751  1752  1770
  1751  H     69.68000000   78.84000000   86.03000000    12  1750
  1752  C     69.10000000   79.75000000   84.16000000   202  1750  1753  1754  1755
  1753  H     69.37000000   80.66000000   83.58000000   203  1752
  1754  H     69.31000000   78.86000000   83.52000000   203  1752
  1755  C     67.57000000   79.79000000   84.38000000   204  1752  1756  1757  1758
  1756  H     67.28000000   78.94000000   85.02000000   205  1755
  1757  H     67.30000000   80.73000000   84.92000000   205  1755
  1758  C     66.81000000   79.73000000   83.05000000   206  1755  1759  1760  1761
  1759  H     67.14000000   80.55000000   82.39000000   207  1758
  1760  H     67.01000000   78.76000000   82.53000000   207  1758
  1761  N     65.34000000   79.81000000   83.34000000   208  1758  1762  1763
  1762  HN    64.87000000   78.99000000   83.68000000   209  1761
  1763  C     64.50000000   80.71000000   82.86000000   210  1761  1764  1767
  1764  N     64.82000000   81.80000000   82.20000000   211  1763  1765  1766
  1765  HN    65.77000000   81.93000000   81.86000000   212  1764
  1766  HN    64.08000000   82.35000000   81.83000000   212  1764
  1767  N     63.22000000   80.46000000   83.06000000   211  1763  1768  1769
  1768  HN    63.01000000   79.50000000   83.29000000   212  1767
  1769  HN    62.54000000   80.95000000   82.48000000   212  1767
  1770  C     71.43000000   79.41000000   84.99000000     9  1750  1771  1772
  1771  O     71.94000000   78.31000000   85.14000000    11  1770
  1772  N     72.14000000   80.47000000   84.54000000     7  1770  1773  1774
  1773  HN    71.66000000   81.34000000   84.39000000    10  1772
  1774  CA    73.56000000   80.46000000   84.22000000     8  1772  1775  1776  1789
  1775  H     73.74000000   79.74000000   83.44000000    12  1774
  1776  C     73.95000000   81.90000000   83.78000000    19  1774  1777  1778  1779
  1777  H     73.19000000   82.21000000   83.02000000    20  1776
  1778  H     73.83000000   82.61000000   84.62000000    20  1776
  1779  C     75.34000000   82.15000000   83.13000000    21  1776  1780  1781  1785
  1780  H     75.44000000   81.48000000   82.25000000    22  1779
  1781  C     75.40000000   83.60000000   82.62000000    23  1779  1782  1783  1784
  1782  H     76.37000000   83.80000000   82.14000000    24  1781
  1783  H     74.59000000   83.78000000   81.88000000    24  1781
  1784  H     75.27000000   84.30000000   83.47000000    24  1781
  1785  C     76.55000000   81.92000000   84.05000000    23  1779  1786  1787  1788
  1786  H     77.47000000   82.29000000   83.55000000    24  1785
  1787  H     76.42000000   82.47000000   85.00000000    24  1785
  1788  H     76.70000000   80.84000000   84.26000000    24  1785
  1789  C     74.38000000   80.05000000   85.43000000     9  1774  1790  1791
  1790  O     75.27000000   79.20000000   85.37000000    11  1789
  1791  N     74.07000000   80.64000000   86.60000000     7  1789  1792  1793
  1792  HN    73.33000000   81.32000000   86.64000000    10  1791
  1793  CA    74.78000000   80.34000000   87.82000000     8  1791  1794  1795  1806
  1794  H     75.81000000   80.54000000   87.60000000    12  1793
  1795  C     74.37000000   81.33000000   88.95000000   167  1793  1796  1797  1798
  1796  H     74.40000000   82.34000000   88.50000000   168  1795
  1797  H     73.32000000   81.14000000   89.24000000   168  1795
  1798  C     75.28000000   81.26000000   90.22000000   169  1795  1799  1800  1801
  1799  H     74.68000000   80.87000000   91.07000000   170  1798
  1800  H     76.11000000   80.55000000   90.05000000   170  1798
  1801  C     75.90000000   82.60000000   90.64000000   171  1798  1802  1803
  1802  O     75.92000000   83.60000000   89.93000000   172  1801
  1803  N     76.45000000   82.61000000   91.88000000   173  1801  1804  1805
  1804  HN    76.43000000   81.78000000   92.44000000   174  1803
  1805  HN    76.71000000   83.49000000   92.29000000   174  1803
  1806  C     74.66000000   78.88000000   88.26000000     9  1793  1807  1808
  1807  O     75.65000000   78.24000000   88.61000000    11  1806
  1808  N     73.44000000   78.30000000   88.22000000     7  1806  1809  1810
  1809  HN    72.65000000   78.85000000   87.93000000    10  1808
  1810  CA    73.18000000   76.92000000   88.57000000     8  1808  1811  1812  1823
  1811  H     73.70000000   76.71000000   89.49000000    12  1810
  1812  C     71.68000000   76.66000000   88.81000000   175  1810  1813  1814  1815
  1813  H     71.13000000   76.86000000   87.86000000   176  1812
  1814  H     71.53000000   75.59000000   89.08000000   176  1812
  1815  C     71.04000000   77.50000000   89.94000000   177  1812  1816  1817  1818
  1816  H     71.03000000   78.57000000   89.65000000   178  1815
  1817  H     69.97000000   77.19000000   90.01000000   178  1815
  1818  S     71.75000000   77.32000000   91.60000000   179  1815  1819
  1819  C     73.00000000   78.61000000   91.43000000   180  1818  1820  1821  1822
  1820  H     73.41000000   78.87000000   92.41000000   181  1819
  1821  H     73.86000000   78.28000000   90.82000000   181  1819
  1822  H     72.58000000   79.53000000   90.97000000   181  1819
  1823  C     73.74000000   75.88000000   87.60000000     9  1810  1824  1825
  1824  O     74.30000000   74.87000000   88.03000000    11  1823
  1825  N     73.63000000   76.14000000   86.28000000     7  1823  1826  1827
  1826  HN    73.13000000   76.95000000   85.96000000    10  1825
  1827  CA    74.16000000   75.29000000   85.22000000     8  1825  1828  1829  1838
  1828  H     73.72000000   74.31000000   85.34000000    12  1827
  1829  C     73.76000000   75.85000000   83.83000000   153  1827  1830  1831  1832
  1830  H     73.87000000   76.95000000   83.84000000   154  1829
  1831  H     74.45000000   75.47000000   83.03000000   154  1829
  1832  C     72.32000000   75.48000000   83.41000000   155  1829  1833  1834  1835
  1833  H     71.59000000   75.83000000   84.17000000   156  1832
  1834  H     72.07000000   75.98000000   82.45000000   156  1832
  1835  C     72.13000000   73.99000000   83.19000000   157  1832  1836  1837
  1836  O     72.91000000   73.39000000   82.41000000   158  1835
  1837  O     71.21000000   73.40000000   83.81000000   158  1835
  1838  C     75.67000000   75.07000000   85.31000000     9  1827  1839  1840
  1839  O     76.17000000   73.97000000   85.09000000    11  1838
  1840  N     76.43000000   76.11000000   85.67000000     7  1838  1841  1842
  1841  HN    76.02000000   77.02000000   85.78000000    10  1840
  1842  CA    77.86000000   75.98000000   85.89000000     8  1840  1843  1844  1848
  1843  H     78.27000000   75.39000000   85.09000000    12  1842
  1844  C     78.50000000   77.38000000   85.81000000    13  1842  1845  1846  1847
  1845  H     79.61000000   77.31000000   85.94000000    14  1844
  1846  H     78.29000000   77.83000000   84.82000000    14  1844
  1847  H     78.08000000   78.04000000   86.59000000    14  1844
  1848  C     78.24000000   75.28000000   87.20000000     9  1842  1849  1850
  1849  O     79.35000000   74.76000000   87.31000000    11  1848
  1850  N     77.35000000   75.19000000   88.21000000     7  1848  1851  1852
  1851  HN    76.44000000   75.60000000   88.12000000    10  1850
  1852  CA    77.60000000   74.41000000   89.43000000     8  1850  1853  1854  1870
  1853  H     78.59000000   74.66000000   89.76000000    12  1852
  1854  C     76.59000000   74.75000000   90.58000000   182  1852  1855  1856  1857
  1855  H     76.53000000   75.86000000   90.65000000   183  1854
  1856  H     75.58000000   74.38000000   90.30000000   183  1854
  1857  C     76.98000000   74.21000000   91.98000000   184  1854  1858  1859  1860
  1858  H     76.97000000   73.09000000   91.96000000   185  1857
  1859  H     78.01000000   74.53000000   92.22000000   185  1857
  1860  C     76.05000000   74.70000000   93.11000000   186  1857  1861  1862  1863
  1861  H     76.02000000   75.81000000   93.10000000   187  1860
  1862  H     75.02000000   74.34000000   92.88000000   187  1860
  1863  C     76.38000000   74.22000000   94.55000000   188  1860  1864  1865  1866
  1864  H     75.54000000   74.51000000   95.22000000   189  1863
  1865  H     76.48000000   73.12000000   94.58000000   189  1863
  1866  N     77.61000000   74.82000000   95.12000000   190  1863  1867  1868  1869
  1867  HN    77.55000000   74.94000000   96.16000000   191  1866
  1868  HN    78.47000000   74.26000000   94.89000000   191  1866
  1869  HN    77.77000000   75.77000000   94.70000000   191  1866
  1870  C     77.67000000   72.92000000   89.15000000     9  1852  1871  1872
  1871  O     78.53000000   72.21000000   89.68000000    11  1870
  1872  N     76.82000000   72.43000000   88.23000000     7  1870  1873  1874
  1873  HN    76.12000000   73.01000000   87.83000000    10  1872
  1874  CA    76.88000000   71.07000000   87.70000000     8  1872  1875  1876  1889
  1875  H     76.79000000   70.39000000   88.54000000    12  1874
  1876  C     75.71000000   70.83000000   86.71000000    19  1874  1877  1878  1879
  1877  H     75.80000000   71.54000000   85.86000000    20  1876
  1878  H     75.80000000   69.80000000   86.29000000    20  1876
  1879  C     74.29000000   70.96000000   87.31000000    21  1876  1880  1881  1885
  1880  H     74.18000000   71.98000000   87.75000000    22  1879
  1881  C     73.23000000   70.80000000   86.21000000    23  1879  1882  1883  1884
  1882  H     72.21000000   70.81000000   86.64000000    24  1881
  1883  H     73.31000000   71.63000000   85.48000000    24  1881
  1884  H     73.37000000   69.84000000   85.67000000    24  1881
  1885  C     74.03000000   69.92000000   88.42000000    23  1879  1886  1887  1888
  1886  H     73.02000000   70.05000000   88.84000000    24  1885
  1887  H     74.12000000   68.89000000   88.01000000    24  1885
  1888  H     74.76000000   70.04000000   89.25000000    24  1885
  1889  C     78.21000000   70.74000000   87.02000000     9  1874  1890  1891
  1890  O     78.76000000   69.66000000   87.19000000    11  1889
  1891  N     78.78000000   71.70000000   86.26000000     7  1889  1892  1893
  1892  HN    78.27000000   72.54000000   86.06000000    10  1891
  1893  CA    80.11000000   71.59000000   85.70000000     8  1891  1894  1895  1913
  1894  H     80.13000000   70.66000000   85.15000000    12  1893
  1895  C     80.44000000   72.74000000   84.72000000    89  1893  1896  1897  1898
  1896  H     80.15000000   73.72000000   85.17000000    90  1895
  1897  H     81.53000000   72.78000000   84.52000000    90  1895
  1898  C     79.76000000   72.56000000   83.41000000    91  1895  1899  1904
  1899  C     78.67000000   73.21000000   82.92000000    92  1898  1900  1901
  1900  H     78.16000000   74.03000000   83.42000000    93  1899
  1901  N     78.24000000   72.59000000   81.77000000    95  1899  1902  1903
  1902  HN    77.31000000   72.60000000   81.46000000    96  1901
  1903  C     79.05000000   71.54000000   81.49000000    97  1901  1904  1909
  1904  C     80.03000000   71.48000000   82.51000000    94  1898  1903  1905
  1905  C     80.98000000   70.46000000   82.49000000    98  1904  1906  1907
  1906  H     81.72000000   70.37000000   83.28000000    99  1905
  1907  C     80.93000000   69.53000000   81.46000000   102  1905  1908  1911
  1908  H     81.63000000   68.72000000   81.47000000   103  1907
  1909  C     79.01000000   70.62000000   80.46000000   100  1903  1910  1911
  1910  H     78.24000000   70.66000000   79.70000000   101  1909
  1911  C     79.97000000   69.60000000   80.46000000   104  1907  1909  1912
  1912  H     79.95000000   68.84000000   79.69000000   105  1911
  1913  C     81.23000000   71.43000000   86.72000000     9  1893  1914  1915
  1914  O     82.16000000   70.65000000   86.52000000    11  1913
  1915  N     81.15000000   72.17000000   87.85000000     1  1913  1916  1917
  1916  HN    80.40000000   72.82000000   87.96000000     4  1915
  1917  CA    82.07000000   72.00000000   88.97000000     2  1915  1918  1919  1920
  1918  H     83.08000000   72.19000000   88.63000000     6  1917
  1919  H     81.76000000   72.67000000   89.76000000     6  1917
  1920  C     82.05000000   70.61000000   89.55000000     3  1917  1921  1922
  1921  O     83.09000000   69.99000000   89.74000000     5  1920
  1922  N     80.84000000   70.06000000   89.77000000     7  1920  1923  1924
  1923  HN    80.01000000   70.60000000   89.62000000    10  1922
  1924  CA    80.64000000   68.70000000   90.22000000     8  1922  1925  1926  1935
  1925  H     81.16000000   68.58000000   91.16000000    12  1924
  1926  C     79.12000000   68.43000000   90.43000000   153  1924  1927  1928  1929
  1927  H     78.59000000   68.62000000   89.47000000   154  1926
  1928  H     78.96000000   67.36000000   90.71000000   154  1926
  1929  C     78.51000000   69.32000000   91.54000000   155  1926  1930  1931  1932
  1930  H     78.86000000   68.97000000   92.54000000   156  1929
  1931  H     78.84000000   70.37000000   91.41000000   156  1929
  1932  C     76.98000000   69.36000000   91.56000000   157  1929  1933  1934
  1933  O     76.31000000   68.60000000   90.82000000   158  1932
  1934  O     76.44000000   70.19000000   92.34000000   158  1932
  1935  C     81.23000000   67.67000000   89.26000000     9  1924  1936  1937
  1936  O     81.94000000   66.75000000   89.66000000    11  1935
  1937  N     81.00000000   67.84000000   87.94000000     7  1935  1938  1939
  1938  HN    80.39000000   68.58000000   87.65000000    10  1937
  1939  CA    81.56000000   67.00000000   86.90000000     8  1937  1940  1941  1950
  1940  H     81.30000000   65.98000000   87.14000000    12  1939
  1941  C     80.91000000   67.35000000   85.53000000   153  1939  1942  1943  1944
  1942  H     79.81000000   67.29000000   85.65000000   154  1941
  1943  H     81.15000000   68.41000000   85.28000000   154  1941
  1944  C     81.34000000   66.44000000   84.35000000   155  1941  1945  1946  1947
  1945  H     80.82000000   66.77000000   83.42000000   156  1944
  1946  H     82.43000000   66.53000000   84.17000000   156  1944
  1947  C     81.02000000   64.97000000   84.55000000   157  1944  1948  1949
  1948  O     80.13000000   64.61000000   85.37000000   158  1947
  1949  O     81.63000000   64.13000000   83.84000000   158  1947
  1950  C     83.09000000   67.02000000   86.82000000     9  1939  1951  1952
  1951  O     83.74000000   65.98000000   86.66000000    11  1950
  1952  N     83.72000000   68.21000000   86.99000000     7  1950  1953  1954
  1953  HN    83.17000000   69.04000000   87.07000000    10  1952
  1954  CA    85.16000000   68.36000000   87.12000000     8  1952  1955  1956  1971
  1955  H     85.63000000   67.93000000   86.25000000    12  1954
  1956  C     85.49000000   69.89000000   87.18000000    70  1954  1957  1958  1959
  1957  H     85.13000000   70.36000000   86.23000000    71  1956
  1958  H     84.92000000   70.36000000   88.01000000    71  1956
  1959  C     86.95000000   70.25000000   87.36000000    72  1956  1960  1967
  1960  C     87.80000000   70.34000000   86.25000000    73  1959  1961  1962
  1961  H     87.43000000   70.07000000   85.27000000    74  1960
  1962  C     89.13000000   70.77000000   86.38000000    75  1960  1963  1964
  1963  H     89.77000000   70.83000000   85.52000000    76  1962
  1964  C     89.63000000   71.12000000   87.64000000    77  1962  1965  1969
  1965  OH    90.97000000   71.55000000   87.74000000    78  1964  1966
  1966  HO    91.25000000   71.49000000   88.67000000    79  1965
  1967  C     87.46000000   70.62000000   88.62000000    73  1959  1968  1969
  1968  H     86.82000000   70.57000000   89.49000000    74  1967
  1969  C     88.79000000   71.05000000   88.76000000    75  1964  1967  1970
  1970  H     89.17000000   71.32000000   89.74000000    76  1969
  1971  C     85.72000000   67.62000000   88.33000000     9  1954  1972  1973
  1972  O     86.67000000   66.84000000   88.22000000    11  1971
  1973  N     85.06000000   67.77000000   89.49000000     7  1971  1974  1975
  1974  HN    84.29000000   68.42000000   89.53000000    10  1973
  1975  CA    85.39000000   67.12000000   90.75000000     8  1973  1976  1977  1985
  1976  H     86.42000000   67.37000000   90.97000000    12  1975
  1977  C     84.51000000   67.68000000   91.89000000   147  1975  1978  1979  1980
  1978  H     83.44000000   67.56000000   91.63000000   148  1977
  1979  H     84.70000000   67.13000000   92.84000000   148  1977
  1980  C     84.82000000   69.15000000   92.14000000   149  1977  1981  1982
  1981  O     85.86000000   69.71000000   91.76000000   150  1980
  1982  N     83.86000000   69.84000000   92.79000000   151  1980  1983  1984
  1983  HN    83.04000000   69.35000000   93.10000000   152  1982
  1984  HN    83.96000000   70.83000000   92.89000000   152  1982
  1985  C     85.34000000   65.59000000   90.72000000     9  1975  1986  1987
  1986  O     86.19000000   64.92000000   91.31000000    11  1985
  1987  N     84.37000000   65.01000000   89.97000000     7  1985  1988  1989
  1988  HN    83.66000000   65.59000000   89.57000000    10  1987
  1989  CA    84.28000000   63.58000000   89.70000000     8  1987  1990  1991  2009
  1990  H     84.15000000   63.07000000   90.65000000    12  1989
  1991  C     83.07000000   63.22000000   88.79000000   202  1989  1992  1993  1994
  1992  H     83.12000000   63.85000000   87.87000000   203  1991
  1993  H     83.14000000   62.15000000   88.46000000   203  1991
  1994  C     81.70000000   63.39000000   89.46000000   204  1991  1995  1996  1997
  1995  H     81.60000000   62.66000000   90.29000000   205  1994
  1996  H     81.64000000   64.41000000   89.90000000   205  1994
  1997  C     80.55000000   63.21000000   88.46000000   206  1994  1998  1999  2000
  1998  H     80.74000000   63.81000000   87.55000000   207  1997
  1999  H     80.44000000   62.14000000   88.17000000   207  1997
  2000  N     79.30000000   63.65000000   89.16000000   208  1997  2001  2002
  2001  HN    79.14000000   63.32000000   90.10000000   209  2000
  2002  C     78.52000000   64.66000000   88.80000000   210  2000  2003  2006
  2003  N     78.59000000   65.24000000   87.62000000   211  2002  2004  2005
  2004  HN    79.22000000   64.90000000   86.91000000   212  2003
  2005  HN    77.95000000   65.98000000   87.39000000   212  2003
  2006  N     77.61000000   65.07000000   89.66000000   211  2002  2007  2008
  2007  HN    77.54000000   64.67000000   90.57000000   212  2006
  2008  HN    76.96000000   65.79000000   89.40000000   212  2006
  2009  C     85.53000000   62.97000000   89.07000000     9  1989  2010  2011
  2010  O     85.89000000   61.83000000   89.35000000    11  2009
  2011  N     86.26000000   63.74000000   88.25000000     7  2009  2012  2013
  2012  HN    85.99000000   64.69000000   88.08000000    10  2011
  2013  CA    87.43000000   63.26000000   87.54000000     8  2011  2014  2015  2026
  2014  H     87.31000000   62.21000000   87.30000000    12  2013
  2015  C     87.62000000   64.04000000   86.21000000   117  2013  2016  2017  2020
  2016  H     87.55000000   65.13000000   86.40000000   118  2015
  2017  H     88.63000000   63.84000000   85.78000000   118  2015
  2018  N     85.29000000   63.97000000   85.13000000   120  2019  2020  2021
  2019  HN    84.79000000   64.49000000   85.83000000   121  2018
  2020  C     86.64000000   63.67000000   85.12000000   119  2015  2018  2024
  2021  C     84.78000000   63.55000000   83.94000000   124  2018  2022  2023
  2022  H     83.72000000   63.63000000   83.70000000   125  2021
  2023  N     85.72000000   63.03000000   83.16000000   126  2021  2024
  2024  C     86.88000000   63.10000000   83.91000000   122  2020  2023  2025
  2025  H     87.82000000   62.74000000   83.51000000   123  2024
  2026  C     88.70000000   63.38000000   88.39000000     9  2013  2027  2028
  2027  O     89.81000000   63.15000000   87.91000000    11  2026
  2028  N     88.55000000   63.72000000   89.68000000     7  2026  2029  2030
  2029  HN    87.63000000   63.94000000   90.01000000    10  2028
  2030  CA    89.60000000   63.66000000   90.68000000     8  2028  2031  2032  2048
  2031  H     89.11000000   63.96000000   91.60000000    12  2030
  2032  C     90.06000000   62.20000000   91.00000000   182  2030  2033  2034  2035
  2033  H     90.43000000   61.72000000   90.07000000   183  2032
  2034  H     90.91000000   62.24000000   91.72000000   183  2032
  2035  C     88.93000000   61.38000000   91.65000000   184  2032  2036  2037  2038
  2036  H     88.53000000   61.97000000   92.50000000   185  2035
  2037  H     88.10000000   61.25000000   90.92000000   185  2035
  2038  C     89.37000000   60.01000000   92.21000000   186  2035  2039  2040  2041
  2039  H     90.34000000   60.16000000   92.74000000   187  2038
  2040  H     88.64000000   59.68000000   92.99000000   187  2038
  2041  C     89.54000000   58.90000000   91.17000000   188  2038  2042  2043  2044
  2042  H     90.09000000   59.28000000   90.29000000   189  2041
  2043  H     90.09000000   58.04000000   91.60000000   189  2041
  2044  N     88.23000000   58.40000000   90.71000000   190  2041  2045  2046  2047
  2045  HN    88.35000000   58.02000000   89.73000000   191  2044
  2046  HN    87.86000000   57.61000000   91.29000000   191  2044
  2047  HN    87.49000000   59.14000000   90.71000000   191  2044
  2048  C     90.73000000   64.69000000   90.55000000     9  2030  2049  2050
  2049  O     91.90000000   64.32000000   90.60000000    11  2048
  2050  N     90.44000000   65.99000000   90.34000000    50  2048  2051  2054
  2051  C     89.13000000   66.57000000   90.65000000    59  2050  2052  2053  2059
  2052  H     88.69000000   66.14000000   91.58000000    60  2051
  2053  H     88.45000000   66.39000000   89.79000000    60  2051
  2054  CA    91.46000000   67.03000000   90.22000000    51  2050  2055  2056  2062
  2055  H     92.11000000   66.76000000   89.40000000    54  2054
  2056  C     90.60000000   68.28000000   89.95000000    55  2054  2057  2058  2059
  2057  H     91.12000000   69.23000000   90.18000000    56  2056
  2058  H     90.30000000   68.30000000   88.88000000    56  2056
  2059  C     89.36000000   68.07000000   90.81000000    57  2051  2056  2060  2061
  2060  H     89.60000000   68.30000000   91.88000000    58  2059
  2061  H     88.50000000   68.67000000   90.49000000    58  2059
  2062  C     92.32000000   67.21000000   91.47000000    52  2054  2063  2064
  2063  O     91.87000000   66.77000000   92.53000000    53  2062
  2064  N     93.49000000   67.83000000   91.45000000    50  2062  2065  2068
  2065  C     94.19000000   68.23000000   90.22000000    59  2064  2066  2067  2073
  2066  H     93.54000000   68.81000000   89.54000000    60  2065
  2067  H     94.58000000   67.31000000   89.71000000    60  2065
  2068  CA    94.33000000   68.00000000   92.64000000    51  2064  2069  2070  2076
  2069  H     94.38000000   67.06000000   93.17000000    54  2068
  2070  C     95.69000000   68.42000000   92.07000000    55  2068  2071  2072  2073
  2071  H     96.28000000   69.08000000   92.74000000    56  2070
  2072  H     96.29000000   67.50000000   91.87000000    56  2070
  2073  C     95.35000000   69.08000000   90.73000000    57  2065  2070  2074  2075
  2074  H     94.99000000   70.12000000   90.90000000    58  2073
  2075  H     96.21000000   69.10000000   90.03000000    58  2073
  2076  C     93.76000000   69.02000000   93.60000000    52  2068  2077  2078
  2077  O     94.15000000   69.03000000   94.77000000    53  2076
  2078  N     92.88000000   69.91000000   93.13000000     7  2076  2079  2080
  2079  HN    92.69000000   69.92000000   92.15000000    10  2078
  2080  CA    92.07000000   70.78000000   93.96000000     8  2078  2081  2082  2098
  2081  H     92.00000000   70.36000000   94.96000000    12  2080
  2082  C     92.59000000   72.23000000   94.04000000   182  2080  2083  2084  2085
  2083  H     92.65000000   72.65000000   93.01000000   183  2082
  2084  H     91.88000000   72.86000000   94.62000000   183  2082
  2085  C     93.97000000   72.32000000   94.69000000   184  2082  2086  2087  2088
  2086  H     93.91000000   71.91000000   95.73000000   185  2085
  2087  H     94.69000000   71.68000000   94.13000000   185  2085
  2088  C     94.51000000   73.75000000   94.72000000   186  2085  2089  2090  2091
  2089  H     94.57000000   74.12000000   93.67000000   187  2088
  2090  H     93.79000000   74.40000000   95.27000000   187  2088
  2091  C     95.89000000   73.80000000   95.37000000   188  2088  2092  2093  2094
  2092  H     95.84000000   73.43000000   96.42000000   189  2091
  2093  H     96.59000000   73.15000000   94.80000000   189  2091
  2094  N     96.43000000   75.17000000   95.38000000   190  2091  2095  2096  2097
  2095  HN    97.40000000   75.12000000   95.76000000   191  2094
  2096  HN    96.50000000   75.57000000   94.40000000   191  2094
  2097  HN    95.85000000   75.80000000   95.96000000   191  2094
  2098  C     90.66000000   70.81000000   93.39000000     9  2080  2099  2100
  2099  O     90.46000000   71.05000000   92.20000000    11  2098
  2100  N     89.66000000   70.55000000   94.23000000     7  2098  2101  2102
  2101  HN    89.84000000   70.40000000   95.21000000    10  2100
  2102  CA    88.27000000   70.62000000   93.85000000     8  2100  2103  2104  2115
  2103  H     88.18000000   70.27000000   92.83000000    12  2102
  2104  C     87.38000000   69.70000000   94.72000000   167  2102  2105  2106  2107
  2105  H     87.52000000   69.96000000   95.79000000   168  2104
  2106  H     86.32000000   69.87000000   94.46000000   168  2104
  2107  C     87.68000000   68.19000000   94.49000000   169  2104  2108  2109  2110
  2108  H     87.55000000   67.96000000   93.41000000   170  2107
  2109  H     88.72000000   67.96000000   94.78000000   170  2107
  2110  C     86.70000000   67.31000000   95.27000000   171  2107  2111  2112
  2111  O     85.47000000   67.43000000   95.14000000   172  2110
  2112  N     87.23000000   66.40000000   96.11000000   173  2110  2113  2114
  2113  HN    88.20000000   66.44000000   96.36000000   174  2112
  2114  HN    86.60000000   65.80000000   96.59000000   174  2112
  2115  C     87.74000000   72.04000000   93.85000000     9  2102  2116  2117
  2116  O     88.20000000   72.91000000   94.60000000    11  2115
  2117  N     86.74000000   72.32000000   92.99000000     7  2115  2118  2119
  2118  HN    86.37000000   71.58000000   92.41000000    10  2117
  2119  CA    86.14000000   73.63000000   92.84000000     8  2117  2120  2121  2131
  2120  H     86.67000000   74.35000000   93.45000000    12  2119
  2121  C     86.14000000   74.13000000   91.39000000    15  2119  2122  2123  2127
  2122  H     85.73000000   75.17000000   91.38000000    16  2121
  2123  C     87.60000000   74.19000000   90.88000000    17  2121  2124  2125  2126
  2124  H     87.64000000   74.59000000   89.85000000    18  2123
  2125  H     88.22000000   74.82000000   91.55000000    18  2123
  2126  H     88.05000000   73.17000000   90.86000000    18  2123
  2127  C     85.27000000   73.26000000   90.47000000    17  2121  2128  2129  2130
  2128  H     85.36000000   73.61000000   89.42000000    18  2127
  2129  H     85.60000000   72.20000000   90.50000000    18  2127
  2130  H     84.20000000   73.30000000   90.75000000    18  2127
  2131  C     84.72000000   73.59000000   93.37000000     9  2119  2132  2133
  2132  O     84.12000000   72.53000000   93.51000000    11  2131
  2133  N     84.11000000   74.76000000   93.68000000     7  2131  2134  2135
  2134  HN    84.61000000   75.63000000   93.67000000    10  2133
  2135  CA    82.68000000   74.79000000   93.88000000     8  2133  2136  2137  2143
  2136  H     82.25000000   74.10000000   93.17000000    12  2135
  2137  C     82.24000000   74.34000000   95.31000000   137  2135  2138  2139  2140
  2138  H     82.76000000   73.39000000   95.56000000   138  2137
  2139  H     82.53000000   75.09000000   96.06000000   138  2137
  2140  C     80.75000000   74.06000000   95.45000000   139  2137  2141  2142
  2141  O     80.04000000   73.95000000   94.42000000   140  2140
  2142  O     80.29000000   73.87000000   96.60000000   140  2140
  2143  C     82.14000000   76.16000000   93.47000000     9  2135  2144  2145
  2144  O     82.78000000   77.20000000   93.59000000    11  2143
  2145  N     80.94000000   76.17000000   92.92000000     7  2143  2146  2147
  2146  HN    80.44000000   75.29000000   92.89000000    10  2145
  2147  CA    80.29000000   77.31000000   92.33000000     8  2145  2148  2149  2162
  2148  H     80.98000000   78.13000000   92.24000000    12  2147
  2149  C     79.77000000   76.92000000   90.95000000    25  2147  2150  2151  2155
  2150  H     79.36000000   75.90000000   91.05000000    26  2149
  2151  C     78.64000000   77.84000000   90.49000000    29  2149  2152  2153  2154
  2152  H     78.31000000   77.54000000   89.47000000    30  2151
  2153  H     77.74000000   77.80000000   91.15000000    30  2151
  2154  H     79.01000000   78.88000000   90.45000000    30  2151
  2155  C     80.90000000   76.89000000   89.88000000    27  2149  2156  2157  2158
  2156  H     80.43000000   77.07000000   88.89000000    28  2155
  2157  H     81.62000000   77.72000000   90.07000000    28  2155
  2158  C     81.66000000   75.57000000   89.78000000    31  2155  2159  2160  2161
  2159  H     82.39000000   75.59000000   88.94000000    32  2158
  2160  H     82.21000000   75.33000000   90.71000000    32  2158
  2161  H     80.94000000   74.74000000   89.59000000    32  2158
  2162  C     79.18000000   77.74000000   93.27000000     9  2147  2163  2164
  2163  O     78.28000000   76.98000000   93.60000000    11  2162
  2164  N     79.23000000   78.99000000   93.77000000     7  2162  2165  2166
  2165  HN    79.95000000   79.63000000   93.50000000    10  2164
  2166  CA    78.32000000   79.45000000   94.80000000     8  2164  2167  2168  2179
  2167  H     78.34000000   78.70000000   95.58000000    12  2166
  2168  C     78.85000000   80.75000000   95.45000000   175  2166  2169  2170  2171
  2169  H     79.00000000   81.50000000   94.64000000   176  2168
  2170  H     78.09000000   81.15000000   96.14000000   176  2168
  2171  C     80.18000000   80.56000000   96.22000000   177  2168  2172  2173  2174
  2172  H     80.96000000   80.20000000   95.53000000   178  2171
  2173  H     80.49000000   81.58000000   96.55000000   178  2171
  2174  S     80.11000000   79.49000000   97.70000000   179  2171  2175
  2175  C     80.50000000   77.86000000   96.97000000   180  2174  2176  2177  2178
  2176  H     80.80000000   77.14000000   97.76000000   181  2175
  2177  H     79.62000000   77.41000000   96.47000000   181  2175
  2178  H     81.32000000   77.93000000   96.23000000   181  2175
  2179  C     76.85000000   79.55000000   94.42000000     9  2166  2180  2181
  2180  O     76.47000000   80.15000000   93.41000000    11  2179
  2181  N     75.97000000   78.94000000   95.25000000     7  2179  2182  2183
  2182  HN    76.33000000   78.39000000   96.02000000    10  2181
  2183  CA    74.53000000   78.92000000   95.02000000     8  2181  2184  2185  2196
  2184  H     74.41000000   78.55000000   94.03000000    12  2183
  2185  C     73.78000000   77.94000000   95.97000000   167  2183  2186  2187  2188
  2186  H     74.31000000   76.96000000   95.94000000   168  2185
  2187  H     73.87000000   78.33000000   97.01000000   168  2185
  2188  C     72.29000000   77.73000000   95.59000000   169  2185  2189  2190  2191
  2189  H     71.77000000   78.70000000   95.46000000   170  2188
  2190  H     72.23000000   77.17000000   94.63000000   170  2188
  2191  C     71.51000000   76.98000000   96.68000000   171  2188  2192  2193
  2192  O     71.48000000   77.41000000   97.84000000   172  2191
  2193  N     70.83000000   75.87000000   96.32000000   173  2191  2194  2195
  2194  HN    70.92000000   75.49000000   95.40000000   174  2193
  2195  HN    70.28000000   75.42000000   97.02000000   174  2193
  2196  C     73.89000000   80.30000000   95.12000000     9  2183  2197  2198
  2197  O     73.95000000   80.96000000   96.16000000    11  2196
  2198  N     73.20000000   80.75000000   94.05000000     7  2196  2199  2200
  2199  HN    73.13000000   80.18000000   93.24000000    10  2198
  2200  CA    72.51000000   82.01000000   93.98000000     8  2198  2201  2202  2213
  2201  H     72.62000000   82.54000000   94.92000000    12  2200
  2202  C     73.05000000   82.90000000   92.83000000   175  2200  2203  2204  2205
  2203  H     74.14000000   83.01000000   93.02000000   176  2202
  2204  H     72.93000000   82.37000000   91.86000000   176  2202
  2205  C     72.43000000   84.31000000   92.74000000   177  2202  2206  2207  2208
  2206  H     71.37000000   84.24000000   92.42000000   178  2205
  2207  H     72.43000000   84.74000000   93.76000000   178  2205
  2208  S     73.34000000   85.43000000   91.64000000   179  2205  2209
  2209  C     72.76000000   84.82000000   90.04000000   180  2208  2210  2211  2212
  2210  H     73.26000000   85.36000000   89.21000000   181  2209
  2211  H     72.97000000   83.73000000   89.92000000   181  2209
  2212  H     71.67000000   84.97000000   89.93000000   181  2209
  2213  C     71.03000000   81.77000000   93.77000000     9  2200  2214  2215
  2214  O     70.62000000   80.84000000   93.07000000    11  2213
  2215  N     70.20000000   82.61000000   94.39000000     7  2213  2216  2217
  2216  HN    70.57000000   83.31000000   94.99000000    10  2215
  2217  CA    68.76000000   82.59000000   94.28000000     8  2215  2218  2219  2224
  2218  H     68.46000000   82.05000000   93.39000000    12  2217
  2219  C     68.10000000   81.94000000   95.52000000    43  2217  2220  2221  2222
  2220  H     67.00000000   81.93000000   95.42000000    44  2219
  2221  H     68.43000000   80.87000000   95.54000000    44  2219
  2222  SH    68.58000000   82.73000000   97.09000000    45  2219  2223
  2223  HS    69.79000000   82.16000000   97.15000000    46  2222
  2224  C     68.31000000   84.03000000   94.09000000     9  2217  2225  2226
  2225  O     69.12000000   84.95000000   94.12000000    11  2224
  2226  N     67.01000000   84.26000000   93.84000000     7  2224  2227  2228
  2227  HN    66.35000000   83.50000000   93.78000000    10  2226
  2228  CA    66.46000000   85.61000000   93.72000000     8  2226  2229  2230  2243
  2229  H     67.24000000   86.35000000   93.82000000    12  2228
  2230  C     65.74000000   85.84000000   92.40000000    25  2228  2231  2232  2236
  2231  H     64.98000000   85.04000000   92.27000000    26  2230
  2232  C     65.01000000   87.20000000   92.33000000    29  2230  2233  2234  2235
  2233  H     64.61000000   87.36000000   91.31000000    30  2232
  2234  H     64.15000000   87.24000000   93.04000000    30  2232
  2235  H     65.70000000   88.03000000   92.57000000    30  2232
  2236  C     66.72000000   85.73000000   91.22000000    27  2230  2237  2238  2239
  2237  H     67.07000000   86.75000000   90.92000000    28  2236
  2238  H     67.62000000   85.17000000   91.53000000    28  2236
  2239  C     66.08000000   85.02000000   90.03000000    31  2236  2240  2241  2242
  2240  H     66.86000000   84.81000000   89.27000000    32  2239
  2241  H     65.63000000   84.05000000   90.34000000    32  2239
  2242  H     65.28000000   85.64000000   89.57000000    32  2239
  2243  C     65.49000000   85.83000000   94.85000000     9  2228  2244  2245
  2244  O     64.66000000   84.98000000   95.15000000    11  2243
  2245  N     65.56000000   87.00000000   95.51000000     7  2243  2246  2247
  2246  HN    66.26000000   87.68000000   95.27000000    10  2245
  2247  CA    64.55000000   87.42000000   96.45000000     8  2245  2248  2249  2262
  2248  H     63.87000000   86.61000000   96.66000000    12  2247
  2249  C     65.12000000   87.87000000   97.80000000    25  2247  2250  2251  2255
  2250  H     64.32000000   88.38000000   98.39000000    26  2249
  2251  C     65.53000000   86.60000000   98.57000000    29  2249  2252  2253  2254
  2252  H     65.87000000   86.85000000   99.60000000    30  2251
  2253  H     64.66000000   85.90000000   98.67000000    30  2251
  2254  H     66.35000000   86.07000000   98.05000000    30  2251
  2255  C     66.30000000   88.86000000   97.63000000    27  2249  2256  2257  2258
  2256  H     67.16000000   88.34000000   97.15000000    28  2255
  2257  H     65.97000000   89.67000000   96.94000000    28  2255
  2258  C     66.76000000   89.51000000   98.94000000    31  2255  2259  2260  2261
  2259  H     67.60000000   90.21000000   98.74000000    32  2258
  2260  H     65.93000000   90.08000000   99.40000000    32  2258
  2261  H     67.12000000   88.74000000   99.66000000    32  2258
  2262  C     63.72000000   88.51000000   95.79000000     9  2247  2263  2264
  2263  O     64.23000000   89.45000000   95.18000000    11  2262
  2264  N     62.38000000   88.37000000   95.86000000     7  2262  2265  2266
  2265  HN    61.98000000   87.56000000   96.30000000    10  2264
  2266  CA    61.46000000   89.34000000   95.30000000     8  2264  2267  2268  2277
  2267  H     61.98000000   90.04000000   94.67000000    12  2266
  2268  C     60.37000000   88.65000000   94.45000000   153  2266  2269  2270  2271
  2269  H     60.89000000   88.05000000   93.67000000   154  2268
  2270  H     59.81000000   87.93000000   95.09000000   154  2268
  2271  C     59.37000000   89.62000000   93.76000000   155  2268  2272  2273  2274
  2272  H     58.77000000   90.16000000   94.52000000   156  2271
  2273  H     59.93000000   90.38000000   93.17000000   156  2271
  2274  C     58.42000000   88.90000000   92.83000000   157  2271  2275  2276
  2275  O     58.13000000   87.70000000   93.09000000   158  2274
  2276  O     57.95000000   89.51000000   91.84000000   158  2274
  2277  C     60.82000000   90.12000000   96.42000000     9  2266  2278  2279
  2278  O     60.03000000   89.60000000   97.21000000    11  2277
  2279  N     61.17000000   91.41000000   96.53000000     7  2277  2280  2281
  2280  HN    61.82000000   91.82000000   95.88000000    10  2279
  2281  CA    60.68000000   92.32000000   97.55000000     8  2279  2282  2283  2296
  2282  H     60.61000000   91.79000000   98.49000000    12  2281
  2283  C     61.63000000   93.54000000   97.71000000    19  2281  2284  2285  2286
  2284  H     61.90000000   93.86000000   96.68000000    20  2283
  2285  H     61.10000000   94.38000000   98.20000000    20  2283
  2286  C     62.94000000   93.33000000   98.51000000    21  2283  2287  2288  2292
  2287  H     63.60000000   94.21000000   98.29000000    22  2286
  2288  C     62.66000000   93.35000000  100.02000000    23  2286  2289  2290  2291
  2289  H     63.60000000   93.24000000  100.59000000    24  2288
  2290  H     62.17000000   94.30000000  100.33000000    24  2288
  2291  H     62.00000000   92.50000000  100.28000000    24  2288
  2292  C     63.73000000   92.06000000   98.15000000    23  2286  2293  2294  2295
  2293  H     64.72000000   92.07000000   98.66000000    24  2292
  2294  H     63.18000000   91.15000000   98.47000000    24  2292
  2295  H     63.89000000   92.00000000   97.05000000    24  2292
  2296  C     59.28000000   92.80000000   97.20000000     9  2281  2297  2298
  2297  O     59.08000000   93.92000000   96.75000000    11  2296
  2298  N     58.26000000   91.94000000   97.38000000     7  2296  2299  2300
  2299  HN    58.44000000   91.02000000   97.72000000    10  2298
  2300  CA    56.89000000   92.23000000   96.99000000     8  2298  2301  2302  2318
  2301  H     56.93000000   92.49000000   95.94000000    12  2300
  2302  C     55.98000000   90.98000000   97.09000000   182  2300  2303  2304  2305
  2303  H     56.12000000   90.48000000   98.07000000   183  2302
  2304  H     54.92000000   91.30000000   97.04000000   183  2302
  2305  C     56.20000000   89.96000000   95.95000000   184  2302  2306  2307  2308
  2306  H     56.23000000   90.51000000   94.98000000   185  2305
  2307  H     57.18000000   89.45000000   96.09000000   185  2305
  2308  C     55.07000000   88.92000000   95.90000000   186  2305  2309  2310  2311
  2309  H     55.13000000   88.25000000   96.79000000   187  2308
  2310  H     54.10000000   89.47000000   95.99000000   187  2308
  2311  C     54.97000000   88.09000000   94.60000000   188  2308  2312  2313  2314
  2312  H     53.98000000   87.57000000   94.59000000   189  2311
  2313  H     55.03000000   88.74000000   93.70000000   189  2311
  2314  N     56.01000000   87.06000000   94.52000000   190  2311  2315  2316  2317
  2315  HN    55.61000000   86.22000000   94.00000000   191  2314
  2316  HN    56.85000000   87.39000000   93.98000000   191  2314
  2317  HN    56.29000000   86.75000000   95.47000000   191  2314
  2318  C     56.25000000   93.46000000   97.65000000     9  2300  2319  2320
  2319  O     55.46000000   94.17000000   97.03000000    11  2318
  2320  N     56.60000000   93.72000000   98.92000000     7  2318  2321  2322
  2321  HN    57.19000000   93.10000000   99.42000000    10  2320
  2322  CA    56.04000000   94.81000000   99.70000000     8  2320  2323  2324  2330
  2323  H     54.98000000   94.86000000   99.51000000    12  2322
  2324  C     56.26000000   94.57000000  101.23000000   137  2322  2325  2326  2327
  2325  H     57.33000000   94.72000000  101.47000000   138  2324
  2326  H     55.66000000   95.30000000  101.81000000   138  2324
  2327  C     55.90000000   93.18000000  101.72000000   139  2324  2328  2329
  2328  O     56.26000000   92.90000000  102.89000000   140  2327
  2329  O     55.26000000   92.38000000  100.99000000   140  2327
  2330  C     56.65000000   96.16000000   99.34000000     9  2322  2331  2332
  2331  O     56.04000000   97.21000000   99.55000000    11  2330
  2332  N     57.88000000   96.18000000   98.78000000     7  2330  2333  2334
  2333  HN    58.33000000   95.32000000   98.55000000    10  2332
  2334  CA    58.53000000   97.41000000   98.36000000     8  2332  2335  2336  2354
  2335  H     58.32000000   98.15000000   99.12000000    12  2334
  2336  C     60.07000000   97.27000000   98.24000000   202  2334  2337  2338  2339
  2337  H     60.29000000   96.45000000   97.52000000   203  2336
  2338  H     60.47000000   98.21000000   97.81000000   203  2336
  2339  C     60.85000000   97.01000000   99.54000000   204  2336  2340  2341  2342
  2340  H     60.55000000   97.76000000  100.32000000   205  2339
  2341  H     60.62000000   96.00000000   99.93000000   205  2339
  2342  C     62.36000000   97.16000000   99.26000000   206  2339  2343  2344  2345
  2343  H     62.65000000   96.46000000   98.44000000   207  2342
  2344  H     62.57000000   98.21000000   98.96000000   207  2342
  2345  N     63.16000000   96.83000000  100.48000000   208  2342  2346  2347
  2346  HN    62.71000000   96.58000000  101.36000000   209  2345
  2347  C     64.48000000   96.93000000  100.53000000   210  2345  2348  2351
  2348  N     65.19000000   97.26000000   99.47000000   211  2347  2349  2350
  2349  HN    64.71000000   97.48000000   98.62000000   212  2348
  2350  HN    66.18000000   97.35000000   99.54000000   212  2348
  2351  N     65.10000000   96.73000000  101.67000000   211  2347  2352  2353
  2352  HN    64.55000000   96.61000000  102.52000000   212  2351
  2353  HN    66.06000000   97.01000000  101.75000000   212  2351
  2354  C     58.03000000   97.88000000   97.00000000     9  2334  2355  2356
  2355  O     57.85000000   97.03000000   96.13000000    11  2354
  2356  N     57.80000000   99.17000000   96.72000000    50  2354  2357  2360
  2357  C     57.88000000  100.23000000   97.72000000    59  2356  2358  2359  2365
  2358  H     58.94000000  100.35000000   98.04000000    60  2357
  2359  H     57.24000000  100.01000000   98.60000000    60  2357
  2360  CA    57.45000000   99.70000000   95.40000000    51  2356  2361  2362  2368
  2361  H     56.39000000   99.51000000   95.28000000    54  2360
  2362  C     57.75000000  101.20000000   95.54000000    55  2360  2363  2364  2365
  2363  H     58.83000000  101.40000000   95.39000000    56  2362
  2364  H     57.16000000  101.80000000   94.82000000    56  2362
  2365  C     57.40000000  101.49000000   97.00000000    57  2357  2362  2366  2367
  2366  H     57.88000000  102.41000000   97.40000000    58  2365
  2367  H     56.29000000  101.57000000   97.12000000    58  2365
  2368  C     58.10000000   99.10000000   94.15000000    52  2360  2369  2370
  2369  O     59.33000000   99.11000000   94.03000000    53  2368
  2370  N     57.29000000   98.63000000   93.18000000     1  2368  2371  2372
  2371  HN    56.29000000   98.67000000   93.31000000     4  2370
  2372  CA    57.72000000   98.14000000   91.88000000     2  2370  2373  2374  2375
  2373  H     56.85000000   98.15000000   91.23000000     6  2372
  2374  H     58.51000000   98.78000000   91.51000000     6  2372
  2375  C     58.25000000   96.73000000   91.86000000     3  2372  2376  2377
  2376  O     59.04000000   96.37000000   90.98000000     5  2375
  2377  N     57.83000000   95.89000000   92.84000000     7  2375  2378  2379
  2378  HN    57.12000000   96.21000000   93.47000000    10  2377
  2379  CA    58.34000000   94.56000000   93.15000000     8  2377  2380  2381  2397
  2380  H     58.26000000   94.46000000   94.22000000    12  2379
  2381  C     57.43000000   93.46000000   92.53000000   182  2379  2382  2383  2384
  2382  H     57.39000000   93.63000000   91.43000000   183  2381
  2383  H     57.88000000   92.45000000   92.71000000   183  2381
  2384  C     56.01000000   93.43000000   93.12000000   184  2381  2385  2386  2387
  2385  H     56.09000000   93.27000000   94.22000000   185  2384
  2386  H     55.52000000   94.42000000   92.96000000   185  2384
  2387  C     55.11000000   92.33000000   92.52000000   186  2384  2388  2389  2390
  2388  H     55.65000000   91.36000000   92.53000000   187  2387
  2389  H     54.21000000   92.24000000   93.17000000   187  2387
  2390  C     54.64000000   92.67000000   91.10000000   188  2387  2391  2392  2393
  2391  H     54.11000000   93.64000000   91.12000000   189  2390
  2392  H     55.50000000   92.74000000   90.39000000   189  2390
  2393  N     53.72000000   91.64000000   90.59000000   190  2390  2394  2395  2396
  2394  HN    53.22000000   91.95000000   89.73000000   191  2393
  2395  HN    54.27000000   90.77000000   90.35000000   191  2393
  2396  HN    53.00000000   91.38000000   91.31000000   191  2393
  2397  C     59.82000000   94.27000000   92.84000000     9  2379  2398  2399
  2398  O     60.09000000   93.47000000   91.94000000    11  2397
  2399  N     60.81000000   94.89000000   93.47000000    50  2397  2400  2403
  2400  C     60.64000000   95.96000000   94.45000000    59  2399  2401  2402  2408
  2401  H     59.99000000   95.64000000   95.29000000    60  2400
  2402  H     60.18000000   96.83000000   93.95000000    60  2400
  2403  CA    62.19000000   94.80000000   93.01000000    51  2399  2404  2405  2411
  2404  H     62.21000000   94.93000000   91.94000000    54  2403
  2405  C     62.92000000   95.97000000   93.70000000    55  2403  2406  2407  2408
  2406  H     63.97000000   95.74000000   93.98000000    56  2405
  2407  H     62.92000000   96.84000000   93.01000000    56  2405
  2408  C     62.05000000   96.32000000   94.92000000    57  2400  2405  2409  2410
  2409  H     62.34000000   95.68000000   95.78000000    58  2408
  2410  H     62.12000000   97.38000000   95.20000000    58  2408
  2411  C     62.81000000   93.45000000   93.31000000    52  2403  2412  2413
  2412  O     62.79000000   92.97000000   94.44000000    53  2411
  2413  N     63.40000000   92.83000000   92.27000000     7  2411  2414  2415
  2414  HN    63.32000000   93.20000000   91.35000000    10  2413
  2415  CA    64.16000000   91.61000000   92.40000000     8  2413  2416  2417  2430
  2416  H     63.73000000   90.99000000   93.18000000    12  2415
  2417  C     64.16000000   90.82000000   91.06000000    19  2415  2418  2419  2420
  2418  H     64.64000000   91.45000000   90.29000000    20  2417
  2419  H     64.77000000   89.89000000   91.16000000    20  2417
  2420  C     62.76000000   90.42000000   90.54000000    21  2417  2421  2422  2426
  2421  H     62.09000000   91.31000000   90.57000000    22  2420
  2422  C     62.84000000   89.94000000   89.08000000    23  2420  2423  2424  2425
  2423  H     61.82000000   89.70000000   88.70000000    24  2422
  2424  H     63.29000000   90.70000000   88.42000000    24  2422
  2425  H     63.45000000   89.01000000   89.02000000    24  2422
  2426  C     62.10000000   89.34000000   91.40000000    23  2420  2427  2428  2429
  2427  H     61.06000000   89.15000000   91.07000000    24  2426
  2428  H     62.67000000   88.39000000   91.34000000    24  2426
  2429  H     62.07000000   89.66000000   92.46000000    24  2426
  2430  C     65.60000000   91.92000000   92.80000000     9  2415  2431  2432
  2431  O     66.20000000   92.89000000   92.32000000    11  2430
  2432  N     66.17000000   91.10000000   93.70000000     7  2430  2433  2434
  2433  HN    65.62000000   90.40000000   94.16000000    10  2432
  2434  CA    67.58000000   91.12000000   94.03000000     8  2432  2435  2436  2450
  2435  H     68.12000000   91.71000000   93.30000000    12  2434
  2436  C     67.93000000   91.63000000   95.46000000    61  2434  2437  2438  2439
  2437  H     67.42000000   91.00000000   96.23000000    62  2436
  2438  H     69.03000000   91.53000000   95.63000000    62  2436
  2439  C     67.54000000   93.06000000   95.75000000    63  2436  2440  2446
  2440  C     66.19000000   93.43000000   95.86000000    64  2439  2441  2442
  2441  H     65.41000000   92.70000000   95.68000000    65  2440
  2442  C     65.83000000   94.73000000   96.24000000    66  2440  2443  2444
  2443  H     64.78000000   94.99000000   96.33000000    67  2442
  2444  C     66.82000000   95.68000000   96.51000000    68  2442  2445  2448
  2445  H     66.56000000   96.68000000   96.82000000    69  2444
  2446  C     68.52000000   94.01000000   96.05000000    64  2439  2447  2448
  2447  H     69.57000000   93.74000000   96.01000000    65  2446
  2448  C     68.17000000   95.32000000   96.42000000    66  2444  2446  2449
  2449  H     68.94000000   96.04000000   96.66000000    67  2448
  2450  C     68.10000000   89.69000000   93.92000000     9  2434  2451  2452
  2451  O     67.48000000   88.75000000   94.41000000    11  2450
  2452  N     69.27000000   89.49000000   93.29000000     7  2450  2453  2454
  2453  HN    69.74000000   90.30000000   92.92000000    10  2452
  2454  CA    70.06000000   88.28000000   93.43000000     8  2452  2455  2456  2467
  2455  H     69.44000000   87.42000000   93.21000000    12  2454
  2456  C     71.29000000   88.34000000   92.49000000   127  2454  2457  2458  2460
  2457  H     71.73000000   89.35000000   92.58000000   128  2456
  2458  H     72.06000000   87.59000000   92.77000000   128  2456
  2459  N     71.65000000   88.77000000   90.06000000   130  2460  2461
  2460  C     70.96000000   88.10000000   91.05000000   129  2456  2459  2465
  2461  C     71.16000000   88.29000000   88.92000000   133  2459  2462  2463
  2462  H     71.49000000   88.58000000   87.91000000   134  2461
  2463  N     70.19000000   87.37000000   89.15000000   135  2461  2464  2465
  2464  HN    69.68000000   86.84000000   88.46000000   136  2463
  2465  C     70.06000000   87.24000000   90.51000000   131  2460  2463  2466
  2466  H     69.39000000   86.55000000   91.00000000   132  2465
  2467  C     70.59000000   88.11000000   94.85000000     9  2454  2468  2469
  2468  O     70.96000000   89.10000000   95.47000000    11  2467
  2469  N     70.65000000   86.89000000   95.40000000     7  2467  2470  2471
  2470  HN    70.25000000   86.09000000   94.93000000    10  2469
  2471  CA    71.14000000   86.66000000   96.75000000     8  2469  2472  2473  2486
  2472  H     71.67000000   87.54000000   97.10000000    12  2471
  2473  C     69.94000000   86.38000000   97.70000000    19  2471  2474  2475  2476
  2474  H     69.17000000   87.16000000   97.51000000    20  2473
  2475  H     69.49000000   85.41000000   97.43000000    20  2473
  2476  C     70.26000000   86.41000000   99.21000000    21  2473  2477  2478  2482
  2477  H     71.19000000   85.82000000   99.40000000    22  2476
  2478  C     70.48000000   87.85000000   99.71000000    23  2476  2479  2480  2481
  2479  H     70.67000000   87.86000000  100.80000000    24  2478
  2480  H     71.35000000   88.31000000   99.20000000    24  2478
  2481  H     69.58000000   88.47000000   99.50000000    24  2478
  2482  C     69.14000000   85.74000000  100.02000000    23  2476  2483  2484  2485
  2483  H     69.40000000   85.73000000  101.10000000    24  2482
  2484  H     68.19000000   86.30000000   99.88000000    24  2482
  2485  H     68.99000000   84.69000000   99.68000000    24  2482
  2486  C     72.13000000   85.50000000   96.78000000     9  2471  2487  2488
  2487  O     71.82000000   84.39000000   96.36000000    11  2486
  2488  N     73.35000000   85.73000000   97.32000000     7  2486  2489  2490
  2489  HN    73.57000000   86.64000000   97.66000000    10  2488
  2490  CA    74.41000000   84.73000000   97.50000000     8  2488  2491  2492  2501
  2491  H     74.02000000   83.73000000   97.38000000    12  2490
  2492  C     75.62000000   85.00000000   96.56000000   153  2490  2493  2494  2495
  2493  H     75.94000000   86.04000000   96.77000000   154  2492
  2494  H     76.47000000   84.32000000   96.82000000   154  2492
  2495  C     75.36000000   84.87000000   95.03000000   155  2492  2496  2497  2498
  2496  H     75.30000000   83.81000000   94.74000000   156  2495
  2497  H     74.40000000   85.37000000   94.79000000   156  2495
  2498  C     76.43000000   85.57000000   94.20000000   157  2495  2499  2500
  2499  O     76.75000000   86.74000000   94.53000000   158  2498
  2500  O     76.96000000   85.00000000   93.21000000   158  2498
  2501  C     74.93000000   84.88000000   98.93000000     9  2490  2502  2503
  2502  O     74.71000000   85.91000000   99.55000000    11  2501
  2503  N     75.64000000   83.89000000   99.52000000     7  2501  2504  2505
  2504  HN    75.79000000   83.01000000   99.05000000    10  2503
  2505  CA    76.28000000   84.03000000  100.83000000     8  2503  2506  2507  2518
  2506  H     75.54000000   84.45000000  101.50000000    12  2505
  2507  C     76.74000000   82.68000000  101.45000000   127  2505  2508  2509  2511
  2508  H     75.99000000   81.91000000  101.16000000   128  2507
  2509  H     77.72000000   82.35000000  101.05000000   128  2507
  2510  N     77.90000000   82.99000000  103.67000000   130  2511  2512
  2511  C     76.77000000   82.67000000  102.95000000   129  2507  2510  2516
  2512  C     77.57000000   82.79000000  104.94000000   133  2510  2513  2514
  2513  H     78.22000000   82.97000000  105.79000000   134  2512
  2514  N     76.30000000   82.35000000  105.06000000   135  2512  2515  2516
  2515  HN    75.81000000   82.08000000  105.90000000   136  2514
  2516  C     75.79000000   82.26000000  103.79000000   131  2511  2514  2517
  2517  H     74.80000000   81.92000000  103.55000000   132  2516
  2518  C     77.46000000   85.00000000  100.81000000     9  2505  2519  2520
  2519  O     78.00000000   85.35000000   99.76000000    11  2518
  2520  N     77.90000000   85.49000000  101.99000000     7  2518  2521  2522
  2521  HN    77.47000000   85.16000000  102.84000000    10  2520
  2522  CA    79.09000000   86.30000000  102.12000000     8  2520  2523  2524  2539
  2523  H     79.21000000   86.88000000  101.22000000    12  2522
  2524  C     78.96000000   87.29000000  103.32000000    70  2522  2525  2526  2527
  2525  H     78.13000000   87.99000000  103.12000000    71  2524
  2526  H     78.69000000   86.69000000  104.23000000    71  2524
  2527  C     80.21000000   88.09000000  103.64000000    72  2524  2528  2535
  2528  C     81.08000000   88.51000000  102.62000000    73  2527  2529  2530
  2529  H     80.86000000   88.28000000  101.58000000    74  2528
  2530  C     82.27000000   89.19000000  102.92000000    75  2528  2531  2532
  2531  H     82.94000000   89.47000000  102.12000000    76  2530
  2532  C     82.57000000   89.53000000  104.24000000    77  2530  2533  2537
  2533  OH    83.73000000   90.29000000  104.49000000    78  2532  2534
  2534  HO    83.73000000   90.59000000  105.41000000    79  2533
  2535  C     80.54000000   88.42000000  104.97000000    73  2527  2536  2537
  2536  H     79.87000000   88.12000000  105.77000000    74  2535
  2537  C     81.70000000   89.14000000  105.27000000    75  2532  2535  2538
  2538  H     81.92000000   89.42000000  106.29000000    76  2537
  2539  C     80.34000000   85.44000000  102.27000000     9  2522  2540  2541
  2540  O     80.60000000   84.84000000  103.31000000    11  2539
  2541  N     81.20000000   85.41000000  101.24000000     7  2539  2542  2543
  2542  HN    80.99000000   85.84000000  100.36000000    10  2541
  2543  CA    82.45000000   84.66000000  101.31000000     8  2541  2544  2545  2558
  2544  H     82.35000000   83.87000000  102.03000000    12  2543
  2545  C     82.76000000   84.00000000   99.97000000    25  2543  2546  2547  2551
  2546  H     82.95000000   84.79000000   99.21000000    26  2545
  2547  C     84.03000000   83.15000000  100.11000000    29  2545  2548  2549  2550
  2548  H     84.18000000   82.54000000   99.20000000    30  2547
  2549  H     84.93000000   83.79000000  100.26000000    30  2547
  2550  H     83.94000000   82.47000000  100.98000000    30  2547
  2551  C     81.57000000   83.14000000   99.46000000    27  2545  2552  2553  2554
  2552  H     80.72000000   83.80000000   99.18000000    28  2551
  2553  H     81.89000000   82.63000000   98.52000000    28  2551
  2554  C     81.05000000   82.08000000  100.44000000    31  2551  2555  2556  2557
  2555  H     80.22000000   81.51000000   99.98000000    32  2554
  2556  H     81.85000000   81.37000000  100.72000000    32  2554
  2557  H     80.65000000   82.55000000  101.37000000    32  2554
  2558  C     83.59000000   85.56000000  101.77000000     9  2543  2559  2560
  2559  O     83.94000000   86.56000000  101.14000000    11  2558
  2560  N     84.22000000   85.23000000  102.92000000     7  2558  2561  2562
  2561  HN    83.93000000   84.43000000  103.44000000    10  2560
  2562  CA    85.34000000   85.99000000  103.48000000     8  2560  2563  2564  2573
  2563  H     85.21000000   87.03000000  103.21000000    12  2562
  2564  C     85.37000000   85.90000000  105.03000000   153  2562  2565  2566  2567
  2565  H     84.41000000   86.29000000  105.42000000   154  2564
  2566  H     85.45000000   84.83000000  105.32000000   154  2564
  2567  C     86.53000000   86.69000000  105.70000000   155  2564  2568  2569  2570
  2568  H     87.52000000   86.38000000  105.30000000   156  2567
  2569  H     86.40000000   87.78000000  105.50000000   156  2567
  2570  C     86.60000000   86.47000000  107.20000000   157  2567  2571  2572
  2571  O     86.38000000   87.44000000  107.96000000   158  2570
  2572  O     86.90000000   85.31000000  107.61000000   158  2570
  2573  C     86.68000000   85.53000000  102.92000000     9  2562  2574  2575
  2574  O     86.96000000   84.34000000  102.84000000    11  2573
  2575  N     87.56000000   86.48000000  102.55000000     1  2573  2576  2577
  2576  HN    87.32000000   87.45000000  102.62000000     4  2575
  2577  CA    88.91000000   86.17000000  102.08000000     2  2575  2578  2579  2580
  2578  H     89.56000000   86.17000000  102.95000000     6  2577
  2579  H     88.91000000   85.23000000  101.55000000     6  2577
  2580  C     89.41000000   87.23000000  101.15000000     3  2577  2581  2582
  2581  O     89.11000000   88.41000000  101.31000000     5  2580
  2582  N     90.20000000   86.83000000  100.13000000     7  2580  2583  2584
  2583  HN    90.49000000   85.87000000  100.05000000    10  2582
  2584  CA    90.69000000   87.71000000   99.10000000     8  2582  2585  2586  2602
  2585  H     90.42000000   88.73000000   99.32000000    12  2584
  2586  C     92.24000000   87.68000000   99.00000000   182  2584  2587  2588  2589
  2587  H     92.64000000   88.07000000   99.95000000   183  2586
  2588  H     92.57000000   86.62000000   98.91000000   183  2586
  2589  C     92.81000000   88.48000000   97.82000000   184  2586  2590  2591  2592
  2590  H     92.66000000   87.91000000   96.87000000   185  2589
  2591  H     92.25000000   89.44000000   97.73000000   185  2589
  2592  C     94.30000000   88.83000000   97.99000000   186  2589  2593  2594  2595
  2593  H     94.62000000   89.44000000   97.11000000   187  2592
  2594  H     94.37000000   89.47000000   98.90000000   187  2592
  2595  C     95.23000000   87.62000000   98.11000000   188  2592  2596  2597  2598
  2596  H     94.81000000   86.86000000   98.81000000   189  2595
  2597  H     95.38000000   87.14000000   97.12000000   189  2595
  2598  N     96.53000000   88.04000000   98.63000000   190  2595  2599  2600  2601
  2599  HN    97.05000000   87.21000000   99.03000000   191  2598
  2600  HN    97.14000000   88.47000000   97.90000000   191  2598
  2601  HN    96.40000000   88.72000000   99.40000000   191  2598
  2602  C     90.07000000   87.38000000   97.75000000     9  2584  2603  2604
  2603  O     90.26000000   86.29000000   97.20000000    11  2602
  2604  N     89.30000000   88.33000000   97.19000000     7  2602  2605  2606
  2605  HN    89.12000000   89.18000000   97.69000000    10  2604
  2606  CA    88.64000000   88.16000000   95.92000000     8  2604  2607  2608  2623
  2607  H     88.23000000   87.16000000   95.88000000    12  2606
  2608  C     87.46000000   89.17000000   95.82000000    70  2606  2609  2610  2611
  2609  H     86.89000000   89.11000000   96.77000000    71  2608
  2610  H     87.84000000   90.21000000   95.73000000    71  2608
  2611  C     86.52000000   88.89000000   94.68000000    72  2608  2612  2619
  2612  C     86.83000000   89.27000000   93.36000000    73  2611  2613  2614
  2613  H     87.79000000   89.71000000   93.13000000    74  2612
  2614  C     85.89000000   89.11000000   92.33000000    75  2612  2615  2616
  2615  H     86.12000000   89.40000000   91.32000000    76  2614
  2616  C     84.62000000   88.60000000   92.62000000    77  2614  2617  2621
  2617  OH    83.66000000   88.55000000   91.60000000    78  2616  2618
  2618  HO    82.79000000   88.70000000   92.01000000    79  2617
  2619  C     85.25000000   88.33000000   94.94000000    73  2611  2620  2621
  2620  H     84.99000000   88.03000000   95.94000000    74  2619
  2621  C     84.30000000   88.20000000   93.92000000    75  2616  2619  2622
  2622  H     83.32000000   87.80000000   94.14000000    76  2621
  2623  C     89.62000000   88.32000000   94.75000000     9  2606  2624  2625
  2624  O     90.27000000   89.36000000   94.58000000    11  2623
  2625  N     89.73000000   87.28000000   93.91000000     7  2623  2626  2627
  2626  HN    89.17000000   86.46000000   94.06000000    10  2625
  2627  CA    90.59000000   87.23000000   92.75000000     8  2625  2628  2629  2642
  2628  H     91.09000000   88.18000000   92.61000000    12  2627
  2629  C     91.65000000   86.11000000   92.84000000    25  2627  2630  2631  2635
  2630  H     91.11000000   85.14000000   92.99000000    26  2629
  2631  C     92.47000000   85.99000000   91.54000000    29  2629  2632  2633  2634
  2632  H     93.31000000   85.28000000   91.69000000    30  2631
  2633  H     91.85000000   85.60000000   90.71000000    30  2631
  2634  H     92.90000000   86.97000000   91.24000000    30  2631
  2635  C     92.58000000   86.29000000   94.07000000    27  2629  2636  2637  2638
  2636  H     91.97000000   86.29000000   95.00000000    28  2635
  2637  H     93.23000000   85.39000000   94.13000000    28  2635
  2638  C     93.46000000   87.54000000   94.04000000    31  2635  2639  2640  2641
  2639  H     94.13000000   87.56000000   94.93000000    32  2638
  2640  H     94.09000000   87.58000000   93.13000000    32  2638
  2641  H     92.83000000   88.46000000   94.07000000    32  2638
  2642  C     89.72000000   87.00000000   91.53000000     9  2627  2643  2644
  2643  O     88.81000000   86.17000000   91.54000000    11  2642
  2644  N     89.96000000   87.76000000   90.44000000     7  2642  2645  2646
  2645  HN    90.64000000   88.48000000   90.46000000    10  2644
  2646  CA    89.43000000   87.41000000   89.14000000     8  2644  2647  2648  2664
  2647  H     88.56000000   86.78000000   89.23000000    12  2646
  2648  C     89.07000000   88.67000000   88.31000000   182  2646  2649  2650  2651
  2649  H     89.99000000   89.28000000   88.15000000   183  2648
  2650  H     88.70000000   88.34000000   87.31000000   183  2648
  2651  C     88.00000000   89.57000000   88.96000000   184  2648  2652  2653  2654
  2652  H     87.07000000   88.96000000   89.08000000   185  2651
  2653  H     88.34000000   89.90000000   89.96000000   185  2651
  2654  C     87.69000000   90.78000000   88.06000000   186  2651  2655  2656  2657
  2655  H     88.56000000   91.47000000   88.03000000   187  2654
  2656  H     87.54000000   90.40000000   87.02000000   187  2654
  2657  C     86.40000000   91.54000000   88.42000000   188  2654  2658  2659  2660
  2658  H     86.17000000   92.28000000   87.63000000   189  2657
  2659  H     85.56000000   90.82000000   88.49000000   189  2657
  2660  N     86.51000000   92.26000000   89.70000000   190  2657  2661  2662  2663
  2661  HN    85.57000000   92.58000000   90.04000000   191  2660
  2662  HN    86.95000000   91.68000000   90.43000000   191  2660
  2663  HN    87.07000000   93.15000000   89.56000000   191  2660
  2664  C     90.50000000   86.62000000   88.41000000     9  2646  2665  2666
  2665  O     91.61000000   87.11000000   88.21000000    11  2664
  2666  N     90.24000000   85.37000000   88.00000000     7  2664  2667  2668
  2667  HN    89.33000000   84.95000000   88.12000000    10  2666
  2668  CA    91.25000000   84.54000000   87.39000000     8  2666  2669  2670  2685
  2669  H     92.23000000   84.83000000   87.74000000    12  2668
  2670  C     91.04000000   83.05000000   87.76000000    70  2668  2671  2672  2673
  2671  H     90.02000000   82.71000000   87.47000000    71  2670
  2672  H     91.78000000   82.40000000   87.25000000    71  2670
  2673  C     91.23000000   82.83000000   89.24000000    72  2670  2674  2681
  2674  C     92.53000000   82.81000000   89.79000000    73  2673  2675  2676
  2675  H     93.38000000   83.02000000   89.16000000    74  2674
  2676  C     92.74000000   82.43000000   91.12000000    75  2674  2677  2678
  2677  H     93.74000000   82.40000000   91.52000000    76  2676
  2678  C     91.65000000   82.07000000   91.93000000    77  2676  2679  2683
  2679  OH    91.85000000   81.60000000   93.24000000    78  2678  2680
  2680  HO    90.97000000   81.35000000   93.59000000    79  2679
  2681  C     90.14000000   82.51000000   90.07000000    73  2673  2682  2683
  2682  H     89.14000000   82.51000000   89.67000000    74  2681
  2683  C     90.35000000   82.14000000   91.41000000    75  2678  2681  2684
  2684  H     89.51000000   81.86000000   92.02000000    76  2683
  2685  C     91.27000000   84.70000000   85.88000000     9  2668  2686  2687
  2686  O     92.33000000   84.84000000   85.26000000    11  2685
  2687  N     90.08000000   84.76000000   85.24000000     7  2685  2688  2689
  2688  HN    89.22000000   84.68000000   85.75000000    10  2687
  2689  CA    89.96000000   85.00000000   83.82000000     8  2687  2690  2691  2699
  2690  H     90.76000000   85.67000000   83.53000000    12  2689
  2691  C     90.12000000   83.68000000   82.97000000   147  2689  2692  2693  2694
  2692  H     90.11000000   83.95000000   81.90000000   148  2691
  2693  H     91.11000000   83.25000000   83.20000000   148  2691
  2694  C     89.03000000   82.63000000   83.18000000   149  2691  2695  2696
  2695  O     87.86000000   82.94000000   83.38000000   150  2694
  2696  N     89.41000000   81.33000000   83.12000000   151  2694  2697  2698
  2697  HN    90.38000000   81.09000000   82.97000000   152  2696
  2698  HN    88.72000000   80.61000000   83.20000000   152  2696
  2699  C     88.68000000   85.79000000   83.58000000     9  2689  2700  2701
  2700  O     87.94000000   86.08000000   84.51000000    11  2699
  2701  N     88.42000000   86.24000000   82.33000000     7  2699  2702  2703
  2702  HN    89.05000000   86.05000000   81.58000000    10  2701
  2703  CA    87.23000000   87.03000000   82.00000000     8  2701  2704  2705  2710
  2704  H     86.61000000   87.17000000   82.88000000    12  2703
  2705  C     87.57000000   88.43000000   81.41000000    33  2703  2706  2707  2708
  2706  H     86.66000000   89.06000000   81.36000000    34  2705
  2707  H     88.27000000   88.94000000   82.12000000    34  2705
  2708  OH    88.19000000   88.37000000   80.12000000    35  2705  2709
  2709  HO    87.82000000   89.11000000   79.59000000    36  2708
  2710  C     86.39000000   86.27000000   80.98000000     9  2703  2711  2712
  2711  O     86.69000000   85.12000000   80.63000000    11  2710
  2712  N     85.32000000   86.90000000   80.44000000     7  2710  2713  2714
  2713  HN    85.05000000   87.81000000   80.75000000    10  2712
  2714  CA    84.54000000   86.36000000   79.34000000     8  2712  2715  2716  2724
  2715  H     84.61000000   85.28000000   79.36000000    12  2714
  2716  C     83.03000000   86.76000000   79.46000000   147  2714  2717  2718  2719
  2717  H     82.47000000   86.09000000   78.77000000   148  2716
  2718  H     82.67000000   86.57000000   80.49000000   148  2716
  2719  C     82.70000000   88.21000000   79.11000000   149  2716  2720  2721
  2720  O     83.44000000   89.15000000   79.44000000   150  2719
  2721  N     81.59000000   88.42000000   78.37000000   151  2719  2722  2723
  2722  HN    81.00000000   87.65000000   78.11000000   152  2721
  2723  HN    81.41000000   89.34000000   78.01000000   152  2721
  2724  C     85.11000000   86.82000000   78.01000000     9  2714  2725  2726
  2725  O     84.43000000   86.82000000   76.98000000    11  2724
  2726  N     86.38000000   87.26000000   78.00000000     7  2724  2727  2728
  2727  HN    86.91000000   87.23000000   78.84000000    10  2726
  2728  CA    86.90000000   88.07000000   76.92000000     8  2726  2729  2730  2735
  2729  H     86.49000000   87.69000000   75.99000000    12  2728
  2730  C     86.48000000   89.55000000   77.09000000    33  2728  2731  2732  2733
  2731  H     86.92000000   90.20000000   76.31000000    34  2730
  2732  H     85.37000000   89.59000000   76.98000000    34  2730
  2733  OH    86.81000000   90.07000000   78.39000000    35  2730  2734
  2734  HO    86.18000000   90.80000000   78.54000000    36  2733
  2735  C     88.40000000   87.97000000   76.77000000     9  2728  2736  2737
  2736  O     89.03000000   88.81000000   76.13000000    11  2735
  2737  N     89.03000000   86.91000000   77.32000000     1  2735  2738  2739
  2738  HN    88.50000000   86.21000000   77.80000000     4  2737
  2739  CA    90.43000000   86.58000000   77.05000000     2  2737  2740  2741  2742
  2740  H     90.52000000   85.51000000   77.17000000     6  2739
  2741  H     90.68000000   86.88000000   76.05000000     6  2739
  2742  C     91.45000000   87.20000000   77.97000000     3  2739  2743  2744
  2743  O     92.65000000   87.13000000   77.70000000     5  2742
  2744  N     91.03000000   87.80000000   79.09000000     7  2742  2745  2746
  2745  HN    90.05000000   87.87000000   79.30000000    10  2744
  2746  CA    91.94000000   88.25000000   80.12000000     8  2744  2747  2748  2762
  2747  H     92.85000000   88.60000000   79.65000000    12  2746
  2748  C     91.34000000   89.48000000   80.87000000    61  2746  2749  2750  2751
  2749  H     91.28000000   90.34000000   80.17000000    62  2748
  2750  H     90.31000000   89.23000000   81.19000000    62  2748
  2751  C     92.11000000   89.92000000   82.09000000    63  2748  2752  2758
  2752  C     93.39000000   90.48000000   81.97000000    64  2751  2753  2754
  2753  H     93.83000000   90.58000000   80.99000000    65  2752
  2754  C     94.10000000   90.88000000   83.10000000    66  2752  2755  2756
  2755  H     95.10000000   91.29000000   83.00000000    67  2754
  2756  C     93.53000000   90.74000000   84.37000000    68  2754  2757  2760
  2757  H     94.09000000   91.02000000   85.25000000    69  2756
  2758  C     91.54000000   89.78000000   83.37000000    64  2751  2759  2760
  2759  H     90.56000000   89.35000000   83.48000000    65  2758
  2760  C     92.25000000   90.19000000   84.51000000    66  2756  2758  2761
  2761  H     91.82000000   90.04000000   85.49000000    67  2760
  2762  C     92.36000000   87.09000000   81.03000000     9  2746  2763  2764
  2763  O     91.55000000   86.20000000   81.32000000    11  2762
  2764  N     93.64000000   87.04000000   81.45000000     7  2762  2765  2766
  2765  HN    94.28000000   87.75000000   81.19000000    10  2764
  2766  CA    94.21000000   85.94000000   82.23000000     8  2764  2767  2768  2778
  2767  H     93.41000000   85.43000000   82.74000000    12  2766
  2768  C     94.98000000   84.92000000   81.39000000    15  2766  2769  2770  2774
  2769  H     95.41000000   84.14000000   82.05000000    16  2768
  2770  C     94.00000000   84.22000000   80.43000000    17  2768  2771  2772  2773
  2771  H     94.51000000   83.41000000   79.88000000    18  2770
  2772  H     93.14000000   83.78000000   80.99000000    18  2770
  2773  H     93.60000000   84.94000000   79.68000000    18  2770
  2774  C     96.14000000   85.57000000   80.61000000    17  2768  2775  2776  2777
  2775  H     96.65000000   84.80000000   79.98000000    18  2774
  2776  H     95.77000000   86.37000000   79.93000000    18  2774
  2777  H     96.89000000   86.00000000   81.30000000    18  2774
  2778  C     95.11000000   86.50000000   83.31000000     9  2766  2779  2780
  2779  O     95.47000000   87.68000000   83.30000000    11  2778
  2780  N     95.49000000   85.69000000   84.32000000     7  2778  2781  2782
  2781  HN    95.26000000   84.71000000   84.33000000    10  2780
  2782  CA    96.33000000   86.16000000   85.40000000     8  2780  2783  2784  2802
  2783  H     96.04000000   87.18000000   85.58000000    12  2782
  2784  C     96.10000000   85.39000000   86.74000000   202  2782  2785  2786  2787
  2785  H     95.68000000   84.38000000   86.51000000   203  2784
  2786  H     97.07000000   85.21000000   87.26000000   203  2784
  2787  C     95.18000000   86.11000000   87.76000000   204  2784  2788  2789  2790
  2788  H     94.14000000   86.15000000   87.38000000   205  2787
  2789  H     95.14000000   85.48000000   88.68000000   205  2787
  2790  C     95.69000000   87.52000000   88.11000000   206  2787  2791  2792  2793
  2791  H     96.76000000   87.44000000   88.39000000   207  2790
  2792  H     95.62000000   88.21000000   87.25000000   207  2790
  2793  N     94.95000000   88.07000000   89.28000000   208  2790  2794  2795
  2794  HN    95.39000000   88.04000000   90.18000000   209  2793
  2795  C     94.06000000   89.06000000   89.18000000   210  2793  2796  2799
  2796  N     93.44000000   89.39000000   88.07000000   211  2795  2797  2798
  2797  HN    93.39000000   88.68000000   87.35000000   212  2796
  2798  HN    92.71000000   90.08000000   88.14000000   212  2796
  2799  N     93.83000000   89.77000000   90.26000000   211  2795  2800  2801
  2800  HN    94.45000000   89.62000000   91.04000000   212  2799
  2801  HN    93.45000000   90.69000000   90.14000000   212  2799
  2802  C     97.82000000   86.23000000   85.09000000     9  2782  2803  2804
  2803  O     98.48000000   85.22000000   84.86000000    11  2802
  2804  N     98.37000000   87.46000000   85.13000000     7  2802  2805  2806
  2805  HN    97.78000000   88.25000000   85.21000000    10  2804
  2806  CA    99.78000000   87.77000000   85.08000000     8  2804  2807  2808  2814
  2807  H    100.20000000   87.30000000   84.19000000    12  2806
  2808  C     99.87000000   89.32000000   84.92000000   137  2806  2809  2810  2811
  2809  H     99.46000000   89.58000000   83.92000000   138  2808
  2810  H     99.22000000   89.79000000   85.67000000   138  2808
  2811  C    101.24000000   89.97000000   85.03000000   139  2808  2812  2813
  2812  O    102.28000000   89.40000000   84.65000000   140  2811
  2813  O    101.24000000   91.19000000   85.37000000   140  2811
  2814  C    100.55000000   87.18000000   86.27000000     9  2806  2815  2816
  2815  O    101.18000000   86.13000000   86.16000000    11  2814
  2816  N    100.47000000   87.83000000   87.46000000     7  2814  2817  2818
  2817  HN    99.96000000   88.68000000   87.54000000    10  2816
  2818  CA   101.09000000   87.37000000   88.69000000     8  2816  2819  2820  2826
  2819  H    102.15000000   87.24000000   88.47000000    12  2818
  2820  C    100.95000000   88.48000000   89.79000000   137  2818  2821  2822  2823
  2821  H    101.59000000   88.22000000   90.66000000   138  2820
  2822  H    101.32000000   89.42000000   89.36000000   138  2820
  2823  C     99.54000000   88.74000000   90.31000000   139  2820  2824  2825
  2824  O     98.56000000   88.67000000   89.52000000   140  2823
  2825  O     99.41000000   89.08000000   91.51000000   140  2823
  2826  C    100.60000000   86.04000000   89.26000000     9  2818  2827  2828
  2827  O    101.39000000   85.17000000   89.60000000    11  2826
  2828  N     99.28000000   85.89000000   89.40000000     7  2826  2829  2830
  2829  HN    98.70000000   86.67000000   89.15000000    10  2828
  2830  CA    98.69000000   84.85000000   90.23000000     8  2828  2831  2832  2840
  2831  H     99.41000000   84.56000000   90.98000000    12  2830
  2832  C     97.44000000   85.42000000   90.97000000   147  2830  2833  2834  2835
  2833  H     97.72000000   86.40000000   91.41000000   148  2832
  2834  H     96.60000000   85.57000000   90.26000000   148  2832
  2835  C     96.98000000   84.50000000   92.10000000   149  2832  2836  2837
  2836  O     97.55000000   83.44000000   92.36000000   150  2835
  2837  N     95.95000000   84.95000000   92.85000000   151  2835  2838  2839
  2838  HN    95.53000000   85.83000000   92.66000000   152  2837
  2839  HN    95.73000000   84.44000000   93.68000000   152  2837
  2840  C     98.40000000   83.62000000   89.39000000     9  2830  2841  2842
  2841  O     97.28000000   83.34000000   88.98000000    11  2840
  2842  N     99.47000000   82.85000000   89.10000000     7  2840  2843  2844
  2843  HN   100.38000000   83.13000000   89.41000000    10  2842
  2844  CA    99.40000000   81.68000000   88.26000000     8  2842  2845  2846  2859
  2845  H     98.66000000   81.86000000   87.49000000    12  2844
  2846  C    100.71000000   81.38000000   87.54000000    25  2844  2847  2848  2852
  2847  H    101.48000000   81.05000000   88.28000000    26  2846
  2848  C    100.48000000   80.22000000   86.53000000    29  2846  2849  2850  2851
  2849  H    101.41000000   79.96000000   86.00000000    30  2848
  2850  H    100.12000000   79.30000000   87.04000000    30  2848
  2851  H     99.72000000   80.53000000   85.77000000    30  2848
  2852  C    101.24000000   82.66000000   86.84000000    27  2846  2853  2854  2855
  2853  H    100.42000000   83.10000000   86.23000000    28  2852
  2854  H    101.51000000   83.42000000   87.61000000    28  2852
  2855  C    102.46000000   82.44000000   85.95000000    31  2852  2856  2857  2858
  2856  H    102.89000000   83.42000000   85.64000000    32  2855
  2857  H    103.24000000   81.87000000   86.51000000    32  2855
  2858  H    102.19000000   81.88000000   85.04000000    32  2855
  2859  C     98.91000000   80.49000000   89.07000000     9  2844  2860  2861
  2860  O     99.66000000   79.82000000   89.78000000    11  2859
  2861  N     97.60000000   80.23000000   88.97000000     7  2859  2862  2863
  2862  HN    97.03000000   80.88000000   88.48000000    10  2861
  2863  CA    96.94000000   79.07000000   89.51000000     8  2861  2864  2865  2883
  2864  H     97.66000000   78.47000000   90.07000000    12  2863
  2865  C     95.77000000   79.43000000   90.45000000   202  2863  2866  2867  2868
  2866  H     95.05000000   80.10000000   89.95000000   203  2865
  2867  H     95.24000000   78.48000000   90.69000000   203  2865
  2868  C     96.27000000   80.07000000   91.76000000   204  2865  2869  2870  2871
  2869  H     97.21000000   79.54000000   92.05000000   205  2868
  2870  H     96.55000000   81.13000000   91.56000000   205  2868
  2871  C     95.29000000   80.01000000   92.93000000   206  2868  2872  2873  2874
  2872  H     95.74000000   80.45000000   93.85000000   207  2871
  2873  H     94.36000000   80.56000000   92.68000000   207  2871
  2874  N     95.00000000   78.56000000   93.19000000   208  2871  2875  2876
  2875  HN    95.73000000   77.86000000   93.04000000   209  2874
  2876  C     93.80000000   78.04000000   93.38000000   210  2874  2877  2880
  2877  N     92.71000000   78.73000000   93.59000000   211  2876  2878  2879
  2878  HN    92.70000000   79.71000000   93.45000000   212  2877
  2879  HN    91.86000000   78.16000000   93.55000000   212  2877
  2880  N     93.66000000   76.73000000   93.28000000   211  2876  2881  2882
  2881  HN    94.35000000   76.27000000   92.68000000   212  2880
  2882  HN    92.71000000   76.41000000   93.34000000   212  2880
  2883  C     96.44000000   78.21000000   88.39000000     9  2863  2884  2885
  2884  O     95.89000000   78.69000000   87.40000000    11  2883
  2885  N     96.68000000   76.90000000   88.50000000     7  2883  2886  2887
  2886  HN    97.12000000   76.53000000   89.34000000    10  2885
  2887  CA    96.40000000   75.95000000   87.43000000     8  2885  2888  2889  2902
  2888  H     96.57000000   76.42000000   86.47000000    12  2887
  2889  C     97.34000000   74.73000000   87.58000000    19  2887  2890  2891  2892
  2890  H     97.39000000   74.48000000   88.66000000    20  2889
  2891  H     96.92000000   73.85000000   87.05000000    20  2889
  2892  C     98.79000000   74.93000000   87.05000000    21  2889  2893  2894  2898
  2893  H     98.78000000   74.71000000   85.96000000    22  2892
  2894  C     99.36000000   76.35000000   87.16000000    23  2892  2895  2896  2897
  2895  H    100.37000000   76.40000000   86.71000000    24  2894
  2896  H     98.72000000   77.07000000   86.61000000    24  2894
  2897  H     99.41000000   76.66000000   88.22000000    24  2894
  2898  C     99.73000000   73.89000000   87.70000000    23  2892  2899  2900  2901
  2899  H    100.75000000   73.97000000   87.27000000    24  2898
  2900  H     99.79000000   74.07000000   88.80000000    24  2898
  2901  H     99.34000000   72.87000000   87.54000000    24  2898
  2902  C     94.94000000   75.53000000   87.44000000     9  2887  2903  2904
  2903  O     94.33000000   75.35000000   86.39000000    11  2902
  2904  N     94.33000000   75.46000000   88.64000000     7  2902  2905  2906
  2905  HN    94.87000000   75.63000000   89.48000000    10  2904
  2906  CA    92.96000000   75.01000000   88.85000000     8  2904  2907  2908  2916
  2907  H     92.91000000   74.00000000   88.47000000    12  2906
  2908  C     92.62000000   74.91000000   90.34000000    37  2906  2909  2910  2912
  2909  H     92.79000000   75.88000000   90.85000000    38  2908
  2910  OH    93.49000000   73.96000000   90.96000000    39  2908  2911
  2911  HO    94.32000000   74.47000000   91.15000000    40  2910
  2912  C     91.17000000   74.49000000   90.61000000    41  2908  2913  2914  2915
  2913  H     91.03000000   74.24000000   91.69000000    42  2912
  2914  H     90.47000000   75.32000000   90.38000000    42  2912
  2915  H     90.88000000   73.61000000   90.00000000    42  2912
  2916  C     91.86000000   75.76000000   88.10000000     9  2906  2917  2918
  2917  O     91.01000000   75.10000000   87.50000000    11  2916
  2918  N     91.79000000   77.09000000   87.99000000    50  2916  2919  2922
  2919  C     92.56000000   78.04000000   88.80000000    59  2918  2920  2921  2927
  2920  H     93.44000000   78.37000000   88.20000000    60  2919
  2921  H     92.91000000   77.63000000   89.77000000    60  2919
  2922  CA    90.66000000   77.75000000   87.34000000    51  2918  2923  2924  2930
  2923  H     89.74000000   77.32000000   87.72000000    54  2922
  2924  C     90.82000000   79.24000000   87.71000000    55  2922  2925  2926  2927
  2925  H     91.42000000   79.79000000   86.95000000    56  2924
  2926  H     89.84000000   79.74000000   87.83000000    56  2924
  2927  C     91.61000000   79.21000000   89.02000000    57  2919  2924  2928  2929
  2928  H     92.15000000   80.16000000   89.22000000    58  2927
  2929  H     90.93000000   78.98000000   89.87000000    58  2927
  2930  C     90.68000000   77.57000000   85.83000000    52  2922  2931  2932
  2931  O     89.63000000   77.46000000   85.20000000    53  2930
  2932  N     91.88000000   77.58000000   85.24000000     7  2930  2933  2934
  2933  HN    92.70000000   77.61000000   85.80000000    10  2932
  2934  CA    92.06000000   77.54000000   83.80000000     8  2932  2935  2936  2947
  2935  H     91.31000000   78.17000000   83.33000000    12  2934
  2936  C     93.48000000   78.06000000   83.48000000   167  2934  2937  2938  2939
  2937  H     94.24000000   77.31000000   83.82000000   168  2936
  2938  H     93.58000000   78.15000000   82.38000000   168  2936
  2939  C     93.86000000   79.41000000   84.14000000   169  2936  2940  2941  2942
  2940  H     94.00000000   79.25000000   85.23000000   170  2939
  2941  H     94.84000000   79.75000000   83.73000000   170  2939
  2942  C     92.84000000   80.53000000   83.91000000   171  2939  2943  2944
  2943  O     92.18000000   80.65000000   82.88000000   172  2942
  2944  N     92.74000000   81.45000000   84.91000000   173  2942  2945  2946
  2945  HN    93.31000000   81.35000000   85.73000000   174  2944
  2946  HN    92.15000000   82.24000000   84.77000000   174  2944
  2947  C     91.90000000   76.13000000   83.25000000     9  2934  2948  2949
  2948  O     91.37000000   75.93000000   82.15000000    11  2947
  2949  N     92.31000000   75.12000000   84.04000000     7  2947  2950  2951
  2950  HN    92.80000000   75.30000000   84.89000000    10  2949
  2951  CA    92.06000000   73.72000000   83.77000000     8  2949  2952  2953  2957
  2952  H     92.45000000   73.47000000   82.80000000    12  2951
  2953  C     92.77000000   72.87000000   84.84000000    13  2951  2954  2955  2956
  2954  H     92.64000000   71.79000000   84.63000000    14  2953
  2955  H     93.86000000   73.10000000   84.83000000    14  2953
  2956  H     92.38000000   73.09000000   85.86000000    14  2953
  2957  C     90.57000000   73.39000000   83.76000000     9  2951  2958  2959
  2958  O     90.07000000   72.73000000   82.85000000    11  2957
  2959  N     89.81000000   73.94000000   84.74000000     7  2957  2960  2961
  2960  HN    90.26000000   74.41000000   85.50000000    10  2959
  2961  CA    88.37000000   73.86000000   84.79000000     8  2959  2962  2963  2977
  2962  H     88.10000000   72.81000000   84.81000000    12  2961
  2963  C     87.87000000   74.52000000   86.11000000    61  2961  2964  2965  2966
  2964  H     88.18000000   73.90000000   86.98000000    62  2963
  2965  H     88.35000000   75.52000000   86.22000000    62  2963
  2966  C     86.37000000   74.71000000   86.18000000    63  2963  2967  2973
  2967  C     85.54000000   73.59000000   86.20000000    64  2966  2968  2969
  2968  H     85.98000000   72.60000000   86.18000000    65  2967
  2969  C     84.14000000   73.73000000   86.22000000    66  2967  2970  2971
  2970  H     83.52000000   72.85000000   86.22000000    67  2969
  2971  C     83.57000000   75.00000000   86.23000000    68  2969  2972  2975
  2972  H     82.49000000   75.11000000   86.25000000    69  2971
  2973  C     85.79000000   75.99000000   86.20000000    64  2966  2974  2975
  2974  H     86.42000000   76.87000000   86.17000000    65  2973
  2975  C     84.39000000   76.14000000   86.22000000    66  2971  2973  2976
  2976  H     83.95000000   77.13000000   86.22000000    67  2975
  2977  C     87.69000000   74.42000000   83.54000000     9  2961  2978  2979
  2978  O     86.86000000   73.76000000   82.91000000    11  2977
  2979  N     88.09000000   75.63000000   83.09000000     7  2977  2980  2981
  2980  HN    88.71000000   76.19000000   83.64000000    10  2979
  2981  CA    87.60000000   76.19000000   81.84000000     8  2979  2982  2983  2988
  2982  H     86.52000000   76.25000000   81.92000000    12  2981
  2983  C     88.14000000   77.62000000   81.58000000    33  2981  2984  2985  2986
  2984  H     89.25000000   77.60000000   81.66000000    34  2983
  2985  H     87.85000000   77.97000000   80.57000000    34  2983
  2986  OH    87.64000000   78.56000000   82.53000000    35  2983  2987
  2987  HO    86.66000000   78.53000000   82.44000000    36  2986
  2988  C     87.88000000   75.34000000   80.61000000     9  2981  2989  2990
  2989  O     86.98000000   75.05000000   79.84000000    11  2988
  2990  N     89.13000000   74.83000000   80.43000000     7  2988  2991  2992
  2991  HN    89.85000000   75.04000000   81.09000000    10  2990
  2992  CA    89.44000000   73.90000000   79.34000000     8  2990  2993  2994  3005
  2993  H     89.12000000   74.39000000   78.42000000    12  2992
  2994  C     90.96000000   73.63000000   79.22000000   127  2992  2995  2996  2998
  2995  H     91.47000000   74.61000000   79.19000000   128  2994
  2996  H     91.31000000   73.10000000   80.14000000   128  2994
  2997  N     92.76000000   72.48000000   77.90000000   130  2998  2999
  2998  C     91.42000000   72.84000000   78.00000000   129  2994  2997  3003
  2999  C     92.83000000   71.76000000   76.78000000   133  2997  3000  3001
  3000  H     93.72000000   71.28000000   76.37000000   134  2999
  3001  N     91.63000000   71.66000000   76.17000000   135  2999  3002  3003
  3002  HN    91.43000000   71.05000000   75.38000000   136  3001
  3003  C     90.72000000   72.36000000   76.93000000   131  2998  3001  3004
  3004  H     89.68000000   72.45000000   76.66000000   132  3003
  3005  C     88.66000000   72.59000000   79.41000000     9  2992  3006  3007
  3006  O     88.14000000   72.11000000   78.40000000    11  3005
  3007  N     88.52000000   72.01000000   80.62000000     7  3005  3008  3009
  3008  HN    88.97000000   72.39000000   81.43000000    10  3007
  3009  CA    87.75000000   70.80000000   80.84000000     8  3007  3010  3011  3025
  3010  H     88.18000000   70.02000000   80.22000000    12  3009
  3011  C     87.88000000   70.35000000   82.33000000    61  3009  3012  3013  3014
  3012  H     88.93000000   70.06000000   82.54000000    62  3011
  3013  H     87.63000000   71.21000000   82.99000000    62  3011
  3014  C     86.97000000   69.20000000   82.70000000    63  3011  3015  3021
  3015  C     85.70000000   69.44000000   83.24000000    64  3014  3016  3017
  3016  H     85.36000000   70.46000000   83.38000000    65  3015
  3017  C     84.86000000   68.38000000   83.60000000    66  3015  3018  3019
  3018  H     83.88000000   68.57000000   84.02000000    67  3017
  3019  C     85.30000000   67.06000000   83.43000000    68  3017  3020  3023
  3020  H     84.66000000   66.24000000   83.72000000    69  3019
  3021  C     87.40000000   67.87000000   82.53000000    64  3014  3022  3023
  3022  H     88.38000000   67.67000000   82.13000000    65  3021
  3023  C     86.57000000   66.80000000   82.90000000    66  3019  3021  3024
  3024  H     86.90000000   65.78000000   82.78000000    67  3023
  3025  C     86.30000000   70.91000000   80.39000000     9  3009  3026  3027
  3026  O     85.79000000   70.03000000   79.70000000    11  3025
  3027  N     85.61000000   72.03000000   80.71000000     7  3025  3028  3029
  3028  HN    86.04000000   72.70000000   81.32000000    10  3027
  3029  CA    84.22000000   72.26000000   80.28000000     8  3027  3030  3031  3039
  3030  H     83.65000000   71.41000000   80.63000000    12  3029
  3031  C     83.55000000   73.50000000   80.86000000    37  3029  3032  3033  3035
  3032  H     82.50000000   73.57000000   80.49000000    38  3031
  3033  OH    84.23000000   74.72000000   80.54000000    39  3031  3034
  3034  HO    85.18000000   74.56000000   80.65000000    40  3033
  3035  C     83.49000000   73.38000000   82.39000000    41  3031  3036  3037  3038
  3036  H     82.96000000   74.24000000   82.83000000    42  3035
  3037  H     82.96000000   72.45000000   82.68000000    42  3035
  3038  H     84.50000000   73.35000000   82.84000000    42  3035
  3039  C     84.04000000   72.25000000   78.77000000     9  3029  3040  3041
  3040  O     83.08000000   71.68000000   78.24000000    11  3039
  3041  N     84.99000000   72.86000000   78.02000000     7  3039  3042  3043
  3042  HN    85.76000000   73.32000000   78.45000000    10  3041
  3043  CA    84.99000000   72.79000000   76.57000000     8  3041  3044  3045  3059
  3044  H     84.04000000   73.14000000   76.22000000    12  3043
  3045  C     86.09000000   73.74000000   76.01000000    61  3043  3046  3047  3048
  3046  H     85.88000000   74.77000000   76.38000000    62  3045
  3047  H     87.09000000   73.44000000   76.41000000    62  3045
  3048  C     86.15000000   73.79000000   74.51000000    63  3045  3049  3055
  3049  C     85.13000000   74.43000000   73.78000000    64  3048  3050  3051
  3050  H     84.28000000   74.85000000   74.31000000    65  3049
  3051  C     85.21000000   74.53000000   72.39000000    66  3049  3052  3053
  3052  H     84.40000000   74.99000000   71.83000000    67  3051
  3053  C     86.31000000   74.01000000   71.70000000    68  3051  3054  3057
  3054  H     86.37000000   74.08000000   70.63000000    69  3053
  3055  C     87.24000000   73.25000000   73.81000000    64  3048  3056  3057
  3056  H     88.02000000   72.74000000   74.35000000    65  3055
  3057  C     87.33000000   73.38000000   72.42000000    66  3053  3055  3058
  3058  H     88.18000000   72.95000000   71.89000000    67  3057
  3059  C     85.12000000   71.38000000   76.01000000     9  3043  3060  3061
  3060  O     84.26000000   70.93000000   75.26000000    11  3059
  3061  N     86.15000000   70.62000000   76.43000000     7  3059  3062  3063
  3062  HN    86.84000000   70.98000000   77.06000000    10  3061
  3063  CA    86.30000000   69.24000000   76.00000000     8  3061  3064  3065  3074
  3064  H     86.27000000   69.24000000   74.92000000    12  3063
  3065  C     87.66000000   68.61000000   76.41000000   153  3063  3066  3067  3068
  3066  H     87.81000000   68.70000000   77.51000000   154  3065
  3067  H     87.59000000   67.53000000   76.17000000   154  3065
  3068  C     88.87000000   69.20000000   75.64000000   155  3065  3069  3070  3071
  3069  H     88.52000000   69.62000000   74.67000000   156  3068
  3070  H     89.33000000   70.02000000   76.23000000   156  3068
  3071  C     89.97000000   68.20000000   75.29000000   157  3068  3072  3073
  3072  O     89.87000000   66.99000000   75.65000000   158  3071
  3073  O     90.94000000   68.61000000   74.60000000   158  3071
  3074  C     85.16000000   68.34000000   76.44000000     9  3063  3075  3076
  3075  O     84.61000000   67.59000000   75.64000000    11  3074
  3076  N     84.73000000   68.44000000   77.71000000     7  3074  3077  3078
  3077  HN    85.15000000   69.11000000   78.33000000    10  3076
  3078  CA    83.79000000   67.52000000   78.33000000     8  3076  3079  3080  3098
  3079  H     84.10000000   66.52000000   78.07000000    12  3078
  3080  C     83.85000000   67.67000000   79.88000000   202  3078  3081  3082  3083
  3081  H     84.90000000   67.56000000   80.21000000   203  3080
  3082  H     83.55000000   68.72000000   80.14000000   203  3080
  3083  C     82.97000000   66.70000000   80.69000000   204  3080  3084  3085  3086
  3084  H     83.04000000   66.97000000   81.76000000   205  3083
  3085  H     81.90000000   66.84000000   80.40000000   205  3083
  3086  C     83.36000000   65.22000000   80.55000000   206  3083  3087  3088  3089
  3087  H     83.46000000   64.91000000   79.49000000   207  3086
  3088  H     84.32000000   65.02000000   81.07000000   207  3086
  3089  N     82.28000000   64.43000000   81.21000000   208  3086  3090  3091
  3090  HN    82.27000000   64.31000000   82.22000000   209  3089
  3091  C     81.15000000   64.05000000   80.65000000   210  3089  3092  3095
  3092  N     80.78000000   64.31000000   79.41000000   211  3091  3093  3094
  3093  HN    81.18000000   65.11000000   78.97000000   212  3092
  3094  HN    79.85000000   64.03000000   79.18000000   212  3092
  3095  N     80.29000000   63.42000000   81.43000000   211  3091  3096  3097
  3096  HN    80.52000000   63.43000000   82.41000000   212  3095
  3097  HN    79.37000000   63.30000000   81.09000000   212  3095
  3098  C     82.36000000   67.69000000   77.83000000     9  3078  3099  3100
  3099  O     81.54000000   66.78000000   77.94000000    11  3098
  3100  N     82.04000000   68.85000000   77.22000000     7  3098  3101  3102
  3101  HN    82.71000000   69.59000000   77.19000000    10  3100
  3102  CA    80.75000000   69.10000000   76.60000000     8  3100  3103  3104  3109
  3103  H     80.00000000   68.48000000   77.06000000    12  3102
  3104  C     80.32000000   70.59000000   76.74000000    33  3102  3105  3106  3107
  3105  H     79.30000000   70.73000000   76.31000000    34  3104
  3106  H     80.26000000   70.84000000   77.82000000    34  3104
  3107  OH    81.23000000   71.50000000   76.11000000    35  3104  3108
  3108  HO    81.93000000   71.70000000   76.76000000    36  3107
  3109  C     80.76000000   68.76000000   75.12000000     9  3102  3110  3111
  3110  O     79.75000000   68.90000000   74.43000000    11  3109
  3111  N     81.90000000   68.30000000   74.56000000     1  3109  3112  3113
  3112  HN    82.70000000   68.15000000   75.14000000     4  3111
  3113  CA    82.04000000   68.01000000   73.14000000     2  3111  3114  3115  3116
  3114  H     82.97000000   67.49000000   73.01000000     6  3113
  3115  H     81.20000000   67.43000000   72.80000000     6  3113
  3116  C     82.13000000   69.25000000   72.29000000     3  3113  3117  3118
  3117  O     81.73000000   69.25000000   71.12000000     5  3116
  3118  N     82.64000000   70.34000000   72.89000000     7  3116  3119  3120
  3119  HN    82.95000000   70.27000000   73.84000000    10  3118
  3120  CA    82.86000000   71.66000000   72.31000000     8  3118  3121  3122  3133
  3121  H     83.51000000   72.17000000   73.00000000    12  3120
  3122  C     83.61000000   71.63000000   70.94000000   127  3120  3123  3124  3126
  3123  H     83.02000000   71.09000000   70.17000000   128  3122
  3124  H     83.76000000   72.67000000   70.58000000   128  3122
  3125  N     85.76000000   70.84000000   69.92000000   130  3126  3127
  3126  C     84.97000000   71.02000000   71.05000000   129  3122  3125  3131
  3127  C     86.92000000   70.38000000   70.40000000   133  3125  3128  3129
  3128  H     87.81000000   70.13000000   69.81000000   134  3127
  3129  N     86.89000000   70.24000000   71.74000000   135  3127  3130  3131
  3130  HN    87.59000000   69.79000000   72.30000000   136  3129
  3131  C     85.66000000   70.65000000   72.16000000   131  3126  3129  3132
  3132  H     85.37000000   70.66000000   73.20000000   132  3131
  3133  C     81.60000000   72.51000000   72.26000000     9  3120  3134  3135
  3134  O     81.60000000   73.59000000   71.68000000    11  3133
  3135  N     80.51000000   72.08000000   72.92000000     7  3133  3136  3137
  3136  HN    80.53000000   71.23000000   73.43000000    10  3135
  3137  CA    79.25000000   72.80000000   72.88000000     8  3135  3138  3139  3150
  3138  H     79.10000000   73.17000000   71.88000000    12  3137
  3139  C     78.05000000   71.88000000   73.21000000   167  3137  3140  3141  3142
  3140  H     78.22000000   71.38000000   74.19000000   168  3139
  3141  H     77.13000000   72.51000000   73.31000000   168  3139
  3142  C     77.79000000   70.83000000   72.11000000   169  3139  3143  3144  3145
  3143  H     77.73000000   71.32000000   71.12000000   170  3142
  3144  H     78.62000000   70.10000000   72.08000000   170  3142
  3145  C     76.48000000   70.09000000   72.38000000   171  3142  3146  3147
  3146  O     76.42000000   69.06000000   73.06000000   172  3145
  3147  N     75.37000000   70.64000000   71.84000000   173  3145  3148  3149
  3148  HN    75.49000000   71.38000000   71.15000000   174  3147
  3149  HN    74.48000000   70.38000000   72.18000000   174  3147
  3150  C     79.19000000   74.03000000   73.77000000     9  3137  3151  3152
  3151  O     78.39000000   74.94000000   73.53000000    11  3150
  3152  N     80.04000000   74.11000000   74.81000000     7  3150  3153  3154
  3153  HN    80.67000000   73.36000000   75.03000000    10  3152
  3154  CA    80.06000000   75.26000000   75.68000000     8  3152  3155  3156  3169
  3155  H     79.95000000   76.13000000   75.06000000    12  3154
  3156  C     78.93000000   75.23000000   76.75000000    19  3154  3157  3158  3159
  3157  H     78.92000000   76.17000000   77.34000000    20  3156
  3158  H     77.98000000   75.20000000   76.17000000    20  3156
  3159  C     78.92000000   74.02000000   77.72000000    21  3156  3160  3161  3165
  3160  H     79.24000000   73.12000000   77.16000000    22  3159
  3161  C     79.85000000   74.19000000   78.93000000    23  3159  3162  3163  3164
  3162  H     79.75000000   73.32000000   79.61000000    24  3161
  3163  H     80.91000000   74.24000000   78.62000000    24  3161
  3164  H     79.60000000   75.12000000   79.49000000    24  3161
  3165  C     77.49000000   73.76000000   78.21000000    23  3159  3166  3167  3168
  3166  H     77.47000000   72.90000000   78.91000000    24  3165
  3167  H     77.08000000   74.65000000   78.74000000    24  3165
  3168  H     76.82000000   73.52000000   77.36000000    24  3165
  3169  C     81.42000000   75.40000000   76.34000000     9  3154  3170  3171
  3170  O     82.23000000   74.48000000   76.30000000    11  3169
  3171  N     81.70000000   76.56000000   76.95000000     7  3169  3172  3173
  3172  HN    81.07000000   77.33000000   76.87000000    10  3171
  3173  CA    82.87000000   76.73000000   77.79000000     8  3171  3174  3175  3188
  3174  H     83.11000000   75.77000000   78.24000000    12  3173
  3175  C     84.10000000   77.22000000   77.02000000    25  3173  3176  3177  3181
  3176  H     84.24000000   76.52000000   76.16000000    26  3175
  3177  C     83.89000000   78.64000000   76.45000000    29  3175  3178  3179  3180
  3178  H     84.75000000   78.94000000   75.82000000    30  3177
  3179  H     82.98000000   78.64000000   75.81000000    30  3177
  3180  H     83.78000000   79.39000000   77.26000000    30  3177
  3181  C     85.38000000   77.12000000   77.89000000    27  3175  3182  3183  3184
  3182  H     85.31000000   77.80000000   78.77000000    28  3181
  3183  H     85.42000000   76.08000000   78.28000000    28  3181
  3184  C     86.67000000   77.42000000   77.13000000    31  3181  3185  3186  3187
  3185  H     87.55000000   77.17000000   77.77000000    32  3184
  3186  H     86.73000000   76.83000000   76.20000000    32  3184
  3187  H     86.74000000   78.50000000   76.87000000    32  3184
  3188  C     82.51000000   77.66000000   78.93000000     9  3173  3189  3190
  3189  O     81.82000000   78.66000000   78.75000000    11  3188
  3190  N     82.95000000   77.33000000   80.16000000     7  3188  3191  3192
  3191  HN    83.47000000   76.48000000   80.31000000    10  3190
  3192  CA    82.70000000   78.13000000   81.35000000     8  3190  3193  3194  3204
  3193  H     81.87000000   78.80000000   81.16000000    12  3192
  3194  C     82.33000000   77.26000000   82.56000000    15  3192  3195  3196  3200
  3195  H     83.19000000   76.63000000   82.85000000    16  3194
  3196  C     81.92000000   78.16000000   83.75000000    17  3194  3197  3198  3199
  3197  H     81.63000000   77.53000000   84.62000000    18  3196
  3198  H     82.76000000   78.82000000   84.07000000    18  3196
  3199  H     81.05000000   78.80000000   83.48000000    18  3196
  3200  C     81.15000000   76.34000000   82.19000000    17  3194  3201  3202  3203
  3201  H     80.81000000   75.76000000   83.08000000    18  3200
  3202  H     80.29000000   76.92000000   81.80000000    18  3200
  3203  H     81.45000000   75.60000000   81.41000000    18  3200
  3204  C     83.93000000   78.97000000   81.66000000     9  3192  3205  3206
  3205  O     85.00000000   78.46000000   81.97000000    11  3204
  3206  N     83.80000000   80.30000000   81.55000000     7  3204  3207  3208
  3207  HN    82.90000000   80.69000000   81.32000000    10  3206
  3208  CA    84.88000000   81.26000000   81.74000000     8  3206  3209  3210  3220
  3209  H     85.70000000   80.78000000   82.26000000    12  3208
  3210  C     85.40000000   81.84000000   80.42000000    15  3208  3211  3212  3216
  3211  H     86.23000000   82.56000000   80.62000000    16  3210
  3212  C     86.00000000   80.71000000   79.57000000    17  3210  3213  3214  3215
  3213  H     86.45000000   81.12000000   78.64000000    18  3212
  3214  H     86.80000000   80.17000000   80.13000000    18  3212
  3215  H     85.22000000   79.98000000   79.28000000    18  3212
  3216  C     84.27000000   82.55000000   79.66000000    17  3210  3217  3218  3219
  3217  H     84.68000000   82.96000000   78.71000000    18  3216
  3218  H     83.46000000   81.84000000   79.40000000    18  3216
  3219  H     83.84000000   83.38000000   80.24000000    18  3216
  3220  C     84.39000000   82.36000000   82.67000000     9  3208  3221  3222
  3221  O     83.33000000   82.21000000   83.28000000    11  3220
  3222  N     85.13000000   83.48000000   82.84000000     7  3220  3223  3224
  3223  HN    86.02000000   83.55000000   82.37000000    10  3222
  3224  CA    84.79000000   84.61000000   83.70000000     8  3222  3225  3226  3232
  3225  H     85.56000000   85.35000000   83.53000000    12  3224
  3226  C     83.44000000   85.27000000   83.25000000   137  3224  3227  3228  3229
  3227  H     83.54000000   85.53000000   82.17000000   138  3226
  3228  H     82.64000000   84.52000000   83.33000000   138  3226
  3229  C     82.96000000   86.51000000   83.97000000   139  3226  3230  3231
  3230  O     83.77000000   87.42000000   84.26000000   140  3229
  3231  O     81.71000000   86.64000000   84.15000000   140  3229
  3232  C     84.96000000   84.24000000   85.17000000     9  3224  3233  3234
  3233  O     84.30000000   84.76000000   86.07000000    11  3232
  3234  N     85.89000000   83.30000000   85.42000000     7  3232  3235  3236
  3235  HN    86.46000000   82.98000000   84.66000000    10  3234
  3236  CA    86.12000000   82.62000000   86.68000000     8  3234  3237  3238  3251
  3237  H     85.16000000   82.28000000   87.03000000    12  3236
  3238  C     87.01000000   81.38000000   86.52000000    25  3236  3239  3240  3244
  3239  H     88.04000000   81.71000000   86.24000000    26  3238
  3240  C     87.08000000   80.62000000   87.86000000    29  3238  3241  3242  3243
  3241  H     87.61000000   79.65000000   87.72000000    30  3240
  3242  H     87.63000000   81.19000000   88.63000000    30  3240
  3243  H     86.06000000   80.40000000   88.24000000    30  3240
  3244  C     86.53000000   80.43000000   85.39000000    27  3238  3245  3246  3247
  3245  H     86.64000000   80.94000000   84.40000000    28  3244
  3246  H     87.23000000   79.56000000   85.36000000    28  3244
  3247  C     85.10000000   79.92000000   85.53000000    31  3244  3248  3249  3250
  3248  H     84.87000000   79.21000000   84.71000000    32  3247
  3249  H     84.96000000   79.38000000   86.50000000    32  3247
  3250  H     84.37000000   80.76000000   85.49000000    32  3247
  3251  C     86.69000000   83.56000000   87.74000000     9  3236  3252  3253
  3252  O     87.76000000   84.15000000   87.58000000    11  3251
  3253  N     85.96000000   83.75000000   88.85000000     7  3251  3254  3255
  3254  HN    85.08000000   83.28000000   88.97000000    10  3253
  3255  CA    86.34000000   84.73000000   89.85000000     8  3253  3256  3257  3268
  3256  H     87.41000000   84.70000000   89.99000000    12  3255
  3257  C     85.88000000   86.16000000   89.42000000   167  3255  3258  3259  3260
  3258  H     86.26000000   86.92000000   90.14000000   168  3257
  3259  H     86.36000000   86.36000000   88.44000000   168  3257
  3260  C     84.35000000   86.30000000   89.27000000   169  3257  3261  3262  3263
  3261  H     83.96000000   85.36000000   88.82000000   170  3260
  3262  H     83.87000000   86.40000000   90.26000000   170  3260
  3263  C     83.91000000   87.47000000   88.39000000   171  3260  3264  3265
  3264  O     84.23000000   88.65000000   88.58000000   172  3263
  3265  N     83.14000000   87.14000000   87.33000000   173  3263  3266  3267
  3266  HN    83.07000000   86.16000000   87.09000000   174  3265
  3267  HN    82.92000000   87.84000000   86.67000000   174  3265
  3268  C     85.72000000   84.40000000   91.20000000     9  3255  3269  3270
  3269  O     84.67000000   83.77000000   91.30000000    11  3268
  3270  N     86.37000000   84.86000000   92.30000000     1  3268  3271  3272
  3271  HN    87.25000000   85.33000000   92.20000000     4  3270
  3272  CA    85.88000000   84.62000000   93.65000000     2  3270  3273  3274  3275
  3273  H     85.25000000   85.45000000   93.92000000     6  3272
  3274  H     85.36000000   83.67000000   93.67000000     6  3272
  3275  C     86.98000000   84.53000000   94.66000000     3  3272  3276  3277
  3276  O     88.07000000   85.08000000   94.50000000     5  3275
  3277  N     86.70000000   83.83000000   95.77000000     7  3275  3278  3279
  3278  HN    85.79000000   83.41000000   95.86000000    10  3277
  3279  CA    87.61000000   83.60000000   96.88000000     8  3277  3280  3281  3291
  3280  H     88.49000000   84.20000000   96.77000000    12  3279
  3281  C     86.93000000   83.96000000   98.19000000    15  3279  3282  3283  3287
  3282  H     86.01000000   83.35000000   98.29000000    16  3281
  3283  C     87.85000000   83.69000000   99.40000000    17  3281  3284  3285  3286
  3284  H     87.33000000   83.98000000  100.34000000    18  3283
  3285  H     88.14000000   82.62000000   99.48000000    18  3283
  3286  H     88.77000000   84.30000000   99.32000000    18  3283
  3287  C     86.52000000   85.45000000   98.18000000    17  3281  3288  3289  3290
  3288  H     86.07000000   85.73000000   99.15000000    18  3287
  3289  H     87.40000000   86.10000000   98.00000000    18  3287
  3290  H     85.76000000   85.65000000   97.39000000    18  3287
  3291  C     88.00000000   82.13000000   96.89000000     9  3279  3292  3293
  3292  O     87.14000000   81.24000000   96.87000000    11  3291
  3293  N     89.31000000   81.80000000   96.91000000     1  3291  3294  3295
  3294  HN    90.00000000   82.53000000   96.85000000     4  3293
  3295  CA    89.80000000   80.41000000   96.85000000     2  3293  3296  3297  3298
  3296  H     90.88000000   80.44000000   96.91000000     6  3295
  3297  H     89.35000000   79.86000000   97.66000000     6  3295
  3298  C     89.45000000   79.73000000   95.56000000     3  3295  3299  3300
  3299  O     89.68000000   80.29000000   94.48000000     5  3298
  3300  N     88.86000000   78.52000000   95.63000000     7  3298  3301  3302
  3301  HN    88.80000000   78.01000000   96.49000000    10  3300
  3302  CA    88.29000000   77.83000000   94.48000000     8  3300  3303  3304  3310
  3303  H     88.59000000   78.32000000   93.56000000    12  3302
  3304  C     88.78000000   76.36000000   94.44000000   137  3302  3305  3306  3307
  3305  H     88.44000000   75.83000000   95.35000000   138  3304
  3306  H     88.37000000   75.84000000   93.56000000   138  3304
  3307  C     90.28000000   76.32000000   94.34000000   139  3304  3308  3309
  3308  O     90.95000000   75.79000000   95.26000000   140  3307
  3309  O     90.82000000   76.85000000   93.33000000   140  3307
  3310  C     86.76000000   77.88000000   94.54000000     9  3302  3311  3312
  3311  O     86.06000000   77.14000000   93.85000000    11  3310
  3312  N     86.20000000   78.79000000   95.37000000     7  3310  3313  3314
  3313  HN    86.77000000   79.37000000   95.95000000    10  3312
  3314  CA    84.77000000   79.04000000   95.42000000     8  3312  3315  3316  3329
  3315  H     84.25000000   78.17000000   95.06000000    12  3314
  3316  C     84.24000000   79.38000000   96.83000000    19  3314  3317  3318  3319
  3317  H     84.67000000   80.34000000   97.19000000    20  3316
  3318  H     83.13000000   79.51000000   96.77000000    20  3316
  3319  C     84.51000000   78.30000000   97.90000000    21  3316  3320  3321  3325
  3320  H     85.60000000   78.31000000   98.14000000    22  3319
  3321  C     83.73000000   78.63000000   99.18000000    23  3319  3322  3323  3324
  3322  H     84.05000000   77.96000000  100.01000000    24  3321
  3323  H     83.88000000   79.69000000   99.46000000    24  3321
  3324  H     82.64000000   78.47000000   99.01000000    24  3321
  3325  C     84.14000000   76.90000000   97.43000000    23  3319  3326  3327  3328
  3326  H     84.26000000   76.18000000   98.25000000    24  3325
  3327  H     83.08000000   76.87000000   97.10000000    24  3325
  3328  H     84.78000000   76.58000000   96.58000000    24  3325
  3329  C     84.43000000   80.19000000   94.49000000     9  3314  3330  3331
  3330  O     84.96000000   81.30000000   94.63000000    11  3329
  3331  N     83.55000000   79.97000000   93.51000000     7  3329  3332  3333
  3332  HN    83.15000000   79.05000000   93.42000000    10  3331
  3333  CA    83.38000000   80.88000000   92.39000000     8  3331  3334  3335  3350
  3334  H     84.12000000   81.67000000   92.44000000    12  3333
  3335  C     83.59000000   80.09000000   91.07000000    70  3333  3336  3337  3338
  3336  H     82.80000000   79.31000000   90.99000000    71  3335
  3337  H     83.51000000   80.78000000   90.20000000    71  3335
  3338  C     84.93000000   79.43000000   90.93000000    72  3335  3339  3346
  3339  C     86.12000000   80.11000000   91.25000000    73  3338  3340  3341
  3340  H     86.07000000   81.12000000   91.64000000    74  3339
  3341  C     87.37000000   79.50000000   91.07000000    75  3339  3342  3343
  3342  H     88.27000000   80.01000000   91.35000000    76  3341
  3343  C     87.44000000   78.22000000   90.52000000    77  3341  3344  3348
  3344  OH    88.70000000   77.61000000   90.34000000    78  3343  3345
  3345  HO    88.56000000   76.66000000   90.32000000    79  3344
  3346  C     85.03000000   78.15000000   90.36000000    73  3338  3347  3348
  3347  H     84.13000000   77.63000000   90.06000000    74  3346
  3348  C     86.27000000   77.55000000   90.14000000    75  3343  3346  3349
  3349  H     86.33000000   76.58000000   89.68000000    76  3348
  3350  C     82.01000000   81.58000000   92.35000000     9  3333  3351  3352
  3351  O     81.01000000   81.06000000   92.83000000    11  3350
  3352  N     81.95000000   82.80000000   91.77000000     7  3350  3353  3354
  3353  HN    82.80000000   83.20000000   91.39000000    10  3352
  3354  CA    80.73000000   83.61000000   91.57000000     8  3352  3355  3356  3364
  3355  H     79.88000000   82.95000000   91.62000000    12  3354
  3356  C     80.50000000   84.69000000   92.65000000    37  3354  3357  3358  3360
  3357  H     80.28000000   84.18000000   93.62000000    38  3356
  3358  OH    79.43000000   85.60000000   92.37000000    39  3356  3359
  3359  HO    78.60000000   85.23000000   92.76000000    40  3358
  3360  C     81.76000000   85.55000000   92.83000000    41  3356  3361  3362  3363
  3361  H     81.59000000   86.31000000   93.62000000    42  3360
  3362  H     82.63000000   84.93000000   93.13000000    42  3360
  3363  H     82.01000000   86.08000000   91.88000000    42  3360
  3364  C     80.74000000   84.21000000   90.17000000     9  3354  3365  3366
  3365  O     81.80000000   84.44000000   89.60000000    11  3364
  3366  N     79.56000000   84.49000000   89.57000000     7  3364  3367  3368
  3367  HN    78.73000000   84.27000000   90.06000000    10  3366
  3368  CA    79.38000000   85.17000000   88.28000000     8  3366  3369  3370  3376
  3369  H     78.37000000   84.94000000   87.98000000    12  3368
  3370  C     79.40000000   86.71000000   88.60000000   137  3368  3371  3372  3373
  3371  H     78.67000000   86.86000000   89.42000000   138  3370
  3372  H     80.41000000   86.97000000   89.00000000   138  3370
  3373  C     79.07000000   87.70000000   87.51000000   139  3370  3374  3375
  3374  O     78.95000000   88.91000000   87.82000000   140  3373
  3375  O     78.98000000   87.33000000   86.31000000   140  3373
  3376  C     80.26000000   84.73000000   87.06000000     9  3368  3377  3378
  3377  O     80.77000000   85.60000000   86.34000000    11  3376
  3378  N     80.47000000   83.45000000   86.74000000    50  3376  3379  3382
  3379  C     79.63000000   82.37000000   87.24000000    59  3378  3380  3381  3387
  3380  H     78.56000000   82.67000000   87.32000000    60  3379
  3381  H     80.01000000   82.10000000   88.24000000    60  3379
  3382  CA    81.09000000   83.05000000   85.48000000    51  3378  3383  3384  3390
  3383  H     82.07000000   83.49000000   85.40000000    54  3382
  3384  C     81.14000000   81.52000000   85.61000000    55  3382  3385  3386  3387
  3385  H     81.32000000   80.98000000   84.66000000    56  3384
  3386  H     81.97000000   81.26000000   86.31000000    56  3384
  3387  C     79.80000000   81.20000000   86.26000000    57  3379  3384  3388  3389
  3388  H     79.00000000   81.22000000   85.49000000    58  3387
  3389  H     79.83000000   80.22000000   86.75000000    58  3387
  3390  C     80.30000000   83.47000000   84.25000000    52  3382  3391  3392
  3391  O     79.33000000   84.22000000   84.36000000    53  3390
  3392  N     80.69000000   82.99000000   83.07000000     7  3390  3393  3394
  3393  HN    81.54000000   82.45000000   83.02000000    10  3392
  3394  CA    80.01000000   83.22000000   81.83000000     8  3392  3395  3396  3407
  3395  H     78.97000000   83.46000000   82.01000000    12  3394
  3396  C     80.73000000   84.29000000   80.97000000   167  3394  3397  3398  3399
  3397  H     81.03000000   85.12000000   81.65000000   168  3396
  3398  H     81.67000000   83.88000000   80.55000000   168  3396
  3399  C     79.85000000   84.87000000   79.84000000   169  3396  3400  3401  3402
  3400  H     80.48000000   85.44000000   79.13000000   170  3399
  3401  H     79.37000000   84.06000000   79.26000000   170  3399
  3402  C     78.82000000   85.85000000   80.40000000   171  3399  3403  3404
  3403  O     79.18000000   86.91000000   80.91000000   172  3402
  3404  N     77.53000000   85.50000000   80.30000000   173  3402  3405  3406
  3405  HN    77.27000000   84.60000000   79.93000000   174  3404
  3406  HN    76.81000000   86.13000000   80.61000000   174  3404
  3407  C     80.09000000   81.89000000   81.10000000     9  3394  3408  3409
  3408  O     81.14000000   81.25000000   81.08000000    11  3407
  3409  N     78.99000000   81.45000000   80.49000000     7  3407  3410  3411
  3410  HN    78.14000000   81.99000000   80.49000000    10  3409
  3411  CA    78.94000000   80.22000000   79.74000000     8  3409  3412  3413  3426
  3412  H     79.86000000   79.66000000   79.86000000    12  3411
  3413  C     77.77000000   79.32000000   80.15000000    25  3411  3414  3415  3419
  3414  H     76.81000000   79.85000000   79.93000000    26  3413
  3415  C     77.82000000   78.02000000   79.32000000    29  3413  3416  3417  3418
  3416  H     76.97000000   77.36000000   79.59000000    30  3415
  3417  H     77.76000000   78.21000000   78.23000000    30  3415
  3418  H     78.76000000   77.46000000   79.53000000    30  3415
  3419  C     77.79000000   79.01000000   81.67000000    27  3413  3420  3421  3422
  3420  H     78.56000000   78.24000000   81.86000000    28  3419
  3421  H     78.05000000   79.91000000   82.26000000    28  3419
  3422  C     76.43000000   78.50000000   82.18000000    31  3419  3423  3424  3425
  3423  H     76.49000000   78.24000000   83.26000000    32  3422
  3424  H     75.65000000   79.28000000   82.05000000    32  3422
  3425  H     76.10000000   77.60000000   81.62000000    32  3422
  3426  C     78.81000000   80.62000000   78.28000000     9  3411  3427  3428
  3427  O     77.77000000   81.13000000   77.85000000    11  3426
  3428  N     79.86000000   80.41000000   77.47000000     7  3426  3429  3430
  3429  HN    80.69000000   79.97000000   77.82000000    10  3428
  3430  CA    79.78000000   80.68000000   76.04000000     8  3428  3431  3432  3443
  3431  H     79.04000000   81.44000000   75.86000000    12  3430
  3432  C     81.12000000   81.16000000   75.43000000   127  3430  3433  3434  3436
  3433  H     81.88000000   80.37000000   75.51000000   128  3432
  3434  H     80.97000000   81.39000000   74.35000000   128  3432
  3435  N     81.03000000   83.59000000   75.97000000   130  3436  3437
  3436  C     81.70000000   82.39000000   76.06000000   129  3432  3435  3441
  3437  C     81.88000000   84.50000000   76.41000000   133  3435  3438  3439
  3438  H     81.68000000   85.57000000   76.47000000   134  3437
  3439  N     83.07000000   83.95000000   76.75000000   135  3437  3440  3441
  3440  HN    83.93000000   84.43000000   76.94000000   136  3439
  3441  C     82.96000000   82.59000000   76.53000000   131  3436  3439  3442
  3442  H     83.77000000   81.89000000   76.67000000   132  3441
  3443  C     79.36000000   79.40000000   75.35000000     9  3430  3444  3445
  3444  O     79.89000000   78.35000000   75.68000000    11  3443
  3445  N     78.40000000   79.43000000   74.40000000     7  3443  3446  3447
  3446  HN    77.98000000   80.30000000   74.12000000    10  3445
  3447  CA    77.81000000   78.20000000   73.85000000     8  3445  3448  3449  3457
  3448  H     78.37000000   77.35000000   74.18000000    12  3447
  3449  C     76.34000000   77.97000000   74.27000000    37  3447  3450  3451  3453
  3450  H     76.03000000   76.94000000   73.96000000    38  3449
  3451  OH    75.43000000   78.91000000   73.71000000    39  3449  3452
  3452  HO    74.56000000   78.47000000   73.74000000    40  3451
  3453  C     76.22000000   78.06000000   75.79000000    41  3449  3454  3455  3456
  3454  H     75.18000000   77.83000000   76.10000000    42  3453
  3455  H     76.91000000   77.35000000   76.29000000    42  3453
  3456  H     76.46000000   79.09000000   76.15000000    42  3453
  3457  C     77.86000000   78.17000000   72.33000000     9  3447  3458  3459
  3458  O     78.03000000   79.19000000   71.67000000    11  3457
  3459  N     77.70000000   76.98000000   71.70000000     7  3457  3460  3461
  3460  HN    77.69000000   76.13000000   72.24000000    10  3459
  3461  CA    77.63000000   76.85000000   70.25000000     8  3459  3462  3463  3472
  3462  H     78.54000000   77.28000000   69.86000000    12  3461
  3463  C     77.56000000   75.36000000   69.76000000   153  3461  3464  3465  3466
  3464  H     77.91000000   75.36000000   68.71000000   154  3463
  3465  H     78.30000000   74.77000000   70.35000000   154  3463
  3466  C     76.18000000   74.65000000   69.79000000   155  3463  3467  3468  3469
  3467  H     75.87000000   74.46000000   70.84000000   156  3466
  3468  H     75.40000000   75.27000000   69.30000000   156  3466
  3469  C     76.14000000   73.33000000   69.02000000   157  3466  3470  3471
  3470  O     76.40000000   73.34000000   67.79000000   158  3469
  3471  O     75.73000000   72.30000000   69.61000000   158  3469
  3472  C     76.47000000   77.66000000   69.67000000     9  3461  3473  3474
  3473  O     76.63000000   78.36000000   68.67000000    11  3472
  3474  N     75.28000000   77.63000000   70.32000000     7  3472  3475  3476
  3475  HN    75.18000000   77.07000000   71.13000000    10  3474
  3476  CA    74.11000000   78.42000000   69.95000000     8  3474  3477  3478  3486
  3477  H     73.92000000   78.24000000   68.91000000    12  3476
  3478  C     72.85000000   78.05000000   70.73000000    37  3476  3479  3480  3482
  3479  H     72.01000000   78.72000000   70.46000000    38  3478
  3480  OH    73.07000000   78.07000000   72.14000000    39  3478  3481
  3481  HO    72.20000000   78.22000000   72.58000000    40  3480
  3482  C     72.45000000   76.61000000   70.35000000    41  3478  3483  3484  3485
  3483  H     71.49000000   76.34000000   70.84000000    42  3482
  3484  H     72.31000000   76.53000000   69.25000000    42  3482
  3485  H     73.22000000   75.88000000   70.65000000    42  3482
  3486  C     74.33000000   79.92000000   70.07000000     9  3476  3487  3488
  3487  O     73.95000000   80.68000000   69.19000000    11  3486
  3488  N     74.96000000   80.38000000   71.17000000     1  3486  3489  3490
  3489  HN    75.25000000   79.73000000   71.88000000     4  3488
  3490  CA    75.27000000   81.79000000   71.41000000     2  3488  3491  3492  3493
  3491  H     75.92000000   81.83000000   72.26000000     6  3490
  3492  H     75.73000000   82.19000000   70.52000000     6  3490
  3493  C     74.07000000   82.66000000   71.72000000     3  3490  3494  3495
  3494  O     74.11000000   83.87000000   71.49000000     5  3493
  3495  N     72.97000000   82.08000000   72.23000000     7  3493  3496  3497
  3496  HN    72.99000000   81.10000000   72.42000000    10  3495
  3497  CA    71.74000000   82.82000000   72.54000000     8  3495  3498  3499  3507
  3498  H     71.95000000   83.88000000   72.51000000    12  3497
  3499  C     70.62000000   82.56000000   71.52000000    37  3497  3500  3501  3503
  3500  H     71.01000000   82.86000000   70.51000000    38  3499
  3501  OH    69.44000000   83.31000000   71.79000000    39  3499  3502
  3502  HO    69.05000000   83.51000000   70.94000000    40  3501
  3503  C     70.21000000   81.08000000   71.46000000    41  3499  3504  3505  3506
  3504  H     69.50000000   80.91000000   70.63000000    42  3503
  3505  H     71.09000000   80.43000000   71.32000000    42  3503
  3506  H     69.70000000   80.77000000   72.40000000    42  3503
  3507  C     71.29000000   82.56000000   73.96000000     9  3497  3508  3509
  3508  O     70.83000000   83.46000000   74.66000000    11  3507
  3509  N     71.43000000   81.32000000   74.46000000     7  3507  3510  3511
  3510  HN    71.58000000   80.52000000   73.87000000    10  3509
  3511  CA    71.22000000   80.94000000   75.83000000     8  3509  3512  3513  3519
  3512  H     70.19000000   81.17000000   76.09000000    12  3511
  3513  C     71.48000000   79.40000000   76.00000000   137  3511  3514  3515  3516
  3514  H     72.57000000   79.23000000   76.06000000   138  3513
  3515  H     71.03000000   79.06000000   76.96000000   138  3513
  3516  C     70.99000000   78.47000000   74.89000000   139  3513  3517  3518
  3517  O     71.02000000   78.81000000   73.68000000   140  3516
  3518  O     70.79000000   77.27000000   75.23000000   140  3516
  3519  C     72.15000000   81.73000000   76.77000000     9  3511  3520  3521
  3520  O     73.29000000   82.02000000   76.41000000    11  3519
  3521  N     71.71000000   82.12000000   77.99000000     7  3519  3522  3523
  3522  HN    70.76000000   81.93000000   78.27000000    10  3521
  3523  CA    72.60000000   82.65000000   79.02000000     8  3521  3524  3525  3539
  3524  H     72.02000000   82.58000000   79.93000000    12  3523
  3525  C     73.90000000   81.81000000   79.28000000    61  3523  3526  3527  3528
  3526  H     74.60000000   81.93000000   78.43000000    62  3525
  3527  H     74.38000000   82.17000000   80.20000000    62  3525
  3528  C     73.66000000   80.33000000   79.48000000    63  3525  3529  3535
  3529  C     73.19000000   79.85000000   80.71000000    64  3528  3530  3531
  3530  H     72.97000000   80.56000000   81.49000000    65  3529
  3531  C     73.01000000   78.49000000   80.94000000    66  3529  3532  3533
  3532  H     72.64000000   78.14000000   81.89000000    67  3531
  3533  C     73.34000000   77.56000000   79.94000000    68  3531  3534  3537
  3534  H     73.21000000   76.51000000   80.12000000    69  3533
  3535  C     74.01000000   79.39000000   78.49000000    64  3528  3536  3537
  3536  H     74.41000000   79.74000000   77.55000000    65  3535
  3537  C     73.84000000   78.02000000   78.71000000    66  3533  3535  3538
  3538  H     74.09000000   77.31000000   77.94000000    67  3537
  3539  C     72.94000000   84.15000000   78.91000000     9  3523  3540  3541
  3540  O     73.97000000   84.59000000   79.43000000    11  3539
  3541  N     72.07000000   84.98000000   78.28000000     1  3539  3542  3543
  3542  HN    71.29000000   84.57000000   77.82000000     4  3541
  3543  CA    72.14000000   86.45000000   78.25000000     2  3541  3544  3545  3546
  3544  H     71.28000000   86.78000000   77.70000000     6  3543
  3545  H     72.11000000   86.79000000   79.28000000     6  3543
  3546  C     73.32000000   87.15000000   77.60000000     3  3543  3547  3548
  3547  O     74.19000000   86.54000000   76.97000000     5  3546
  3548  N     73.38000000   88.49000000   77.75000000     7  3546  3549  3550
  3549  HN    72.73000000   88.93000000   78.39000000    10  3548
  3550  CA    74.20000000   89.45000000   77.01000000     8  3548  3551  3552  3558
  3551  H     74.14000000   89.21000000   75.96000000    12  3550
  3552  C     73.67000000   90.90000000   77.25000000   137  3550  3553  3554  3555
  3553  H     73.54000000   91.08000000   78.34000000   138  3552
  3554  H     74.38000000   91.66000000   76.87000000   138  3552
  3555  C     72.37000000   91.18000000   76.54000000   139  3552  3556  3557
  3556  O     72.23000000   90.78000000   75.35000000   140  3555
  3557  O     71.53000000   91.92000000   77.11000000   140  3555
  3558  C     75.70000000   89.42000000   77.35000000     9  3550  3559  3560
  3559  O     76.41000000   90.43000000   77.31000000    11  3558
  3560  N     76.24000000   88.25000000   77.69000000     1  3558  3561  3562
  3561  HN    75.61000000   87.47000000   77.73000000     4  3560
  3562  CA    77.67000000   88.02000000   77.86000000     2  3560  3563  3564  3565
  3563  H     78.23000000   88.85000000   77.45000000     6  3562
  3564  H     77.85000000   87.88000000   78.91000000     6  3562
  3565  C     78.15000000   86.81000000   77.12000000     3  3562  3566  3567
  3566  O     79.35000000   86.57000000   77.07000000     5  3565
  3567  N     77.22000000   86.00000000   76.54000000     7  3565  3568  3569
  3568  HN    76.25000000   86.23000000   76.57000000    10  3567
  3569  CA    77.56000000   84.82000000   75.77000000     8  3567  3570  3571  3579
  3570  H     78.39000000   84.33000000   76.25000000    12  3569
  3571  C     76.37000000   83.81000000   75.77000000   147  3569  3572  3573  3574
  3572  H     76.17000000   83.51000000   76.82000000   148  3571
  3573  H     75.46000000   84.32000000   75.40000000   148  3571
  3574  C     76.58000000   82.54000000   74.93000000   149  3571  3575  3576
  3575  O     77.59000000   82.32000000   74.26000000   150  3574
  3576  N     75.58000000   81.63000000   74.99000000   151  3574  3577  3578
  3577  HN    74.75000000   81.83000000   75.52000000   152  3576
  3578  HN    75.68000000   80.75000000   74.52000000   152  3576
  3579  C     78.04000000   85.22000000   74.37000000     9  3569  3580  3581
  3580  O     77.32000000   85.75000000   73.52000000    11  3579
  3581  N     79.33000000   84.96000000   74.10000000     7  3579  3582  3583
  3582  HN    79.90000000   84.51000000   74.80000000    10  3581
  3583  CA    79.98000000   85.33000000   72.87000000     8  3581  3584  3585  3598
  3584  H     79.35000000   85.97000000   72.27000000    12  3583
  3585  C     81.32000000   86.05000000   73.16000000    19  3583  3586  3587  3588
  3586  H     81.98000000   85.37000000   73.73000000    20  3585
  3587  H     81.83000000   86.29000000   72.20000000    20  3585
  3588  C     81.19000000   87.37000000   73.96000000    21  3585  3589  3590  3594
  3589  H     80.84000000   87.11000000   74.99000000    22  3588
  3590  C     82.58000000   88.02000000   74.09000000    23  3588  3591  3592  3593
  3591  H     82.53000000   88.95000000   74.70000000    24  3590
  3592  H     83.29000000   87.32000000   74.59000000    24  3590
  3593  H     82.98000000   88.28000000   73.09000000    24  3590
  3594  C     80.16000000   88.33000000   73.35000000    23  3588  3595  3596  3597
  3595  H     80.16000000   89.31000000   73.88000000    24  3594
  3596  H     80.37000000   88.52000000   72.28000000    24  3594
  3597  H     79.14000000   87.91000000   73.43000000    24  3594
  3598  C     80.25000000   84.09000000   72.03000000     9  3583  3599  3600
  3599  O     80.99000000   84.14000000   71.06000000    11  3598
  3600  N     79.64000000   82.94000000   72.38000000     1  3598  3601  3602
  3601  HN    79.00000000   82.95000000   73.16000000     4  3600
  3602  CA    79.79000000   81.66000000   71.70000000     2  3600  3603  3604  3605
  3603  H     79.47000000   80.92000000   72.41000000     6  3602
  3604  H     79.16000000   81.69000000   70.82000000     6  3602
  3605  C     81.18000000   81.26000000   71.29000000     3  3602  3606  3607
  3606  O     82.12000000   81.27000000   72.08000000     5  3605
  3607  N     81.35000000   80.88000000   70.00000000     7  3605  3608  3609
  3608  HN    80.56000000   80.83000000   69.39000000    10  3607
  3609  CA    82.64000000   80.51000000   69.43000000     8  3607  3610  3611  3621
  3610  H     83.03000000   79.71000000   70.04000000    12  3609
  3611  C     82.52000000   79.96000000   68.01000000    15  3609  3612  3613  3617
  3612  H     83.54000000   79.64000000   67.66000000    16  3611
  3613  C     81.63000000   78.70000000   68.04000000    17  3611  3614  3615  3616
  3614  H     81.62000000   78.22000000   67.04000000    18  3613
  3615  H     82.02000000   77.97000000   68.77000000    18  3613
  3616  H     80.59000000   78.95000000   68.31000000    18  3613
  3617  C     81.98000000   81.01000000   67.02000000    17  3611  3618  3619  3620
  3618  H     81.94000000   80.55000000   66.00000000    18  3617
  3619  H     80.96000000   81.34000000   67.30000000    18  3617
  3620  H     82.64000000   81.89000000   66.95000000    18  3617
  3621  C     83.69000000   81.61000000   69.50000000     9  3609  3622  3623
  3622  O     84.88000000   81.36000000   69.67000000    11  3621
  3623  N     83.28000000   82.90000000   69.41000000     7  3621  3624  3625
  3624  HN    82.31000000   83.10000000   69.30000000    10  3623
  3625  CA    84.14000000   84.04000000   69.66000000     8  3623  3626  3627  3645
  3626  H     85.00000000   83.94000000   69.02000000    12  3625
  3627  C     83.42000000   85.36000000   69.32000000   202  3625  3628  3629  3630
  3628  H     82.53000000   85.49000000   69.97000000   203  3627
  3629  H     84.09000000   86.22000000   69.53000000   203  3627
  3630  C     82.99000000   85.44000000   67.85000000   204  3627  3631  3632  3633
  3631  H     83.91000000   85.41000000   67.23000000   205  3630
  3632  H     82.39000000   84.54000000   67.57000000   205  3630
  3633  C     82.20000000   86.69000000   67.46000000   206  3630  3634  3635  3636
  3634  H     82.77000000   87.61000000   67.74000000   207  3633
  3635  H     82.01000000   86.68000000   66.36000000   207  3633
  3636  N     80.89000000   86.65000000   68.19000000   208  3633  3637  3638
  3637  HN    80.53000000   85.73000000   68.43000000   209  3636
  3638  C     79.95000000   87.56000000   68.01000000   210  3636  3639  3642
  3639  N     80.15000000   88.67000000   67.33000000   211  3638  3640  3641
  3640  HN    80.98000000   88.78000000   66.78000000   212  3639
  3641  HN    79.32000000   89.20000000   67.10000000   212  3639
  3642  N     78.75000000   87.39000000   68.53000000   211  3638  3643  3644
  3643  HN    78.52000000   86.61000000   69.12000000   212  3642
  3644  HN    78.03000000   88.04000000   68.29000000   212  3642
  3645  C     84.68000000   84.09000000   71.09000000     9  3625  3646  3647
  3646  O     85.85000000   84.35000000   71.31000000    11  3645
  3647  N     83.82000000   83.78000000   72.08000000     1  3645  3648  3649
  3648  HN    82.87000000   83.56000000   71.85000000     4  3647
  3649  CA    84.21000000   83.66000000   73.49000000     2  3647  3650  3651  3652
  3650  H     84.68000000   84.58000000   73.80000000     6  3649
  3651  H     83.32000000   83.43000000   74.04000000     6  3649
  3652  C     85.19000000   82.54000000   73.74000000     3  3649  3653  3654
  3653  O     86.17000000   82.70000000   74.48000000     5  3652
  3654  N     84.97000000   81.38000000   73.10000000     7  3652  3655  3656
  3655  HN    84.14000000   81.27000000   72.56000000    10  3654
  3656  CA    85.91000000   80.27000000   73.09000000     8  3654  3657  3658  3669
  3657  H     86.09000000   79.96000000   74.11000000    12  3656
  3658  C     85.30000000   79.08000000   72.29000000   175  3656  3659  3660  3661
  3659  H     85.08000000   79.44000000   71.26000000   176  3658
  3660  H     86.04000000   78.26000000   72.21000000   176  3658
  3661  C     84.00000000   78.50000000   72.90000000   177  3658  3662  3663  3664
  3662  H     84.28000000   77.88000000   73.78000000   178  3661
  3663  H     83.35000000   79.32000000   73.26000000   178  3661
  3664  S     83.05000000   77.48000000   71.73000000   179  3661  3665
  3665  C     81.69000000   77.12000000   72.88000000   180  3664  3666  3667  3668
  3666  H     80.96000000   76.41000000   72.42000000   181  3665
  3667  H     82.07000000   76.64000000   73.81000000   181  3665
  3668  H     81.14000000   78.04000000   73.16000000   181  3665
  3669  C     87.27000000   80.65000000   72.49000000     9  3656  3670  3671
  3670  O     88.32000000   80.37000000   73.08000000    11  3669
  3671  N     87.28000000   81.35000000   71.34000000     7  3669  3672  3673
  3672  HN    86.41000000   81.53000000   70.87000000    10  3671
  3673  CA    88.47000000   81.86000000   70.69000000     8  3671  3674  3675  3679
  3674  H     89.13000000   81.02000000   70.50000000    12  3673
  3675  C     88.08000000   82.52000000   69.36000000    13  3673  3676  3677  3678
  3676  H     88.97000000   82.86000000   68.80000000    14  3675
  3677  H     87.54000000   81.78000000   68.73000000    14  3675
  3678  H     87.40000000   83.38000000   69.52000000    14  3675
  3679  C     89.27000000   82.84000000   71.54000000     9  3673  3680  3681
  3680  O     90.50000000   82.76000000   71.64000000    11  3679
  3681  N     88.59000000   83.79000000   72.21000000     7  3679  3682  3683
  3682  HN    87.60000000   83.88000000   72.08000000    10  3681
  3683  CA    89.21000000   84.68000000   73.17000000     8  3681  3684  3685  3698
  3684  H     90.03000000   85.18000000   72.67000000    12  3683
  3685  C     88.22000000   85.75000000   73.70000000    19  3683  3686  3687  3688
  3686  H     87.34000000   85.24000000   74.14000000    20  3685
  3687  H     88.71000000   86.33000000   74.52000000    20  3685
  3688  C     87.74000000   86.77000000   72.65000000    21  3685  3689  3690  3694
  3689  H     87.31000000   86.21000000   71.79000000    22  3688
  3690  C     86.63000000   87.66000000   73.23000000    23  3688  3691  3692  3693
  3691  H     86.23000000   88.33000000   72.44000000    24  3690
  3692  H     85.80000000   87.04000000   73.63000000    24  3690
  3693  H     87.04000000   88.29000000   74.04000000    24  3690
  3694  C     88.88000000   87.65000000   72.11000000    23  3688  3695  3696  3697
  3695  H     88.48000000   88.40000000   71.39000000    24  3694
  3696  H     89.39000000   88.18000000   72.93000000    24  3694
  3697  H     89.62000000   87.02000000   71.57000000    24  3694
  3698  C     89.85000000   83.96000000   74.35000000     9  3683  3699  3700
  3699  O     90.96000000   84.31000000   74.77000000    11  3698
  3700  N     89.19000000   82.92000000   74.91000000     7  3698  3701  3702
  3701  HN    88.29000000   82.65000000   74.57000000    10  3700
  3702  CA    89.78000000   82.08000000   75.94000000     8  3700  3703  3704  3718
  3703  H     90.10000000   82.73000000   76.75000000    12  3702
  3704  C     88.71000000   81.10000000   76.52000000    61  3702  3705  3706  3707
  3705  H     87.90000000   81.68000000   77.02000000    62  3704
  3706  H     88.25000000   80.52000000   75.69000000    62  3704
  3707  C     89.29000000   80.12000000   77.51000000    63  3704  3708  3714
  3708  C     89.48000000   80.49000000   78.85000000    64  3707  3709  3710
  3709  H     89.18000000   81.47000000   79.18000000    65  3708
  3710  C     90.08000000   79.61000000   79.75000000    66  3708  3711  3712
  3711  H     90.23000000   79.91000000   80.78000000    67  3710
  3712  C     90.50000000   78.34000000   79.33000000    68  3710  3713  3716
  3713  H     90.96000000   77.66000000   80.03000000    69  3712
  3714  C     89.70000000   78.84000000   77.10000000    64  3707  3715  3716
  3715  H     89.57000000   78.54000000   76.07000000    65  3714
  3716  C     90.31000000   77.95000000   78.00000000    66  3712  3714  3717
  3717  H     90.63000000   76.98000000   77.67000000    67  3716
  3718  C     91.03000000   81.33000000   75.50000000     9  3702  3719  3720
  3719  O     92.07000000   81.39000000   76.15000000    11  3718
  3720  N     90.98000000   80.62000000   74.35000000     7  3718  3721  3722
  3721  HN    90.13000000   80.58000000   73.81000000    10  3720
  3722  CA    92.07000000   79.76000000   73.92000000     8  3720  3723  3724  3738
  3723  H     92.41000000   79.24000000   74.80000000    12  3722
  3724  C     91.62000000   78.69000000   72.89000000    61  3722  3725  3726  3727
  3725  H     90.97000000   79.15000000   72.11000000    62  3724
  3726  H     92.49000000   78.22000000   72.40000000    62  3724
  3727  C     90.88000000   77.58000000   73.59000000    63  3724  3728  3734
  3728  C     91.59000000   76.70000000   74.43000000    64  3727  3729  3730
  3729  H     92.66000000   76.84000000   74.57000000    65  3728
  3730  C     90.94000000   75.65000000   75.08000000    66  3728  3731  3732
  3731  H     91.50000000   74.99000000   75.72000000    67  3730
  3732  C     89.57000000   75.47000000   74.90000000    68  3730  3733  3736
  3733  H     89.06000000   74.67000000   75.41000000    69  3732
  3734  C     89.51000000   77.35000000   73.37000000    64  3727  3735  3736
  3735  H     88.97000000   77.99000000   72.69000000    65  3734
  3736  C     88.85000000   76.31000000   74.04000000    66  3732  3734  3737
  3737  H     87.80000000   76.15000000   73.87000000    67  3736
  3738  C     93.30000000   80.50000000   73.44000000     9  3722  3739  3740
  3739  O     94.41000000   80.00000000   73.58000000    11  3738
  3740  N     93.15000000   81.75000000   72.94000000     7  3738  3741  3742
  3741  HN    92.23000000   82.09000000   72.76000000    10  3740
  3742  CA    94.25000000   82.62000000   72.56000000     8  3740  3743  3744  3759
  3743  H     94.83000000   82.11000000   71.80000000    12  3742
  3744  C     93.68000000   83.94000000   71.95000000    70  3742  3745  3746  3747
  3745  H     93.05000000   83.69000000   71.07000000    71  3744
  3746  H     93.02000000   84.44000000   72.69000000    71  3744
  3747  C     94.75000000   84.93000000   71.53000000    72  3744  3748  3755
  3748  C     95.17000000   84.99000000   70.19000000    73  3747  3749  3750
  3749  H     94.73000000   84.32000000   69.46000000    74  3748
  3750  C     96.16000000   85.90000000   69.79000000    75  3748  3751  3752
  3751  H     96.49000000   85.93000000   68.77000000    76  3750
  3752  C     96.75000000   86.74000000   70.74000000    77  3750  3753  3757
  3753  OH    97.79000000   87.60000000   70.34000000    78  3752  3754
  3754  HO    98.17000000   87.99000000   71.16000000    79  3753
  3755  C     95.32000000   85.82000000   72.46000000    73  3747  3756  3757
  3756  H     95.01000000   85.79000000   73.49000000    74  3755
  3757  C     96.33000000   86.71000000   72.07000000    75  3752  3755  3758
  3758  H     96.79000000   87.35000000   72.80000000    76  3757
  3759  C     95.21000000   82.89000000   73.72000000     9  3742  3760  3761
  3760  O     96.43000000   82.98000000   73.56000000    11  3759
  3761  N     94.65000000   83.01000000   74.94000000     7  3759  3762  3763
  3762  HN    93.66000000   82.91000000   75.03000000    10  3761
  3763  CA    95.39000000   83.33000000   76.15000000     8  3761  3764  3765  3770
  3764  H     96.37000000   83.72000000   75.89000000    12  3763
  3765  C     94.64000000   84.40000000   76.99000000    33  3763  3766  3767  3768
  3766  H     93.69000000   83.97000000   77.38000000    34  3765
  3767  H     95.27000000   84.71000000   77.85000000    34  3765
  3768  OH    94.31000000   85.56000000   76.22000000    35  3765  3769
  3769  HO    93.80000000   86.14000000   76.81000000    36  3768
  3770  C     95.59000000   82.11000000   77.04000000     9  3763  3771  3772
  3771  O     96.01000000   82.24000000   78.19000000    11  3770
  3772  N     95.28000000   80.88000000   76.56000000     7  3770  3773  3774
  3773  HN    95.01000000   80.77000000   75.60000000    10  3772
  3774  CA    95.29000000   79.69000000   77.40000000     8  3772  3775  3776  3787
  3775  H     95.22000000   79.97000000   78.44000000    12  3774
  3776  C     94.09000000   78.74000000   77.10000000   117  3774  3777  3778  3781
  3777  H     93.15000000   79.30000000   77.28000000   118  3776
  3778  H     94.11000000   78.47000000   76.02000000   118  3776
  3779  N     93.64000000   77.41000000   79.21000000   120  3780  3781  3782
  3780  HN    93.43000000   78.22000000   79.78000000   121  3779
  3781  C     94.06000000   77.46000000   77.91000000   119  3776  3779  3785
  3782  C     93.62000000   76.11000000   79.59000000   124  3779  3783  3784
  3783  H     93.32000000   75.81000000   80.60000000   125  3782
  3784  N     94.01000000   75.30000000   78.62000000   126  3782  3785
  3785  C     94.28000000   76.16000000   77.55000000   122  3781  3784  3786
  3786  H     94.60000000   75.78000000   76.59000000   123  3785
  3787  C     96.56000000   78.87000000   77.24000000     9  3774  3788  3789
  3788  O     96.82000000   78.29000000   76.19000000    11  3787
  3789  N     97.37000000   78.77000000   78.31000000     7  3787  3790  3791
  3790  HN    97.21000000   79.33000000   79.13000000    10  3789
  3791  CA    98.47000000   77.84000000   78.39000000     8  3789  3792  3793  3797
  3792  H     98.81000000   77.58000000   77.39000000    12  3791
  3793  C     99.63000000   78.47000000   79.19000000    13  3791  3794  3795  3796
  3794  H    100.52000000   77.81000000   79.17000000    14  3793
  3795  H     99.91000000   79.45000000   78.76000000    14  3793
  3796  H     99.33000000   78.65000000   80.24000000    14  3793
  3797  C     98.04000000   76.57000000   79.11000000     9  3791  3798  3799
  3798  O     97.80000000   76.57000000   80.31000000    11  3797
  3799  N     97.95000000   75.42000000   78.40000000     7  3797  3800  3801
  3800  HN    98.14000000   75.39000000   77.42000000    10  3799
  3801  CA    97.70000000   74.14000000   79.04000000    48  3799  3802  3803  3807
  3802  H     96.82000000   74.28000000   79.64000000    12  3801
  3803  C     97.45000000   72.99000000   78.01000000    43  3801  3804  3805  3806
  3804  H     98.34000000   72.96000000   77.34000000    44  3803
  3805  H     97.49000000   72.02000000   78.55000000    44  3803
  3806  S     95.94000000   73.02000000   76.99000000    49  3803
  3807  C     98.80000000   73.75000000   80.02000000     9  3801  3808  3809
  3808  O     99.97000000   74.08000000   79.87000000    11  3807
  3809  N     98.40000000   73.05000000   81.10000000     7  3807  3810  3811
  3810  HN    97.47000000   72.69000000   81.17000000    10  3809
  3811  CA    99.28000000   72.77000000   82.20000000     8  3809  3812  3813  3821
  3812  H    100.30000000   72.86000000   81.87000000    12  3811
  3813  C     99.03000000   73.79000000   83.35000000   147  3811  3814  3815  3816
  3814  H     99.75000000   73.64000000   84.17000000   148  3813
  3815  H     99.21000000   74.80000000   82.94000000   148  3813
  3816  C     97.61000000   73.70000000   83.93000000   149  3813  3817  3818
  3817  O     97.17000000   72.65000000   84.40000000   150  3816
  3818  N     96.89000000   74.84000000   83.97000000   151  3816  3819  3820
  3819  HN    97.33000000   75.71000000   83.70000000   152  3818
  3820  HN    95.98000000   74.80000000   84.37000000   152  3818
  3821  C     99.12000000   71.32000000   82.62000000     9  3811  3822  3823
  3822  O     98.51000000   70.51000000   81.94000000    11  3821
  3823  N     99.69000000   70.97000000   83.78000000     7  3821  3824  3825
  3824  HN   100.16000000   71.66000000   84.31000000    10  3823
  3825  CA    99.71000000   69.64000000   84.33000000     8  3823  3826  3827  3845
  3826  H    100.20000000   69.00000000   83.61000000    12  3825
  3827  C    100.57000000   69.65000000   85.62000000   202  3825  3828  3829  3830
  3828  H    100.17000000   70.41000000   86.32000000   203  3827
  3829  H    100.51000000   68.66000000   86.12000000   203  3827
  3830  C    102.03000000   69.94000000   85.26000000   204  3827  3831  3832  3833
  3831  H    102.40000000   69.08000000   84.65000000   205  3830
  3832  H    102.07000000   70.85000000   84.61000000   205  3830
  3833  C    102.98000000   70.18000000   86.43000000   206  3830  3834  3835  3836
  3834  H    102.66000000   71.07000000   87.02000000   207  3833
  3835  H    103.04000000   69.28000000   87.08000000   207  3833
  3836  N    104.31000000   70.46000000   85.78000000   208  3833  3837  3838
  3837  HN   104.38000000   70.35000000   84.79000000   209  3836
  3838  C    105.45000000   70.45000000   86.45000000   210  3836  3839  3842
  3839  N    105.49000000   70.47000000   87.76000000   211  3838  3840  3841
  3840  HN   104.63000000   70.61000000   88.25000000   212  3839
  3841  HN   106.19000000   69.89000000   88.19000000   212  3839
  3842  N    106.58000000   70.38000000   85.77000000   211  3838  3843  3844
  3843  HN   106.56000000   70.62000000   84.80000000   212  3842
  3844  HN   107.45000000   70.46000000   86.26000000   212  3842
  3845  C     98.35000000   69.01000000   84.56000000     9  3825  3846  3847
  3846  O     98.17000000   67.82000000   84.33000000    11  3845
  3847  N     97.36000000   69.80000000   85.02000000     7  3845  3848  3849
  3848  HN    97.50000000   70.78000000   85.12000000    10  3847
  3849  CA    95.98000000   69.36000000   85.16000000     8  3847  3850  3851  3864
  3850  H     95.99000000   68.43000000   85.71000000    12  3849
  3851  C     95.16000000   70.35000000   85.99000000    25  3849  3852  3853  3857
  3852  H     94.99000000   71.28000000   85.39000000    26  3851
  3853  C     93.79000000   69.71000000   86.32000000    29  3851  3854  3855  3856
  3854  H     93.15000000   70.40000000   86.90000000    30  3853
  3855  H     93.22000000   69.45000000   85.40000000    30  3853
  3856  H     93.93000000   68.78000000   86.91000000    30  3853
  3857  C     95.92000000   70.78000000   87.27000000    27  3851  3858  3859  3860
  3858  H     96.18000000   69.86000000   87.84000000    28  3857
  3859  H     96.87000000   71.28000000   86.99000000    28  3857
  3860  C     95.14000000   71.74000000   88.17000000    31  3857  3861  3862  3863
  3861  H     95.78000000   72.10000000   89.01000000    32  3860
  3862  H     94.78000000   72.61000000   87.59000000    32  3860
  3863  H     94.26000000   71.24000000   88.62000000    32  3860
  3864  C     95.32000000   69.05000000   83.81000000     9  3849  3865  3866
  3865  O     94.66000000   68.02000000   83.65000000    11  3864
  3866  N     95.54000000   69.90000000   82.77000000     7  3864  3867  3868
  3867  HN    96.02000000   70.76000000   82.89000000    10  3866
  3868  CA    95.12000000   69.62000000   81.41000000    48  3866  3869  3870  3874
  3869  H     94.05000000   69.45000000   81.43000000    12  3868
  3870  C     95.43000000   70.83000000   80.43000000    43  3868  3871  3872  3873
  3871  H     96.54000000   70.89000000   80.38000000    44  3870
  3872  H     95.11000000   70.51000000   79.42000000    44  3870
  3873  S     94.76000000   72.50000000   80.80000000    49  3870
  3874  C     95.76000000   68.32000000   80.88000000     9  3868  3875  3876
  3875  O     95.10000000   67.46000000   80.30000000    11  3874
  3876  N     97.08000000   68.14000000   81.12000000     7  3874  3877  3878
  3877  HN    97.59000000   68.89000000   81.54000000    10  3876
  3878  CA    97.83000000   66.94000000   80.79000000     8  3876  3879  3880  3889
  3879  H     97.71000000   66.77000000   79.73000000    12  3878
  3880  C     99.34000000   67.14000000   81.10000000   153  3878  3881  3882  3883
  3881  H     99.43000000   67.45000000   82.16000000   154  3880
  3882  H     99.89000000   66.18000000   80.97000000   154  3880
  3883  C    100.04000000   68.20000000   80.21000000   155  3880  3884  3885  3886
  3884  H    100.17000000   67.81000000   79.18000000   156  3883
  3885  H     99.42000000   69.11000000   80.14000000   156  3883
  3886  C    101.41000000   68.64000000   80.71000000   157  3883  3887  3888
  3887  O    102.08000000   69.41000000   79.97000000   158  3886
  3888  O    101.87000000   68.26000000   81.82000000   158  3886
  3889  C     97.34000000   65.66000000   81.49000000     9  3878  3890  3891
  3890  O     97.20000000   64.62000000   80.85000000    11  3889
  3891  N     97.07000000   65.70000000   82.81000000     7  3889  3892  3893
  3892  HN    97.21000000   66.55000000   83.33000000    10  3891
  3893  CA    96.53000000   64.58000000   83.59000000     8  3891  3894  3895  3900
  3894  H     97.11000000   63.71000000   83.34000000    12  3893
  3895  C     96.67000000   64.78000000   85.12000000    33  3893  3896  3897  3898
  3896  H     96.39000000   63.85000000   85.66000000    34  3895
  3897  H     97.74000000   64.98000000   85.34000000    34  3895
  3898  OH    95.91000000   65.88000000   85.62000000    35  3895  3899
  3899  HO    95.02000000   65.58000000   85.80000000    36  3898
  3900  C     95.10000000   64.23000000   83.24000000     9  3893  3901  3902
  3901  O     94.73000000   63.06000000   83.15000000    11  3900
  3902  N     94.26000000   65.25000000   82.96000000     7  3900  3903  3904
  3903  HN    94.54000000   66.20000000   83.11000000    10  3902
  3904  CA    92.90000000   65.06000000   82.46000000     8  3902  3905  3906  3917
  3905  H     92.46000000   64.24000000   83.01000000    12  3904
  3906  C     92.01000000   66.31000000   82.70000000   175  3904  3907  3908  3909
  3907  H     92.56000000   67.22000000   82.38000000   176  3906
  3908  H     91.08000000   66.23000000   82.09000000   176  3906
  3909  C     91.58000000   66.46000000   84.17000000   177  3906  3910  3911  3912
  3910  H     91.09000000   65.51000000   84.48000000   178  3909
  3911  H     92.48000000   66.59000000   84.81000000   178  3909
  3912  S     90.43000000   67.84000000   84.45000000   179  3909  3913
  3913  C     90.03000000   67.35000000   86.15000000   180  3912  3914  3915  3916
  3914  H     89.26000000   68.01000000   86.60000000   181  3913
  3915  H     89.63000000   66.31000000   86.19000000   181  3913
  3916  H     90.93000000   67.40000000   86.79000000   181  3913
  3917  C     92.84000000   64.64000000   81.00000000     9  3904  3918  3919
  3918  O     91.78000000   64.31000000   80.48000000    11  3917
  3919  N     93.99000000   64.63000000   80.29000000     1  3917  3920  3921
  3920  HN    94.83000000   64.94000000   80.73000000     4  3919
  3921  CA    94.07000000   64.15000000   78.92000000     2  3919  3922  3923  3924
  3922  H     95.11000000   64.12000000   78.65000000     6  3921
  3923  H     93.58000000   63.19000000   78.85000000     6  3921
  3924  C     93.40000000   65.07000000   77.94000000     3  3921  3925  3926
  3925  O     92.84000000   64.63000000   76.93000000     5  3924
  3926  N     93.46000000   66.38000000   78.23000000     7  3924  3927  3928
  3927  HN    93.95000000   66.68000000   79.06000000    10  3926
  3928  CA    92.92000000   67.43000000   77.41000000     8  3926  3929  3930  3943
  3929  H     92.04000000   67.06000000   76.90000000    12  3928
  3930  C     92.53000000   68.69000000   78.23000000    19  3928  3931  3932  3933
  3931  H     93.46000000   69.21000000   78.56000000    20  3930
  3932  H     91.97000000   69.38000000   77.56000000    20  3930
  3933  C     91.67000000   68.44000000   79.48000000    21  3930  3934  3935  3939
  3934  H     92.27000000   67.82000000   80.19000000    22  3933
  3935  C     91.35000000   69.77000000   80.19000000    23  3933  3936  3937  3938
  3936  H     90.79000000   69.58000000   81.13000000    24  3935
  3937  H     92.27000000   70.32000000   80.43000000    24  3935
  3938  H     90.72000000   70.40000000   79.52000000    24  3935
  3939  C     90.38000000   67.69000000   79.15000000    23  3933  3940  3941  3942
  3940  H     89.76000000   67.56000000   80.07000000    24  3939
  3941  H     89.79000000   68.27000000   78.40000000    24  3939
  3942  H     90.60000000   66.69000000   78.73000000    24  3939
  3943  C     93.96000000   67.79000000   76.37000000     9  3928  3944  3945
  3944  O     95.15000000   67.94000000   76.66000000    11  3943
  3945  N     93.55000000   67.91000000   75.10000000     7  3943  3946  3947
  3946  HN    92.56000000   67.94000000   74.88000000    10  3945
  3947  CA    94.47000000   68.15000000   74.01000000     8  3945  3948  3949  3953
  3948  H     95.37000000   67.59000000   74.22000000    12  3947
  3949  C     93.86000000   67.62000000   72.70000000    13  3947  3950  3951  3952
  3950  H     94.57000000   67.75000000   71.85000000    14  3949
  3951  H     93.64000000   66.53000000   72.81000000    14  3949
  3952  H     92.92000000   68.15000000   72.47000000    14  3949
  3953  C     94.80000000   69.63000000   73.90000000     9  3947  3954  3955
  3954  O     94.00000000   70.47000000   74.33000000    11  3953
  3955  N     95.94000000   70.03000000   73.37000000    50  3953  3956  3959
  3956  C     97.11000000   69.18000000   73.14000000    59  3955  3957  3958  3964
  3957  H     96.87000000   68.37000000   72.41000000    60  3956
  3958  H     97.43000000   68.74000000   74.11000000    60  3956
  3959  CA    96.24000000   71.44000000   73.24000000    51  3955  3960  3961  3967
  3960  H     95.86000000   72.01000000   74.08000000    54  3959
  3961  C     97.78000000   71.48000000   73.20000000    55  3959  3962  3963  3964
  3962  H     98.19000000   72.34000000   72.64000000    56  3961
  3963  H     98.15000000   71.53000000   74.25000000    56  3961
  3964  C     98.18000000   70.13000000   72.60000000    57  3956  3961  3965  3966
  3965  H     98.10000000   70.18000000   71.49000000    58  3964
  3966  H     99.21000000   69.83000000   72.88000000    58  3964
  3967  C     95.62000000   71.99000000   71.97000000    52  3959  3968  3969
  3968  O     95.80000000   71.43000000   70.89000000    53  3967
  3969  N     94.89000000   73.11000000   72.09000000     7  3967  3970  3971
  3970  HN    94.67000000   73.47000000   73.00000000    10  3969
  3971  CA    94.38000000   73.88000000   70.98000000     8  3969  3972  3973  3987
  3972  H     93.73000000   73.24000000   70.39000000    12  3971
  3973  C     93.55000000   75.07000000   71.57000000    61  3971  3974  3975  3976
  3974  H     92.81000000   74.66000000   72.28000000    62  3973
  3975  H     94.21000000   75.76000000   72.13000000    62  3973
  3976  C     92.81000000   75.88000000   70.54000000    63  3973  3977  3983
  3977  C     93.49000000   76.82000000   69.74000000    64  3976  3978  3979
  3978  H     94.55000000   76.94000000   69.86000000    65  3977
  3979  C     92.80000000   77.57000000   68.78000000    66  3977  3980  3981
  3980  H     93.35000000   78.25000000   68.16000000    67  3979
  3981  C     91.41000000   77.45000000   68.67000000    68  3979  3982  3985
  3982  H     90.87000000   78.04000000   67.94000000    69  3981
  3983  C     91.42000000   75.76000000   70.40000000    64  3976  3984  3985
  3984  H     90.88000000   75.05000000   71.02000000    65  3983
  3985  C     90.72000000   76.54000000   69.47000000    66  3981  3983  3986
  3986  H     89.65000000   76.42000000   69.37000000    67  3985
  3987  C     95.51000000   74.36000000   70.07000000     9  3971  3988  3989
  3988  O     96.57000000   74.81000000   70.53000000    11  3987
  3989  N     95.32000000   74.29000000   68.75000000     7  3987  3990  3991
  3990  HN    94.44000000   73.94000000   68.39000000    10  3989
  3991  CA    96.31000000   74.62000000   67.75000000     8  3989  3992  3993  3999
  3992  H     97.27000000   74.26000000   68.11000000    12  3991
  3993  C     95.98000000   73.88000000   66.44000000   137  3991  3994  3995  3996
  3994  H     94.90000000   73.98000000   66.19000000   138  3993
  3995  H     96.58000000   74.27000000   65.59000000   138  3993
  3996  C     96.33000000   72.42000000   66.61000000   139  3993  3997  3998
  3997  O     95.44000000   71.54000000   66.60000000   140  3996
  3998  O     97.55000000   72.14000000   66.76000000   140  3996
  3999  C     96.49000000   76.12000000   67.56000000     9  3991  4000  4001
  4000  O     95.93000000   76.76000000   66.67000000    11  3999
  4001  N     97.31000000   76.72000000   68.45000000     7  3999  4002  4003
  4002  HN    97.62000000   76.17000000   69.22000000    10  4001
  4003  CA    97.86000000   78.06000000   68.37000000     8  4001  4004  4005  4018
  4004  H     97.07000000   78.73000000   68.05000000    12  4003
  4005  C     98.40000000   78.55000000   69.74000000    19  4003  4006  4007  4008
  4006  H     99.24000000   77.89000000   70.05000000    20  4005
  4007  H     98.81000000   79.58000000   69.63000000    20  4005
  4008  C     97.35000000   78.59000000   70.87000000    21  4005  4009  4010  4014
  4009  H     96.95000000   77.56000000   71.03000000    22  4008
  4010  C     98.00000000   79.04000000   72.18000000    23  4008  4011  4012  4013
  4011  H     97.25000000   79.06000000   73.00000000    24  4010
  4012  H     98.82000000   78.36000000   72.48000000    24  4010
  4013  H     98.42000000   80.07000000   72.07000000    24  4010
  4014  C     96.19000000   79.52000000   70.52000000    23  4008  4015  4016  4017
  4015  H     95.49000000   79.58000000   71.39000000    24  4014
  4016  H     96.57000000   80.55000000   70.31000000    24  4014
  4017  H     95.62000000   79.16000000   69.64000000    24  4014
  4018  C     98.98000000   78.18000000   67.34000000     9  4003  4019  4020
  4019  O     99.61000000   77.20000000   66.96000000    11  4018
  4020  N     99.23000000   79.41000000   66.85000000     7  4018  4021  4022
  4021  HN    98.70000000   80.21000000   67.17000000    10  4020
  4022  CA   100.31000000   79.70000000   65.91000000     8  4020  4023  4024  4029
  4023  H    100.36000000   78.88000000   65.20000000    12  4022
  4024  C    100.03000000   81.02000000   65.15000000    33  4022  4025  4026  4027
  4025  H    100.69000000   81.11000000   64.26000000    34  4024
  4026  H     98.98000000   81.00000000   64.78000000    34  4024
  4027  OH   100.19000000   82.17000000   65.99000000    35  4024  4028
  4028  HO   100.12000000   82.96000000   65.42000000    36  4027
  4029  C    101.66000000   79.82000000   66.63000000     9  4022  4030  4031
  4030  O    101.70000000   79.80000000   67.86000000    11  4029
  4031  N    102.78000000   79.98000000   65.93000000    50  4029  4032  4035
  4032  C    102.98000000   79.49000000   64.56000000    59  4031  4033  4034  4040
  4033  H    102.75000000   80.31000000   63.85000000    60  4032
  4034  H    102.34000000   78.60000000   64.33000000    60  4032
  4035  CA   104.06000000   80.20000000   66.61000000    51  4031  4036  4037  4043
  4036  H    104.18000000   79.43000000   67.36000000    54  4035
  4037  C    105.10000000   80.09000000   65.49000000    55  4035  4038  4039  4040
  4038  H    105.26000000   81.07000000   64.98000000    56  4037
  4039  H    106.07000000   79.71000000   65.87000000    56  4037
  4040  C    104.46000000   79.12000000   64.49000000    57  4032  4037  4041  4042
  4041  H    104.87000000   79.23000000   63.46000000    58  4040
  4042  H    104.60000000   78.08000000   64.84000000    58  4040
  4043  C    104.14000000   81.54000000   67.31000000    52  4035  4044  4045
  4044  O    104.67000000   81.58000000   68.42000000    53  4043
  4045  N    103.66000000   82.66000000   66.72000000     7  4043  4046  4047
  4046  HN   103.26000000   82.63000000   65.80000000    10  4045
  4047  CA   103.59000000   83.94000000   67.43000000     8  4045  4048  4049  4067
  4048  H    104.58000000   84.16000000   67.81000000    12  4047
  4049  C    103.18000000   85.13000000   66.51000000   202  4047  4050  4051  4052
  4050  H    102.21000000   84.88000000   66.02000000   203  4049
  4051  H    103.01000000   86.04000000   67.12000000   203  4049
  4052  C    104.22000000   85.49000000   65.43000000   204  4049  4053  4054  4055
  4053  H    105.18000000   85.78000000   65.89000000   205  4052
  4054  H    104.42000000   84.57000000   64.83000000   205  4052
  4055  C    103.76000000   86.57000000   64.43000000   206  4052  4056  4057  4058
  4056  H    104.41000000   86.55000000   63.53000000   207  4055
  4057  H    102.71000000   86.38000000   64.13000000   207  4055
  4058  N    103.89000000   87.93000000   65.07000000   208  4055  4059  4060
  4059  HN   104.45000000   88.02000000   65.91000000   209  4058
  4060  C    103.56000000   89.05000000   64.45000000   210  4058  4061  4064
  4061  N    102.85000000   89.06000000   63.34000000   211  4060  4062  4063
  4062  HN   102.31000000   88.24000000   63.10000000   212  4061
  4063  HN   102.65000000   89.93000000   62.91000000   212  4061
  4064  N    103.93000000   90.22000000   64.94000000   211  4060  4065  4066
  4065  HN   104.58000000   90.28000000   65.71000000   212  4064
  4066  HN   103.74000000   91.06000000   64.42000000   212  4064
  4067  C    102.70000000   83.91000000   68.66000000     9  4047  4068  4069
  4068  O    103.07000000   84.39000000   69.73000000    11  4067
  4069  N    101.51000000   83.28000000   68.55000000     7  4067  4070  4071
  4070  HN   101.21000000   82.90000000   67.67000000    10  4069
  4071  CA   100.61000000   83.05000000   69.66000000     8  4069  4072  4073  4082
  4072  H    100.39000000   84.01000000   70.11000000    12  4071
  4073  C     99.29000000   82.42000000   69.16000000   153  4071  4074  4075  4076
  4074  H     99.58000000   81.53000000   68.55000000   154  4073
  4075  H     98.67000000   82.07000000   70.01000000   154  4073
  4076  C     98.43000000   83.39000000   68.32000000   155  4073  4077  4078  4079
  4077  H     97.94000000   84.12000000   68.98000000   156  4076
  4078  H     99.06000000   83.95000000   67.59000000   156  4076
  4079  C     97.37000000   82.66000000   67.51000000   157  4076  4080  4081
  4080  O     97.29000000   81.41000000   67.60000000   158  4079
  4081  O     96.61000000   83.33000000   66.75000000   158  4079
  4082  C    101.20000000   82.18000000   70.76000000     9  4071  4083  4084
  4083  O    101.07000000   82.49000000   71.94000000    11  4082
  4084  N    101.88000000   81.07000000   70.41000000     7  4082  4085  4086
  4085  HN   101.92000000   80.80000000   69.44000000    10  4084
  4086  CA   102.59000000   80.21000000   71.34000000     8  4084  4087  4088  4106
  4087  H    101.88000000   79.85000000   72.07000000    12  4086
  4088  C    103.18000000   79.02000000   70.55000000   202  4086  4089  4090  4091
  4089  H    102.33000000   78.48000000   70.07000000   203  4088
  4090  H    103.80000000   79.43000000   69.73000000   203  4088
  4091  C    104.02000000   78.01000000   71.37000000   204  4088  4092  4093  4094
  4092  H    104.80000000   78.52000000   71.96000000   205  4091
  4093  H    103.34000000   77.50000000   72.09000000   205  4091
  4094  C    104.68000000   76.93000000   70.49000000   206  4091  4095  4096  4097
  4095  H    105.13000000   76.14000000   71.14000000   207  4094
  4096  H    103.93000000   76.48000000   69.81000000   207  4094
  4097  N    105.78000000   77.59000000   69.71000000   208  4094  4098  4099
  4098  HN   106.12000000   78.49000000   69.99000000   209  4097
  4099  C    106.50000000   76.94000000   68.81000000   210  4097  4100  4103
  4100  N    106.18000000   75.73000000   68.39000000   211  4099  4101  4102
  4101  HN   105.25000000   75.38000000   68.55000000   212  4100
  4102  HN   106.73000000   75.34000000   67.65000000   212  4100
  4103  N    107.59000000   77.46000000   68.29000000   211  4099  4104  4105
  4104  HN   107.87000000   78.41000000   68.46000000   212  4103
  4105  HN   108.09000000   76.89000000   67.64000000   212  4103
  4106  C    103.71000000   80.92000000   72.12000000     9  4086  4107  4108
  4107  O    103.80000000   80.81000000   73.34000000    11  4106
  4108  N    104.55000000   81.70000000   71.42000000     7  4106  4109  4110
  4109  HN   104.49000000   81.73000000   70.42000000    10  4108
  4110  CA   105.58000000   82.53000000   72.01000000     8  4108  4111  4112  4118
  4111  H    106.18000000   81.90000000   72.65000000    12  4110
  4112  C    106.47000000   83.13000000   70.89000000   137  4110  4113  4114  4115
  4113  H    105.83000000   83.58000000   70.10000000   138  4112
  4114  H    107.14000000   83.92000000   71.29000000   138  4112
  4115  C    107.36000000   82.09000000   70.24000000   139  4112  4116  4117
  4116  O    107.98000000   82.37000000   69.18000000   140  4115
  4117  O    107.58000000   81.01000000   70.86000000   140  4115
  4118  C    105.01000000   83.61000000   72.94000000     9  4110  4119  4120
  4119  O    105.54000000   83.88000000   74.02000000    11  4118
  4120  N    103.88000000   84.24000000   72.55000000     7  4118  4121  4122
  4121  HN   103.54000000   84.09000000   71.62000000    10  4120
  4122  CA   103.07000000   85.10000000   73.39000000     8  4120  4123  4124  4128
  4123  H    103.72000000   85.87000000   73.78000000    12  4122
  4124  C    101.99000000   85.76000000   72.52000000    13  4122  4125  4126  4127
  4125  H    101.38000000   86.48000000   73.10000000    14  4124
  4126  H    102.48000000   86.32000000   71.68000000    14  4124
  4127  H    101.32000000   85.01000000   72.07000000    14  4124
  4128  C    102.43000000   84.43000000   74.61000000     9  4122  4129  4130
  4129  O    102.38000000   85.01000000   75.69000000    11  4128
  4130  N    101.91000000   83.20000000   74.48000000     7  4128  4131  4132
  4131  HN   101.83000000   82.79000000   73.56000000    10  4130
  4132  CA   101.40000000   82.38000000   75.58000000     8  4130  4133  4134  4144
  4133  H    100.67000000   82.97000000   76.12000000    12  4132
  4134  C    100.67000000   81.13000000   75.08000000    15  4132  4135  4136  4140
  4135  H    101.25000000   80.66000000   74.25000000    16  4134
  4136  C    100.44000000   80.08000000   76.18000000    17  4134  4137  4138  4139
  4137  H     99.83000000   79.24000000   75.78000000    18  4136
  4138  H    101.39000000   79.65000000   76.56000000    18  4136
  4139  H     99.88000000   80.55000000   77.02000000    18  4136
  4140  C     99.28000000   81.55000000   74.55000000    17  4134  4141  4142  4143
  4141  H     98.67000000   80.66000000   74.32000000    18  4140
  4142  H     98.74000000   82.15000000   75.31000000    18  4140
  4143  H     99.37000000   82.15000000   73.63000000    18  4140
  4144  C    102.47000000   82.05000000   76.61000000     9  4132  4145  4146
  4145  O    102.23000000   82.10000000   77.82000000    11  4144
  4146  N    103.71000000   81.77000000   76.16000000     7  4144  4147  4148
  4147  HN   103.85000000   81.70000000   75.16000000    10  4146
  4148  CA   104.85000000   81.49000000   77.01000000     8  4146  4149  4150  4158
  4149  H    104.49000000   81.01000000   77.91000000    12  4148
  4150  C    105.81000000   80.51000000   76.25000000   147  4148  4151  4152  4153
  4151  H    105.19000000   79.70000000   75.81000000   148  4150
  4152  H    106.32000000   81.04000000   75.42000000   148  4150
  4153  C    106.82000000   79.84000000   77.19000000   149  4150  4154  4155
  4154  O    106.51000000   79.45000000   78.32000000   150  4153
  4155  N    108.09000000   79.71000000   76.75000000   151  4153  4156  4157
  4156  HN   108.36000000   80.02000000   75.84000000   152  4155
  4157  HN   108.77000000   79.39000000   77.40000000   152  4155
  4158  C    105.59000000   82.77000000   77.43000000     9  4148  4159  4160
  4159  O    106.77000000   82.76000000   77.78000000    11  4158
  4160  N    104.91000000   83.94000000   77.41000000     7  4158  4161  4162
  4161  HN   103.97000000   83.95000000   77.07000000    10  4160
  4162  CA   105.38000000   85.18000000   78.00000000     8  4160  4163  4164  4175
  4163  H    106.38000000   85.35000000   77.63000000    12  4162
  4164  C    104.48000000   86.36000000   77.56000000   167  4162  4165  4166  4167
  4165  H    104.48000000   86.37000000   76.44000000   168  4164
  4166  H    103.44000000   86.14000000   77.88000000   168  4164
  4167  C    104.85000000   87.78000000   78.05000000   169  4164  4168  4169  4170
  4168  H    104.13000000   88.50000000   77.62000000   170  4167
  4169  H    104.75000000   87.84000000   79.16000000   170  4167
  4170  C    106.28000000   88.22000000   77.70000000   171  4167  4171  4172
  4171  O    107.26000000   87.70000000   78.24000000   172  4170
  4172  N    106.41000000   89.21000000   76.79000000   173  4170  4173  4174
  4173  HN   105.60000000   89.65000000   76.42000000   174  4172
  4174  HN   107.33000000   89.50000000   76.54000000   174  4172
  4175  C    105.49000000   85.10000000   79.53000000     9  4162  4176  4177
  4176  O    104.74000000   84.39000000   80.20000000    11  4175
  4177  N    106.47000000   85.81000000   80.13000000     7  4175  4178  4179
  4178  HN   107.01000000   86.43000000   79.55000000    10  4177
  4179  CA   106.78000000   85.78000000   81.55000000     8  4177  4180  4181  4189
  4180  H    107.68000000   86.37000000   81.66000000    12  4179
  4181  C    105.66000000   86.42000000   82.44000000   147  4179  4182  4183  4184
  4182  H    104.67000000   86.04000000   82.14000000   148  4181
  4183  H    105.82000000   86.17000000   83.51000000   148  4181
  4184  C    105.73000000   87.94000000   82.35000000   149  4181  4185  4186
  4185  O    106.82000000   88.51000000   82.46000000   150  4184
  4186  N    104.58000000   88.61000000   82.17000000   151  4184  4187  4188
  4187  HN   103.70000000   88.13000000   82.16000000   152  4186
  4188  HN   104.61000000   89.60000000   82.04000000   152  4186
  4189  C    107.19000000   84.41000000   82.06000000     9  4179  4190  4191
  4190  O    106.67000000   83.89000000   83.05000000    11  4189
  4191  N    108.24000000   83.82000000   81.45000000     7  4189  4192  4193
  4192  HN   108.65000000   84.24000000   80.64000000    10  4191
  4193  CA   108.82000000   82.54000000   81.85000000     8  4191  4194  4195  4203
  4194  H    108.03000000   81.82000000   81.82000000    12  4193
  4195  C    109.92000000   82.04000000   80.92000000    37  4193  4196  4197  4199
  4196  H    110.41000000   81.12000000   81.32000000    38  4195
  4197  OH   110.90000000   83.05000000   80.69000000    39  4195  4198
  4198  HO   111.22000000   82.88000000   79.78000000    40  4197
  4199  C    109.27000000   81.70000000   79.58000000    41  4195  4200  4201  4202
  4200  H    109.98000000   81.17000000   78.91000000    42  4199
  4201  H    108.39000000   81.03000000   79.72000000    42  4199
  4202  H    108.91000000   82.61000000   79.07000000    42  4199
  4203  C    109.33000000   82.53000000   83.28000000     9  4193  4204  4205
  4204  O    109.24000000   81.51000000   83.96000000    11  4203
  4205  N    109.80000000   83.69000000   83.76000000     7  4203  4206  4207
  4206  HN   109.89000000   84.45000000   83.11000000    10  4205
  4207  CA   110.16000000   83.97000000   85.13000000     8  4205  4208  4209  4225
  4208  H    110.95000000   83.28000000   85.40000000    12  4207
  4209  C    110.70000000   85.42000000   85.26000000   182  4207  4210  4211  4212
  4210  H    111.15000000   85.55000000   86.27000000   183  4209
  4211  H    111.52000000   85.53000000   84.52000000   183  4209
  4212  C    109.66000000   86.54000000   85.04000000   184  4209  4213  4214  4215
  4213  H    109.12000000   86.38000000   84.08000000   185  4212
  4214  H    108.92000000   86.51000000   85.86000000   185  4212
  4215  C    110.30000000   87.94000000   85.03000000   186  4212  4216  4217  4218
  4216  H    110.96000000   88.02000000   85.92000000   187  4215
  4217  H    110.94000000   88.02000000   84.12000000   187  4215
  4218  C    109.26000000   89.07000000   85.07000000   188  4215  4219  4220  4221
  4219  H    108.59000000   89.02000000   84.19000000   189  4218
  4220  H    108.65000000   89.00000000   85.99000000   189  4218
  4221  N    109.94000000   90.38000000   85.06000000   190  4218  4222  4223  4224
  4222  HN   109.25000000   91.15000000   85.16000000   191  4221
  4223  HN   110.60000000   90.44000000   85.88000000   191  4221
  4224  HN   110.50000000   90.48000000   84.18000000   191  4221
  4225  C    109.03000000   83.75000000   86.14000000     9  4207  4226  4227
  4226  O    109.25000000   83.28000000   87.25000000    11  4225
  4227  N    107.77000000   84.08000000   85.78000000     7  4225  4228  4229
  4228  HN   107.57000000   84.42000000   84.86000000    10  4227
  4229  CA   106.61000000   83.84000000   86.63000000     8  4227  4230  4231  4244
  4230  H    106.90000000   83.99000000   87.66000000    12  4229
  4231  C    105.43000000   84.78000000   86.28000000    19  4229  4232  4233  4234
  4232  H    105.10000000   84.59000000   85.24000000    20  4231
  4233  H    104.57000000   84.55000000   86.95000000    20  4231
  4234  C    105.73000000   86.29000000   86.44000000    21  4231  4235  4236  4240
  4235  H    106.54000000   86.57000000   85.73000000    22  4234
  4236  C    104.49000000   87.11000000   86.06000000    23  4234  4237  4238  4239
  4237  H    104.70000000   88.20000000   86.12000000    24  4236
  4238  H    104.14000000   86.88000000   85.04000000    24  4236
  4239  H    103.65000000   86.89000000   86.76000000    24  4236
  4240  C    106.18000000   86.66000000   87.86000000    23  4234  4241  4242  4243
  4241  H    106.35000000   87.75000000   87.93000000    24  4240
  4242  H    105.40000000   86.38000000   88.60000000    24  4240
  4243  H    107.13000000   86.15000000   88.12000000    24  4240
  4244  C    106.15000000   82.39000000   86.52000000     9  4229  4245  4246
  4245  O    105.68000000   81.81000000   87.50000000    11  4244
  4246  N    106.35000000   81.74000000   85.36000000     7  4244  4247  4248
  4247  HN   106.68000000   82.25000000   84.57000000    10  4246
  4248  CA   106.04000000   80.34000000   85.15000000     8  4246  4249  4250  4263
  4249  H    105.03000000   80.16000000   85.50000000    12  4248
  4250  C    106.11000000   80.00000000   83.64000000    19  4248  4251  4252  4253
  4251  H    107.10000000   80.31000000   83.25000000    20  4250
  4252  H    106.01000000   78.90000000   83.48000000    20  4250
  4253  C    105.02000000   80.67000000   82.77000000    21  4250  4254  4255  4259
  4254  H    105.01000000   81.77000000   82.98000000    22  4253
  4255  C    105.31000000   80.50000000   81.27000000    23  4253  4256  4257  4258
  4256  H    104.52000000   81.00000000   80.66000000    24  4255
  4257  H    106.28000000   80.94000000   80.99000000    24  4255
  4258  H    105.32000000   79.42000000   81.00000000    24  4255
  4259  C    103.63000000   80.11000000   83.08000000    23  4253  4260  4261  4262
  4260  H    102.86000000   80.62000000   82.45000000    24  4259
  4261  H    103.60000000   79.02000000   82.85000000    24  4259
  4262  H    103.36000000   80.25000000   84.14000000    24  4259
  4263  C    106.94000000   79.40000000   85.95000000     9  4248  4264  4265
  4264  O    106.56000000   78.28000000   86.30000000    11  4263
  4265  N    108.14000000   79.87000000   86.35000000     7  4263  4266  4267
  4266  HN   108.46000000   80.75000000   86.01000000    10  4265
  4267  CA   109.03000000   79.17000000   87.26000000     8  4265  4268  4269  4280
  4268  H    109.13000000   78.15000000   86.91000000    12  4267
  4269  C    110.45000000   79.81000000   87.21000000   167  4267  4270  4271  4272
  4270  H    110.31000000   80.91000000   87.34000000   168  4269
  4271  H    111.07000000   79.45000000   88.05000000   168  4269
  4272  C    111.22000000   79.50000000   85.90000000   169  4269  4273  4274  4275
  4273  H    111.58000000   78.46000000   85.93000000   170  4272
  4274  H    110.55000000   79.61000000   85.03000000   170  4272
  4275  C    112.40000000   80.46000000   85.68000000   171  4272  4276  4277
  4276  O    112.47000000   81.56000000   86.23000000   172  4275
  4277  N    113.36000000   80.04000000   84.83000000   173  4275  4278  4279
  4278  HN   113.35000000   79.10000000   84.47000000   174  4277
  4279  HN   114.05000000   80.69000000   84.54000000   174  4277
  4280  C    108.55000000   79.06000000   88.71000000     9  4267  4281  4282
  4281  O    109.12000000   78.30000000   89.49000000    11  4280
  4282  N    107.50000000   79.82000000   89.10000000     7  4280  4283  4284
  4283  HN   107.09000000   80.42000000   88.42000000    10  4282
  4284  CA   106.80000000   79.75000000   90.38000000     8  4282  4285  4286  4291
  4285  H    107.50000000   80.14000000   91.11000000    12  4284
  4286  C    105.55000000   80.68000000   90.44000000    33  4284  4287  4288  4289
  4287  H    105.06000000   80.68000000   91.44000000    34  4286
  4288  H    105.89000000   81.72000000   90.25000000    34  4286
  4289  OH   104.58000000   80.34000000   89.44000000    35  4286  4290
  4290  HO   104.85000000   80.81000000   88.63000000    36  4289
  4291  C    106.38000000   78.38000000   90.93000000     9  4284  4292  4293
  4292  O    106.44000000   77.34000000   90.27000000    11  4291
  4293  N    105.94000000   78.36000000   92.20000000     7  4291  4294  4295
  4294  HN   106.03000000   79.18000000   92.77000000    10  4293
  4295  CA   105.27000000   77.24000000   92.82000000     8  4293  4296  4297  4301
  4296  H    105.62000000   76.32000000   92.38000000    12  4295
  4297  C    105.58000000   77.21000000   94.33000000    13  4295  4298  4299  4300
  4298  H    105.11000000   76.33000000   94.82000000    14  4297
  4299  H    106.68000000   77.15000000   94.49000000    14  4297
  4300  H    105.21000000   78.13000000   94.83000000    14  4297
  4301  C    103.75000000   77.31000000   92.61000000     9  4295  4302  4303
  4302  O    103.10000000   78.33000000   92.84000000    11  4301
  4303  N    103.16000000   76.19000000   92.17000000     7  4301  4304  4305
  4304  HN   103.67000000   75.34000000   92.05000000    10  4303
  4305  CA   101.78000000   76.13000000   91.75000000     8  4303  4306  4307  4323
  4306  H    101.17000000   76.72000000   92.42000000    12  4305
  4307  C    101.58000000   76.64000000   90.29000000   182  4305  4308  4309  4310
  4308  H    100.48000000   76.61000000   90.08000000   183  4307
  4309  H    101.88000000   77.71000000   90.24000000   183  4307
  4310  C    102.32000000   75.85000000   89.19000000   184  4307  4311  4312  4313
  4311  H    102.23000000   74.75000000   89.37000000   185  4310
  4312  H    101.80000000   76.06000000   88.23000000   185  4310
  4313  C    103.79000000   76.24000000   88.99000000   186  4310  4314  4315  4316
  4314  H    103.84000000   77.33000000   88.76000000   187  4313
  4315  H    104.36000000   76.06000000   89.92000000   187  4313
  4316  C    104.44000000   75.42000000   87.87000000   188  4313  4317  4318  4319
  4317  H    104.56000000   74.36000000   88.19000000   189  4316
  4318  H    103.80000000   75.43000000   86.96000000   189  4316
  4319  N    105.76000000   75.95000000   87.49000000   190  4316  4320  4321  4322
  4320  HN   106.15000000   75.30000000   86.76000000   191  4319
  4321  HN   105.71000000   76.90000000   87.07000000   191  4319
  4322  HN   106.43000000   75.97000000   88.29000000   191  4319
  4323  C    101.33000000   74.70000000   91.88000000     9  4305  4324  4325
  4324  O    102.16000000   73.82000000   92.11000000    11  4323
  4325  N    100.01000000   74.45000000   91.79000000   601  4323  4326  4327
  4326  HN    99.36000000   75.18000000   91.51000000   612  4325
  4327  CA    99.30000000   73.20000000   92.05000000   602  4325  4328  4329  4340
  4328  H     99.30000000   73.13000000   93.13000000   613  4327
  4329  C     97.82000000   73.34000000   91.67000000   603  4327  4330  4331  4336
  4330  H     97.76000000   73.56000000   90.58000000   614  4329
  4331  O     97.23000000   74.37000000   92.46000000   604  4329  4332
  4332  P     96.83000000   75.79000000   91.97000000   605  4331  4333  4334  4335
  4333  O     96.95000000   76.62000000   93.19000000   606  4332
  4334  O     95.43000000   75.71000000   91.51000000   606  4332
  4335  O     97.79000000   76.17000000   90.93000000   606  4332
  4336  C     97.02000000   72.05000000   91.93000000   607  4329  4337  4338  4339
  4337  H     95.94000000   72.22000000   91.72000000   615  4336
  4338  H     97.36000000   71.22000000   91.27000000   615  4336
  4339  H     97.11000000   71.72000000   92.99000000   615  4336
  4340  C     99.98000000   71.90000000   91.61000000   608  4327  4341  4342
  4341  O    100.62000000   71.79000000   90.56000000   609  4340
  4342  N     99.92000000   70.87000000   92.49000000     7  4340  4343  4344
  4343  HN    99.38000000   70.95000000   93.32000000    10  4342
  4344  CA   100.71000000   69.66000000   92.39000000     8  4342  4345  4346  4359
  4345  H    101.34000000   69.70000000   91.51000000    12  4344
  4346  C    101.59000000   69.46000000   93.62000000    25  4344  4347  4348  4352
  4347  H    100.95000000   69.41000000   94.53000000    26  4346
  4348  C    102.35000000   68.11000000   93.53000000    29  4346  4349  4350  4351
  4349  H    103.06000000   68.01000000   94.39000000    30  4348
  4350  H    101.66000000   67.25000000   93.59000000    30  4348
  4351  H    102.93000000   68.04000000   92.59000000    30  4348
  4352  C    102.60000000   70.63000000   93.83000000    27  4346  4353  4354  4355
  4353  H    103.51000000   70.20000000   94.31000000    28  4352
  4354  H    102.91000000   71.03000000   92.84000000    28  4352
  4355  C    102.09000000   71.76000000   94.74000000    31  4352  4356  4357  4358
  4356  H    102.90000000   72.48000000   94.97000000    32  4355
  4357  H    101.27000000   72.32000000   94.25000000    32  4355
  4358  H    101.69000000   71.35000000   95.69000000    32  4355
  4359  C     99.77000000   68.47000000   92.21000000     9  4344  4360  4361
  4360  O     98.86000000   68.26000000   93.01000000    11  4359
  4361  N     99.99000000   67.65000000   91.15000000     7  4359  4362  4363
  4362  HN   100.71000000   67.85000000   90.51000000    10  4361
  4363  CA    99.26000000   66.42000000   90.90000000     8  4361  4364  4365  4378
  4364  H     98.21000000   66.66000000   90.86000000    12  4363
  4365  C     99.66000000   65.78000000   89.54000000    19  4363  4366  4367  4368
  4366  H    100.73000000   65.49000000   89.57000000    20  4365
  4367  H     99.06000000   64.86000000   89.38000000    20  4365
  4368  C     99.45000000   66.68000000   88.29000000    21  4365  4369  4370  4374
  4369  H    100.06000000   67.61000000   88.40000000    22  4368
  4370  C     99.93000000   65.93000000   87.04000000    23  4368  4371  4372  4373
  4371  H     99.71000000   66.52000000   86.12000000    24  4370
  4372  H    101.02000000   65.75000000   87.09000000    24  4370
  4373  H     99.41000000   64.96000000   86.96000000    24  4370
  4374  C     97.98000000   67.08000000   88.13000000    23  4368  4375  4376  4377
  4375  H     97.83000000   67.66000000   87.19000000    24  4374
  4376  H     97.34000000   66.18000000   88.08000000    24  4374
  4377  H     97.64000000   67.70000000   88.98000000    24  4374
  4378  C     99.41000000   65.36000000   91.99000000     9  4363  4379  4380
  4379  O    100.44000000   65.26000000   92.67000000    11  4378
  4380  N     98.37000000   64.54000000   92.20000000     7  4378  4381  4382
  4381  HN    97.54000000   64.62000000   91.62000000    10  4380
  4382  CA    98.32000000   63.60000000   93.29000000     8  4380  4383  4384  4402
  4383  H     99.08000000   63.83000000   94.02000000    12  4382
  4384  C     96.95000000   63.70000000   94.01000000   202  4382  4385  4386  4387
  4385  H     96.13000000   63.43000000   93.31000000   203  4384
  4386  H     96.94000000   62.97000000   94.85000000   203  4384
  4387  C     96.69000000   65.10000000   94.59000000   204  4384  4388  4389  4390
  4388  H     97.62000000   65.43000000   95.12000000   205  4387
  4389  H     96.51000000   65.84000000   93.78000000   205  4387
  4390  C     95.56000000   65.14000000   95.62000000   206  4387  4391  4392  4393
  4391  H     95.66000000   64.29000000   96.32000000   207  4390
  4392  H     95.59000000   66.10000000   96.19000000   207  4390
  4393  N     94.25000000   65.03000000   94.91000000   208  4390  4394  4395
  4394  HN    94.20000000   64.92000000   93.90000000   209  4393
  4395  C     93.10000000   65.24000000   95.53000000   210  4393  4396  4399
  4396  N     93.00000000   65.17000000   96.84000000   211  4395  4397  4398
  4397  HN    93.55000000   64.41000000   97.23000000   212  4396
  4398  HN    92.06000000   65.33000000   97.15000000   212  4396
  4399  N     91.98000000   65.50000000   94.91000000   211  4395  4400  4401
  4400  HN    92.02000000   65.81000000   93.95000000   212  4399
  4401  HN    91.19000000   65.70000000   95.50000000   212  4399
  4402  C     98.56000000   62.17000000   92.85000000     9  4382  4403  4404
  4403  O     99.27000000   61.42000000   93.53000000    11  4402
  4404  N     98.00000000   61.74000000   91.70000000     1  4402  4405  4406
  4405  HN    97.48000000   62.37000000   91.10000000     4  4404
  4406  CA    98.22000000   60.40000000   91.14000000     2  4404  4407  4408  4409
  4407  H     98.68000000   60.53000000   90.17000000     6  4406
  4408  H     98.81000000   59.79000000   91.81000000     6  4406
  4409  C     96.94000000   59.67000000   90.92000000     3  4406  4410  4411
  4410  O     96.94000000   58.48000000   90.59000000     5  4409
  4411  N     95.80000000   60.33000000   91.17000000     7  4409  4412  4413
  4412  HN    95.84000000   61.28000000   91.49000000    10  4411
  4413  CA    94.47000000   59.76000000   91.12000000     8  4411  4414  4415  4423
  4414  H     94.52000000   58.70000000   90.88000000    12  4413
  4415  C     93.73000000   59.93000000   92.45000000    37  4413  4416  4417  4419
  4416  H     92.63000000   59.74000000   92.34000000    38  4415
  4417  OH    93.96000000   61.22000000   93.01000000    39  4415  4418
  4418  HO    93.26000000   61.35000000   93.68000000    40  4417
  4419  C     94.29000000   58.91000000   93.45000000    41  4415  4420  4421  4422
  4420  H     93.76000000   59.00000000   94.42000000    42  4419
  4421  H     94.16000000   57.88000000   93.07000000    42  4419
  4422  H     95.37000000   59.09000000   93.63000000    42  4419
  4423  C     93.63000000   60.39000000   90.03000000     9  4413  4424  4425
  4424  O     92.49000000   60.01000000   89.81000000    11  4423
  4425  N     94.20000000   61.36000000   89.29000000     7  4423  4426  4427
  4426  HN    95.14000000   61.67000000   89.49000000    10  4425
  4427  CA    93.56000000   62.12000000   88.24000000     8  4425  4428  4429  4438
  4428  H     92.71000000   62.63000000   88.67000000    12  4427
  4429  C     94.54000000   63.17000000   87.66000000   153  4427  4430  4431  4432
  4430  H     95.45000000   62.66000000   87.28000000   154  4429
  4431  H     94.06000000   63.67000000   86.79000000   154  4429
  4432  C     94.93000000   64.29000000   88.66000000   155  4429  4433  4434  4435
  4433  H     95.32000000   65.17000000   88.10000000   156  4432
  4434  H     94.03000000   64.62000000   89.21000000   156  4432
  4435  C     96.00000000   63.91000000   89.67000000   157  4432  4436  4437
  4436  O     96.60000000   62.81000000   89.57000000   158  4435
  4437  O     96.23000000   64.71000000   90.61000000   158  4435
  4438  C     93.04000000   61.27000000   87.09000000     9  4427  4439  4440
  4439  O     93.75000000   60.41000000   86.56000000    11  4438
  4440  N     91.79000000   61.49000000   86.66000000     7  4438  4441  4442
  4441  HN    91.20000000   62.16000000   87.12000000    10  4440
  4442  CA    91.17000000   60.72000000   85.60000000     8  4440  4443  4444  4453
  4443  H     91.83000000   59.91000000   85.31000000    12  4442
  4444  C     89.84000000   60.06000000   86.03000000   153  4442  4445  4446  4447
  4445  H     89.17000000   60.82000000   86.49000000   154  4444
  4446  H     89.33000000   59.63000000   85.14000000   154  4444
  4447  C     90.10000000   58.91000000   87.03000000   155  4444  4448  4449  4450
  4448  H     90.82000000   58.19000000   86.59000000   156  4447
  4449  H     90.54000000   59.33000000   87.96000000   156  4447
  4450  C     88.86000000   58.13000000   87.40000000   157  4447  4451  4452
  4451  O     87.80000000   58.26000000   86.74000000   158  4450
  4452  O     88.96000000   57.39000000   88.41000000   158  4450
  4453  C     90.94000000   61.53000000   84.35000000     9  4442  4454  4455
  4454  O     90.50000000   62.68000000   84.36000000    11  4453
  4455  N     91.28000000   60.90000000   83.21000000     7  4453  4456  4457
  4456  HN    91.68000000   59.99000000   83.24000000    10  4455
  4457  CA    91.13000000   61.47000000   81.90000000     8  4455  4458  4459  4475
  4458  H     91.63000000   62.42000000   81.94000000    12  4457
  4459  C     91.86000000   60.61000000   80.85000000   182  4457  4460  4461  4462
  4460  H     91.38000000   59.61000000   80.80000000   183  4459
  4461  H     91.75000000   61.11000000   79.86000000   183  4459
  4462  C     93.37000000   60.44000000   81.09000000   184  4459  4463  4464  4465
  4463  H     93.87000000   61.43000000   80.98000000   185  4462
  4464  H     93.57000000   60.09000000   82.13000000   185  4462
  4465  C     93.96000000   59.42000000   80.10000000   186  4462  4466  4467  4468
  4466  H     93.50000000   58.43000000   80.34000000   187  4465
  4467  H     93.64000000   59.71000000   79.08000000   187  4465
  4468  C     95.48000000   59.29000000   80.14000000   188  4465  4469  4470  4471
  4469  H     95.95000000   60.25000000   79.84000000   189  4468
  4470  H     95.84000000   59.00000000   81.15000000   189  4468
  4471  N     95.89000000   58.26000000   79.18000000   190  4468  4472  4473  4474
  4472  HN    96.88000000   58.39000000   78.85000000   191  4471
  4473  HN    95.80000000   57.30000000   79.60000000   191  4471
  4474  HN    95.26000000   58.27000000   78.34000000   191  4471
  4475  C     89.69000000   61.74000000   81.46000000     9  4457  4476  4477
  4476  O     88.77000000   60.95000000   81.68000000    11  4475
  4477  N     89.48000000   62.89000000   80.79000000     7  4475  4478  4479
  4478  HN    90.28000000   63.49000000   80.62000000    10  4477
  4479  CA    88.21000000   63.40000000   80.33000000     8  4477  4480  4481  4486
  4480  H     87.57000000   63.48000000   81.19000000    12  4479
  4481  C     88.40000000   64.84000000   79.76000000    43  4479  4482  4483  4484
  4482  H     88.83000000   65.45000000   80.59000000    44  4481
  4483  H     89.18000000   64.79000000   78.97000000    44  4481
  4484  SH    86.90000000   65.66000000   79.10000000    45  4481  4485
  4485  HS    87.47000000   66.85000000   78.91000000    46  4484
  4486  C     87.49000000   62.50000000   79.33000000     9  4479  4487  4488
  4487  O     87.97000000   62.21000000   78.23000000    11  4486
  4488  N     86.30000000   62.00000000   79.73000000     1  4486  4489  4490
  4489  HN    85.97000000   62.19000000   80.65000000     4  4488
  4490  CA    85.44000000   61.16000000   78.89000000     2  4488  4491  4492  4493
  4491  H     84.46000000   61.18000000   79.33000000     6  4490
  4492  H     85.45000000   61.54000000   77.88000000     6  4490
  4493  C     85.87000000   59.72000000   78.83000000     3  4490  4494  4495
  4494  O     85.35000000   58.96000000   78.01000000     5  4493
  4495  N     86.83000000   59.32000000   79.68000000     1  4493  4496  4497
  4496  HN    87.18000000   60.00000000   80.34000000     4  4495
  4497  CA    87.30000000   57.95000000   79.85000000     2  4495  4498  4499  4500
  4498  H     88.00000000   57.96000000   80.68000000     6  4497
  4499  H     86.44000000   57.33000000   80.05000000     6  4497
  4500  C     88.02000000   57.34000000   78.68000000     3  4497  4501  4502
  4501  O     88.14000000   56.13000000   78.58000000     5  4500
  4502  N     88.51000000   58.17000000   77.74000000     1  4500  4503  4504
  4503  HN    88.38000000   59.15000000   77.86000000     4  4502
  4504  CA    89.20000000   57.71000000   76.54000000     2  4502  4505  4506  4507
  4505  H     90.12000000   58.26000000   76.44000000     6  4504
  4506  H     89.37000000   56.64000000   76.57000000     6  4504
  4507  C     88.40000000   57.98000000   75.31000000     3  4504  4508  4509
  4508  O     88.92000000   57.94000000   74.19000000     5  4507
  4509  N     87.12000000   58.32000000   75.49000000     1  4507  4510  4511
  4510  HN    86.75000000   58.32000000   76.42000000     4  4509
  4511  CA    86.20000000   58.71000000   74.43000000     2  4509  4512  4513  4514
  4512  H     85.25000000   58.92000000   74.90000000     6  4511
  4513  H     86.63000000   59.58000000   73.96000000     6  4511
  4514  C     85.93000000   57.73000000   73.33000000     3  4511  4515  4516
  4515  O     86.33000000   56.56000000   73.35000000     5  4514
  4516  N     85.20000000   58.20000000   72.30000000     1  4514  4517  4518
  4517  HN    84.93000000   59.16000000   72.31000000     4  4516
  4518  CA    84.77000000   57.39000000   71.16000000     2  4516  4519  4520  4521
  4519  H     84.22000000   58.03000000   70.50000000     6  4518
  4520  H     85.66000000   56.99000000   70.69000000     6  4518
  4521  C     83.86000000   56.25000000   71.54000000     3  4518  4522  4523
  4522  O     82.75000000   56.44000000   72.02000000     5  4521
  4523  N     84.29000000   55.00000000   71.26000000     1  4521  4524  4525
  4524  HN    85.22000000   54.90000000   70.88000000     4  4523
  4525  CA    83.59000000   53.77000000   71.64000000     2  4523  4526  4527  4528
  4526  H     84.28000000   52.95000000   71.49000000     6  4525
  4527  H     83.28000000   53.85000000   72.67000000     6  4525
  4528  C     82.36000000   53.48000000   70.83000000     3  4525  4529  4530
  4529  O     81.60000000   52.57000000   71.14000000     5  4528
  4530  N     82.15000000   54.25000000   69.75000000     1  4528  4531  4532
  4531  HN    82.88000000   54.89000000   69.49000000     4  4530
  4532  CA    80.99000000   54.18000000   68.88000000     2  4530  4533  4534  4535
  4533  H     81.34000000   54.28000000   67.86000000     6  4532
  4534  H     80.45000000   53.25000000   69.04000000     6  4532
  4535  C     80.02000000   55.30000000   69.13000000     3  4532  4536  4537
  4536  O     79.15000000   55.59000000   68.31000000     5  4535
  4537  N     80.16000000   56.01000000   70.27000000     7  4535  4538  4539
  4538  HN    80.91000000   55.78000000   70.88000000    10  4537
  4539  CA    79.20000000   56.99000000   70.75000000     8  4537  4540  4541  4549
  4540  H     78.25000000   56.48000000   70.81000000    12  4539
  4541  C     79.56000000   57.50000000   72.17000000   147  4539  4542  4543  4544
  4542  H     80.60000000   57.88000000   72.19000000   148  4541
  4543  H     78.88000000   58.32000000   72.48000000   148  4541
  4544  C     79.41000000   56.40000000   73.22000000   149  4541  4545  4546
  4545  O     78.33000000   56.25000000   73.79000000   150  4544
  4546  N     80.50000000   55.67000000   73.55000000   151  4544  4547  4548
  4547  HN    81.38000000   55.89000000   73.12000000   152  4546
  4548  HN    80.40000000   54.97000000   74.25000000   152  4546
  4549  C     78.96000000   58.20000000   69.84000000     9  4539  4550  4551
  4550  O     79.86000000   58.76000000   69.21000000    11  4549
  4551  N     77.69000000   58.64000000   69.77000000     7  4549  4552  4553
  4552  HN    76.96000000   58.15000000   70.25000000    10  4551
  4553  CA    77.33000000   59.89000000   69.09000000     8  4551  4554  4555  4560
  4554  H     77.89000000   59.93000000   68.17000000    12  4553
  4555  C     75.82000000   59.97000000   68.74000000    33  4553  4556  4557  4558
  4556  H     75.54000000   59.08000000   68.14000000    34  4555
  4557  H     75.24000000   59.94000000   69.68000000    34  4555
  4558  OH    75.46000000   61.16000000   68.01000000    35  4555  4559
  4559  HO    76.00000000   61.15000000   67.19000000    36  4558
  4560  C     77.70000000   61.11000000   69.91000000     9  4553  4561  4562
  4561  O     77.59000000   61.13000000   71.13000000    11  4560
  4562  N     78.10000000   62.22000000   69.24000000     7  4560  4563  4564
  4563  HN    78.20000000   62.21000000   68.25000000    10  4562
  4564  CA    78.35000000   63.49000000   69.92000000     8  4562  4565  4566  4571
  4565  H     78.88000000   63.27000000   70.84000000    12  4564
  4566  C     79.24000000   64.47000000   69.12000000    33  4564  4567  4568  4569
  4567  H     78.80000000   64.64000000   68.11000000    34  4566
  4568  H     79.30000000   65.45000000   69.64000000    34  4566
  4569  OH    80.58000000   63.96000000   68.99000000    35  4566  4570
  4570  HO    81.00000000   64.07000000   69.86000000    36  4569
  4571  C     77.07000000   64.17000000   70.38000000     9  4564  4572  4573
  4572  O     77.11000000   65.06000000   71.23000000    11  4571
  4573  N     75.89000000   63.71000000   69.91000000     7  4571  4574  4575
  4574  HN    75.88000000   63.00000000   69.21000000    10  4573
  4575  CA    74.59000000   64.19000000   70.35000000     8  4573  4576  4577  4595
  4576  H     74.56000000   65.26000000   70.22000000    12  4575
  4577  C     73.46000000   63.54000000   69.52000000   202  4575  4578  4579  4580
  4578  H     73.54000000   62.43000000   69.62000000   203  4577
  4579  H     72.47000000   63.83000000   69.94000000   203  4577
  4580  C     73.46000000   63.94000000   68.02000000   204  4577  4581  4582  4583
  4581  H     73.38000000   65.05000000   67.96000000   205  4580
  4582  H     74.43000000   63.67000000   67.56000000   205  4580
  4583  C     72.31000000   63.33000000   67.20000000   206  4580  4584  4585  4586
  4584  H     71.33000000   63.63000000   67.63000000   207  4583
  4585  H     72.38000000   63.65000000   66.14000000   207  4583
  4586  N     72.47000000   61.84000000   67.29000000   208  4583  4587  4588
  4587  HN    73.29000000   61.46000000   67.71000000   209  4586
  4588  C     71.57000000   60.96000000   66.87000000   210  4586  4589  4592
  4589  N     70.49000000   61.28000000   66.20000000   211  4588  4590  4591
  4590  HN    70.26000000   62.25000000   66.03000000   212  4589
  4591  HN    69.85000000   60.57000000   65.91000000   212  4589
  4592  N     71.76000000   59.70000000   67.18000000   211  4588  4593  4594
  4593  HN    72.31000000   59.53000000   68.00000000   212  4592
  4594  HN    71.03000000   59.03000000   66.99000000   212  4592
  4595  C     74.31000000   63.93000000   71.83000000     9  4575  4596  4597
  4596  O     73.50000000   64.60000000   72.45000000    11  4595
  4597  N     75.04000000   62.97000000   72.44000000     7  4595  4598  4599
  4598  HN    75.69000000   62.43000000   71.91000000    10  4597
  4599  CA    74.94000000   62.63000000   73.85000000     8  4597  4600  4601  4614
  4600  H     73.95000000   62.87000000   74.22000000    12  4599
  4601  C     75.24000000   61.12000000   74.05000000    19  4599  4602  4603  4604
  4602  H     76.32000000   60.92000000   73.86000000    20  4601
  4603  H     75.03000000   60.86000000   75.12000000    20  4601
  4604  C     74.43000000   60.16000000   73.16000000    21  4601  4605  4606  4610
  4605  H     74.70000000   60.34000000   72.09000000    22  4604
  4606  C     74.80000000   58.71000000   73.49000000    23  4604  4607  4608  4609
  4607  H     74.23000000   58.00000000   72.85000000    24  4606
  4608  H     75.88000000   58.53000000   73.34000000    24  4606
  4609  H     74.56000000   58.48000000   74.55000000    24  4606
  4610  C     72.92000000   60.36000000   73.31000000    23  4604  4611  4612  4613
  4611  H     72.36000000   59.63000000   72.70000000    24  4610
  4612  H     72.62000000   60.22000000   74.38000000    24  4610
  4613  H     72.61000000   61.39000000   73.01000000    24  4610
  4614  C     75.95000000   63.43000000   74.67000000     9  4599  4615  4616
  4615  O     76.29000000   63.08000000   75.80000000    11  4614
  4616  N     76.49000000   64.52000000   74.09000000     7  4614  4617  4618
  4617  HN    76.21000000   64.75000000   73.15000000    10  4616
  4618  CA    77.45000000   65.43000000   74.70000000     8  4616  4619  4620  4632
  4619  H     77.55000000   66.25000000   74.01000000    12  4618
  4620  C     77.00000000   66.04000000   76.05000000   106  4618  4621  4622  4625
  4621  H     77.05000000   65.27000000   76.86000000   107  4620
  4622  H     77.68000000   66.87000000   76.33000000   107  4620
  4623  C     74.52000000   66.21000000   76.72000000   111  4624  4625  4626
  4624  H     74.44000000   65.50000000   77.54000000   112  4623
  4625  C     75.60000000   66.58000000   76.00000000   108  4620  4623  4628
  4626  N     73.46000000   66.91000000   76.22000000   115  4623  4627  4630
  4627  HN    72.49000000   66.84000000   76.54000000   116  4626
  4628  N     75.18000000   67.51000000   75.09000000   109  4625  4629  4630
  4629  HN    75.74000000   68.03000000   74.42000000   110  4628
  4630  C     73.88000000   67.69000000   75.24000000   113  4626  4628  4631
  4631  H     73.27000000   68.36000000   74.65000000   114  4630
  4632  C     78.82000000   64.81000000   74.81000000     9  4618  4633  4634
  4633  O     79.58000000   65.14000000   75.71000000    11  4632
  4634  N     79.14000000   63.87000000   73.90000000     7  4632  4635  4636
  4635  HN    78.50000000   63.66000000   73.17000000    10  4634
  4636  CA    80.37000000   63.11000000   73.94000000     8  4634  4637  4638  4651
  4637  H     80.35000000   62.59000000   74.88000000    12  4636
  4638  C     80.42000000   62.03000000   72.83000000    19  4636  4639  4640  4641
  4639  H     79.46000000   61.48000000   72.82000000    20  4638
  4640  H     80.54000000   62.54000000   71.84000000    20  4638
  4641  C     81.56000000   61.01000000   72.98000000    21  4638  4642  4643  4647
  4642  H     82.51000000   61.53000000   73.24000000    22  4641
  4643  C     81.25000000   60.00000000   74.09000000    23  4641  4644  4645  4646
  4644  H     82.05000000   59.23000000   74.15000000    24  4643
  4645  H     81.18000000   60.52000000   75.07000000    24  4643
  4646  H     80.28000000   59.50000000   73.91000000    24  4643
  4647  C     81.83000000   60.30000000   71.64000000    23  4641  4648  4649  4650
  4648  H     82.56000000   59.48000000   71.77000000    24  4647
  4649  H     80.88000000   59.89000000   71.23000000    24  4647
  4650  H     82.24000000   61.02000000   70.90000000    24  4647
  4651  C     81.61000000   63.99000000   73.81000000     9  4636  4652  4653
  4652  O     81.69000000   64.75000000   72.84000000    11  4651
  4653  N     82.59000000   63.94000000   74.73000000    50  4651  4654  4657
  4654  C     82.49000000   63.22000000   76.00000000    59  4653  4655  4656  4662
  4655  H     82.74000000   62.15000000   75.83000000    60  4654
  4656  H     81.49000000   63.33000000   76.47000000    60  4654
  4657  CA    83.78000000   64.77000000   74.68000000    51  4653  4658  4659  4665
  4658  H     83.40000000   65.77000000   74.83000000    54  4657
  4659  C     84.62000000   64.30000000   75.88000000    55  4657  4660  4661  4662
  4660  H     85.24000000   63.42000000   75.61000000    56  4659
  4661  H     85.28000000   65.10000000   76.27000000    56  4659
  4662  C     83.55000000   63.88000000   76.88000000    57  4654  4659  4663  4664
  4663  H     83.92000000   63.21000000   77.68000000    58  4662
  4664  H     83.09000000   64.78000000   77.33000000    58  4662
  4665  C     84.55000000   64.83000000   73.38000000    52  4657  4666  4667
  4666  O     84.62000000   63.84000000   72.65000000    53  4665
  4667  N     85.13000000   66.00000000   73.08000000     7  4665  4668  4669
  4668  HN    85.10000000   66.75000000   73.74000000    10  4667
  4669  CA    85.94000000   66.25000000   71.90000000     8  4667  4670  4671  4689
  4670  H     86.16000000   65.31000000   71.41000000    12  4669
  4671  C     85.28000000   67.20000000   70.87000000   202  4669  4672  4673  4674
  4672  H     84.90000000   68.11000000   71.39000000   203  4671
  4673  H     86.05000000   67.53000000   70.14000000   203  4671
  4674  C     84.15000000   66.53000000   70.07000000   204  4671  4675  4676  4677
  4675  H     84.53000000   65.55000000   69.72000000   205  4674
  4676  H     83.27000000   66.36000000   70.73000000   205  4674
  4677  C     83.74000000   67.32000000   68.82000000   206  4674  4678  4679  4680
  4678  H     83.32000000   68.32000000   69.09000000   207  4677
  4679  H     84.62000000   67.46000000   68.15000000   207  4677
  4680  N     82.67000000   66.52000000   68.13000000   208  4677  4681  4682
  4681  HN    81.93000000   66.16000000   68.69000000   209  4680
  4682  C     82.44000000   66.51000000   66.83000000   210  4680  4683  4686
  4683  N     83.21000000   67.04000000   65.92000000   211  4682  4684  4685
  4684  HN    84.12000000   67.42000000   66.14000000   212  4683
  4685  HN    82.90000000   67.03000000   64.97000000   212  4683
  4686  N     81.33000000   65.94000000   66.39000000   211  4682  4687  4688
  4687  HN    80.70000000   65.53000000   67.03000000   212  4686
  4688  HN    81.12000000   66.07000000   65.41000000   212  4686
  4689  C     87.28000000   66.82000000   72.32000000     9  4669  4690  4691
  4690  O     87.35000000   67.73000000   73.13000000    11  4689
  4691  N     88.37000000   66.29000000   71.75000000     7  4689  4692  4693
  4692  HN    88.29000000   65.54000000   71.11000000    10  4691
  4693  CA    89.70000000   66.85000000   71.89000000     8  4691  4694  4695  4699
  4694  H     89.90000000   66.97000000   72.95000000    12  4693
  4695  C     90.72000000   65.88000000   71.29000000    13  4693  4696  4697  4698
  4696  H     91.75000000   66.25000000   71.44000000    14  4695
  4697  H     90.64000000   64.88000000   71.78000000    14  4695
  4698  H     90.54000000   65.75000000   70.20000000    14  4695
  4699  C     89.83000000   68.22000000   71.23000000     9  4693  4700  4701
  4700  O     89.30000000   68.44000000   70.15000000    11  4699
  4701  N     90.57000000   69.17000000   71.84000000     7  4699  4702  4703
  4702  HN    90.86000000   69.04000000   72.79000000    10  4701
  4703  CA    90.77000000   70.50000000   71.25000000     8  4701  4704  4705  4710
  4704  H     89.81000000   70.87000000   70.92000000    12  4703
  4705  C     91.33000000   71.54000000   72.27000000    33  4703  4706  4707  4708
  4706  H     92.25000000   71.13000000   72.73000000    34  4705
  4707  H     91.58000000   72.50000000   71.76000000    34  4705
  4708  OH    90.37000000   71.84000000   73.29000000    35  4705  4709
  4709  HO    90.77000000   72.53000000   73.84000000    36  4708
  4710  C     91.68000000   70.58000000   70.03000000     9  4703  4711  4712
  4711  O     91.73000000   71.61000000   69.37000000    11  4710
  4712  N     92.45000000   69.53000000   69.71000000     7  4710  4713  4714
  4713  HN    92.36000000   68.68000000   70.21000000    10  4712
  4714  CA    93.41000000   69.55000000   68.61000000     8  4712  4715  4716  4720
  4715  H     93.82000000   70.55000000   68.54000000    12  4714
  4716  C     94.58000000   68.59000000   68.91000000    13  4714  4717  4718  4719
  4717  H     95.35000000   68.66000000   68.12000000    14  4716
  4718  H     95.05000000   68.87000000   69.88000000    14  4716
  4719  H     94.22000000   67.54000000   68.98000000    14  4716
  4720  C     92.82000000   69.22000000   67.24000000     9  4714  4721  4722
  4721  O     91.99000000   68.31000000   67.08000000    11  4720
  4722  N     93.26000000   69.94000000   66.19000000     7  4720  4723  4724
  4723  HN    93.97000000   70.65000000   66.35000000    10  4722
  4724  CA    92.79000000   69.84000000   64.81000000     8  4722  4725  4726  4736
  4725  H     91.73000000   70.04000000   64.81000000    12  4724
  4726  C     93.49000000   70.88000000   63.92000000    15  4724  4727  4728  4732
  4727  H     94.59000000   70.76000000   64.02000000    16  4726
  4728  C     93.11000000   70.73000000   62.43000000    17  4726  4729  4730  4731
  4729  H     93.57000000   71.57000000   61.85000000    18  4728
  4730  H     93.48000000   69.78000000   62.00000000    18  4728
  4731  H     92.01000000   70.79000000   62.30000000    18  4728
  4732  C     93.11000000   72.28000000   64.41000000    17  4726  4733  4734  4735
  4733  H     93.67000000   73.04000000   63.82000000    18  4732
  4734  H     92.03000000   72.47000000   64.28000000    18  4732
  4735  H     93.36000000   72.44000000   65.48000000    18  4732
  4736  C     92.97000000   68.46000000   64.20000000     9  4724  4737  4738
  4737  O     92.05000000   67.91000000   63.58000000    11  4736
  4738  N     94.14000000   67.82000000   64.40000000     7  4736  4739  4740
  4739  HN    94.88000000   68.31000000   64.88000000    10  4738
  4740  CA    94.46000000   66.49000000   63.91000000     8  4738  4741  4742  4746
  4741  H     94.38000000   66.51000000   62.83000000    12  4740
  4742  C     95.91000000   66.15000000   64.29000000    13  4740  4743  4744  4745
  4743  H     96.20000000   65.15000000   63.89000000    14  4742
  4744  H     96.60000000   66.91000000   63.86000000    14  4742
  4745  H     96.05000000   66.14000000   65.39000000    14  4742
  4746  C     93.51000000   65.40000000   64.42000000     9  4740  4747  4748
  4747  O     93.06000000   64.52000000   63.69000000    11  4746
  4748  N     93.16000000   65.48000000   65.72000000     7  4746  4749  4750
  4749  HN    93.56000000   66.20000000   66.28000000    10  4748
  4750  CA    92.14000000   64.67000000   66.36000000     8  4748  4751  4752  4765
  4751  H     92.34000000   63.64000000   66.09000000    12  4750
  4752  C     92.24000000   64.81000000   67.90000000    19  4750  4753  4754  4755
  4753  H     92.11000000   65.89000000   68.16000000    20  4752
  4754  H     91.41000000   64.25000000   68.39000000    20  4752
  4755  C     93.58000000   64.31000000   68.48000000    21  4752  4756  4757  4761
  4756  H     94.42000000   64.85000000   67.96000000    22  4755
  4757  C     93.70000000   64.64000000   69.98000000    23  4755  4758  4759  4760
  4758  H     94.70000000   64.32000000   70.36000000    24  4757
  4759  H     93.60000000   65.73000000   70.15000000    24  4757
  4760  H     92.92000000   64.11000000   70.56000000    24  4757
  4761  C     93.80000000   62.81000000   68.28000000    23  4755  4762  4763  4764
  4762  H     94.79000000   62.51000000   68.69000000    24  4761
  4763  H     93.01000000   62.23000000   68.80000000    24  4761
  4764  H     93.79000000   62.54000000   67.20000000    24  4761
  4765  C     90.73000000   64.95000000   65.84000000     9  4750  4766  4767
  4766  O     89.96000000   64.03000000   65.58000000    11  4765
  4767  N     90.35000000   66.23000000   65.65000000     7  4765  4768  4769
  4768  HN    90.94000000   66.99000000   65.93000000    10  4767
  4769  CA    89.07000000   66.58000000   65.05000000     8  4767  4770  4771  4780
  4770  H     88.31000000   66.08000000   65.63000000    12  4769
  4771  C     88.77000000   68.10000000   65.17000000   153  4769  4772  4773  4774
  4772  H     88.86000000   68.39000000   66.24000000   154  4771
  4773  H     89.58000000   68.64000000   64.63000000   154  4771
  4774  C     87.40000000   68.57000000   64.60000000   155  4771  4775  4776  4777
  4775  H     87.47000000   69.68000000   64.50000000   156  4774
  4776  H     87.20000000   68.15000000   63.60000000   156  4774
  4777  C     86.18000000   68.30000000   65.47000000   157  4774  4778  4779
  4778  O     86.15000000   67.32000000   66.26000000   158  4777
  4779  O     85.24000000   69.14000000   65.45000000   158  4777
  4780  C     88.88000000   66.09000000   63.61000000     9  4769  4781  4782
  4781  O     87.84000000   65.53000000   63.28000000    11  4780
  4782  N     89.89000000   66.22000000   62.72000000     7  4780  4783  4784
  4783  HN    90.73000000   66.72000000   62.96000000    10  4782
  4784  CA    89.80000000   65.65000000   61.37000000     8  4782  4785  4786  4796
  4785  H     88.88000000   66.02000000   60.95000000    12  4784
  4786  C     90.89000000   66.06000000   60.37000000    15  4784  4787  4788  4792
  4787  H     90.71000000   65.55000000   59.39000000    16  4786
  4788  C     90.80000000   67.57000000   60.10000000    17  4786  4789  4790  4791
  4789  H     91.54000000   67.87000000   59.32000000    18  4788
  4790  H     89.79000000   67.85000000   59.75000000    18  4788
  4791  H     91.04000000   68.14000000   61.03000000    18  4788
  4792  C     92.30000000   65.70000000   60.86000000    17  4786  4793  4794  4795
  4793  H     93.06000000   66.01000000   60.11000000    18  4792
  4794  H     92.52000000   66.23000000   61.80000000    18  4792
  4795  H     92.40000000   64.61000000   61.03000000    18  4792
  4796  C     89.63000000   64.13000000   61.37000000     9  4784  4797  4798
  4797  O     88.88000000   63.58000000   60.56000000    11  4796
  4798  N     90.31000000   63.42000000   62.30000000     7  4796  4799  4800
  4799  HN    90.94000000   63.90000000   62.91000000    10  4798
  4800  CA    90.12000000   62.00000000   62.56000000     8  4798  4801  4802  4813
  4801  H     90.31000000   61.46000000   61.64000000    12  4800
  4802  C     91.15000000   61.55000000   63.64000000   167  4800  4803  4804  4805
  4803  H     92.14000000   61.92000000   63.29000000   168  4802
  4804  H     90.95000000   62.06000000   64.60000000   168  4802
  4805  C     91.32000000   60.02000000   63.90000000   169  4802  4806  4807  4808
  4806  H     91.44000000   59.50000000   62.92000000   170  4805
  4807  H     92.26000000   59.87000000   64.47000000   170  4805
  4808  C     90.20000000   59.30000000   64.66000000   171  4805  4809  4810
  4809  O     89.72000000   58.25000000   64.21000000   172  4808
  4810  N     89.83000000   59.78000000   65.86000000   173  4808  4811  4812
  4811  HN    90.23000000   60.62000000   66.25000000   174  4810
  4812  HN    89.18000000   59.25000000   66.41000000   174  4810
  4813  C     88.69000000   61.68000000   62.99000000     9  4800  4814  4815
  4814  O     88.06000000   60.77000000   62.44000000    11  4813
  4815  N     88.12000000   62.46000000   63.93000000     7  4813  4816  4817
  4816  HN    88.66000000   63.17000000   64.38000000    10  4815
  4817  CA    86.73000000   62.36000000   64.33000000     8  4815  4818  4819  4837
  4818  H     86.57000000   61.33000000   64.65000000    12  4817
  4819  C     86.44000000   63.31000000   65.53000000   202  4817  4820  4821  4822
  4820  H     87.18000000   63.08000000   66.33000000   203  4819
  4821  H     86.63000000   64.36000000   65.22000000   203  4819
  4822  C     85.02000000   63.23000000   66.13000000   204  4819  4823  4824  4825
  4823  H     84.98000000   63.93000000   67.00000000   205  4822
  4824  H     84.27000000   63.58000000   65.39000000   205  4822
  4825  C     84.65000000   61.81000000   66.60000000   206  4822  4826  4827  4828
  4826  H     84.54000000   61.15000000   65.71000000   207  4825
  4827  H     85.46000000   61.42000000   67.26000000   207  4825
  4828  N     83.38000000   61.87000000   67.39000000   208  4825  4829  4830
  4829  HN    83.31000000   62.57000000   68.11000000   209  4828
  4830  C     82.54000000   60.85000000   67.53000000   210  4828  4831  4834
  4831  N     82.78000000   59.67000000   67.00000000   211  4830  4832  4833
  4832  HN    83.66000000   59.48000000   66.58000000   212  4831
  4833  HN    82.10000000   58.93000000   67.06000000   212  4831
  4834  N     81.44000000   61.02000000   68.23000000   211  4830  4835  4836
  4835  HN    81.25000000   61.93000000   68.59000000   212  4834
  4836  HN    80.91000000   60.21000000   68.49000000   212  4834
  4837  C     85.75000000   62.62000000   63.20000000     9  4817  4838  4839
  4838  O     84.81000000   61.85000000   62.98000000    11  4837
  4839  N     85.98000000   63.67000000   62.39000000     7  4837  4840  4841
  4840  HN    86.71000000   64.32000000   62.64000000    10  4839
  4841  CA    85.22000000   64.00000000   61.20000000     8  4839  4842  4843  4856
  4842  H     84.18000000   64.07000000   61.49000000    12  4841
  4843  C     85.65000000   65.36000000   60.60000000    19  4841  4844  4845  4846
  4844  H     86.75000000   65.33000000   60.42000000    20  4843
  4845  H     85.15000000   65.52000000   59.62000000    20  4843
  4846  C     85.34000000   66.61000000   61.46000000    21  4843  4847  4848  4852
  4847  H     85.72000000   66.44000000   62.50000000    22  4846
  4848  C     86.07000000   67.84000000   60.89000000    23  4846  4849  4850  4851
  4849  H     85.87000000   68.73000000   61.52000000    24  4848
  4850  H     87.17000000   67.66000000   60.88000000    24  4848
  4851  H     85.73000000   68.04000000   59.85000000    24  4848
  4852  C     83.83000000   66.89000000   61.56000000    23  4846  4853  4854  4855
  4853  H     83.65000000   67.80000000   62.17000000    24  4852
  4854  H     83.40000000   67.05000000   60.55000000    24  4852
  4855  H     83.31000000   66.04000000   62.05000000    24  4852
  4856  C     85.26000000   62.91000000   60.12000000     9  4841  4857  4858
  4857  O     84.24000000   62.62000000   59.50000000    11  4856
  4858  N     86.43000000   62.28000000   59.86000000     7  4856  4859  4860
  4859  HN    87.26000000   62.58000000   60.33000000    10  4858
  4860  CA    86.53000000   61.11000000   58.99000000     8  4858  4861  4862  4870
  4861  H     86.11000000   61.37000000   58.02000000    12  4860
  4862  C     88.00000000   60.63000000   58.85000000   147  4860  4863  4864  4865
  4863  H     88.50000000   60.68000000   59.84000000   148  4862
  4864  H     88.05000000   59.58000000   58.48000000   148  4862
  4865  C     88.79000000   61.46000000   57.83000000   149  4862  4866  4867
  4866  O     88.23000000   62.17000000   56.99000000   150  4865
  4867  N     90.13000000   61.35000000   57.90000000   151  4865  4868  4869
  4868  HN    90.54000000   60.66000000   58.51000000   152  4867
  4869  HN    90.69000000   61.76000000   57.17000000   152  4867
  4870  C     85.71000000   59.92000000   59.48000000     9  4860  4871  4872
  4871  O     84.96000000   59.31000000   58.71000000    11  4870
  4872  N     85.81000000   59.59000000   60.78000000     7  4870  4873  4874
  4873  HN    86.41000000   60.11000000   61.38000000    10  4872
  4874  CA    85.07000000   58.52000000   61.43000000     8  4872  4875  4876  4880
  4875  H     85.26000000   57.61000000   60.88000000    12  4874
  4876  C     85.57000000   58.35000000   62.88000000    13  4874  4877  4878  4879
  4877  H     85.07000000   57.49000000   63.37000000    14  4876
  4878  H     86.66000000   58.15000000   62.88000000    14  4876
  4879  H     85.39000000   59.26000000   63.48000000    14  4876
  4880  C     83.56000000   58.74000000   61.41000000     9  4874  4881  4882
  4881  O     82.76000000   57.82000000   61.18000000    11  4880
  4882  N     83.13000000   60.00000000   61.60000000     7  4880  4883  4884
  4883  HN    83.79000000   60.71000000   61.86000000    10  4882
  4884  CA    81.77000000   60.45000000   61.40000000     8  4882  4885  4886  4899
  4885  H     81.10000000   59.70000000   61.80000000    12  4884
  4886  C     81.53000000   61.80000000   62.12000000    19  4884  4887  4888  4889
  4887  H     82.28000000   62.53000000   61.76000000    20  4886
  4888  H     80.52000000   62.19000000   61.86000000    20  4886
  4889  C     81.60000000   61.75000000   63.66000000    21  4886  4890  4891  4895
  4890  H     82.58000000   61.32000000   63.97000000    22  4889
  4891  C     81.52000000   63.17000000   64.23000000    23  4889  4892  4893  4894
  4892  H     81.60000000   63.16000000   65.34000000    24  4891
  4893  H     82.35000000   63.80000000   63.83000000    24  4891
  4894  H     80.56000000   63.65000000   63.95000000    24  4891
  4895  C     80.49000000   60.87000000   64.26000000    23  4889  4896  4897  4898
  4896  H     80.50000000   60.93000000   65.37000000    24  4895
  4897  H     79.50000000   61.22000000   63.89000000    24  4895
  4898  H     80.63000000   59.82000000   63.95000000    24  4895
  4899  C     81.40000000   60.59000000   59.93000000     9  4884  4900  4901
  4900  O     81.01000000   61.67000000   59.46000000    11  4899
  4901  N     81.44000000   59.49000000   59.14000000     7  4899  4902  4903
  4902  HN    81.85000000   58.65000000   59.48000000    10  4901
  4903  CA    80.74000000   59.43000000   57.88000000     8  4901  4904  4905  4911
  4904  H     81.06000000   60.30000000   57.32000000    12  4903
  4905  C     81.13000000   58.17000000   57.04000000   137  4903  4906  4907  4908
  4906  H     82.23000000   58.05000000   57.06000000   138  4905
  4907  H     80.68000000   57.26000000   57.50000000   138  4905
  4908  C     80.72000000   58.23000000   55.58000000   139  4905  4909  4910
  4909  O     80.30000000   59.31000000   55.08000000   140  4908
  4910  O     80.87000000   57.22000000   54.86000000   140  4908
  4911  C     79.23000000   59.57000000   58.13000000     9  4903  4912  4913
  4912  O     78.67000000   58.99000000   59.07000000    11  4911
  4913  N     78.55000000   60.40000000   57.34000000     7  4911  4914  4915
  4914  HN    79.07000000   60.90000000   56.63000000    10  4913
  4915  CA    77.16000000   60.71000000   57.51000000     8  4913  4916  4917  4930
  4916  H     76.65000000   59.85000000   57.94000000    12  4915
  4917  C     76.96000000   61.97000000   58.39000000    19  4915  4918  4919  4920
  4918  H     77.40000000   61.75000000   59.39000000    20  4917
  4919  H     77.54000000   62.81000000   57.97000000    20  4917
  4920  C     75.49000000   62.41000000   58.62000000    21  4917  4921  4922  4926
  4921  H     75.02000000   62.62000000   57.63000000    22  4920
  4922  C     74.67000000   61.32000000   59.31000000    23  4920  4923  4924  4925
  4923  H     73.63000000   61.68000000   59.48000000    24  4922
  4924  H     74.62000000   60.39000000   58.70000000    24  4922
  4925  H     75.11000000   61.06000000   60.30000000    24  4922
  4926  C     75.43000000   63.71000000   59.43000000    23  4920  4927  4928  4929
  4927  H     74.37000000   64.02000000   59.58000000    24  4926
  4928  H     75.90000000   63.57000000   60.42000000    24  4926
  4929  H     75.95000000   64.53000000   58.90000000    24  4926
  4930  C     76.58000000   60.92000000   56.13000000     9  4915  4931  4932
  4931  O     75.77000000   60.13000000   55.66000000    11  4930
  4932  N     77.05000000   61.96000000   55.43000000     7  4930  4933  4934
  4933  HN    77.75000000   62.55000000   55.83000000    10  4932
  4934  CA    76.46000000   62.40000000   54.18000000     8  4932  4935  4936  4945
  4935  H     76.20000000   61.53000000   53.59000000    12  4934
  4936  C     75.17000000   63.22000000   54.47000000   153  4934  4937  4938  4939
  4937  H     74.67000000   63.49000000   53.51000000   154  4936
  4938  H     74.47000000   62.53000000   55.00000000   154  4936
  4939  C     75.37000000   64.49000000   55.34000000   155  4936  4940  4941  4942
  4940  H     75.98000000   64.26000000   56.23000000   156  4939
  4941  H     75.90000000   65.27000000   54.75000000   156  4939
  4942  C     74.07000000   65.10000000   55.84000000   157  4939  4943  4944
  4943  O     72.98000000   64.72000000   55.33000000   158  4942
  4944  O     74.11000000   65.96000000   56.77000000   158  4942
  4945  C     77.42000000   63.21000000   53.32000000     9  4934  4946  4947
  4946  O     77.01000000   63.82000000   52.33000000    11  4945
  4947  N     78.73000000   63.22000000   53.66000000     7  4945  4948  4949
  4948  HN    79.05000000   62.68000000   54.45000000    10  4947
  4949  CA    79.81000000   63.78000000   52.87000000     8  4947  4950  4951  4967
  4950  H     80.71000000   63.49000000   53.39000000    12  4949
  4951  C     79.95000000   63.14000000   51.46000000   182  4949  4952  4953  4954
  4952  H     79.02000000   63.35000000   50.87000000   183  4951
  4953  H     80.79000000   63.61000000   50.91000000   183  4951
  4954  C     80.21000000   61.61000000   51.45000000   184  4951  4955  4956  4957
  4955  H     79.35000000   61.10000000   51.92000000   185  4954
  4956  H     80.24000000   61.29000000   50.38000000   185  4954
  4957  C     81.53000000   61.18000000   52.12000000   186  4954  4958  4959  4960
  4958  H     82.35000000   61.82000000   51.71000000   187  4957
  4959  H     81.48000000   61.39000000   53.22000000   187  4957
  4960  C     81.93000000   59.71000000   51.90000000   188  4957  4961  4962  4963
  4961  H     82.03000000   59.51000000   50.81000000   189  4960
  4962  H     82.90000000   59.50000000   52.39000000   189  4960
  4963  N     80.92000000   58.78000000   52.45000000   190  4960  4964  4965  4966
  4964  HN    81.21000000   57.79000000   52.30000000   191  4963
  4965  HN    80.78000000   58.92000000   53.48000000   191  4963
  4966  HN    80.01000000   58.92000000   51.96000000   191  4963
  4967  C     79.88000000   65.30000000   52.88000000     9  4949  4968  4969
  4968  O     80.53000000   65.94000000   52.04000000    11  4967
  4969  N     79.23000000   65.93000000   53.88000000     7  4967  4970  4971
  4970  HN    78.75000000   65.38000000   54.56000000    10  4969
  4971  CA    79.10000000   67.36000000   54.03000000     8  4969  4972  4973  4989
  4972  H     79.13000000   67.81000000   53.05000000    12  4971
  4973  C     77.70000000   67.65000000   54.64000000   182  4971  4974  4975  4976
  4974  H     76.99000000   67.02000000   54.06000000   183  4973
  4975  H     77.64000000   67.32000000   55.70000000   183  4973
  4976  C     77.18000000   69.10000000   54.51000000   184  4973  4977  4978  4979
  4977  H     77.62000000   69.74000000   55.30000000   185  4976
  4978  H     77.48000000   69.49000000   53.52000000   185  4976
  4979  C     75.65000000   69.18000000   54.61000000   186  4976  4980  4981  4982
  4980  H     75.23000000   68.46000000   53.87000000   187  4979
  4981  H     75.32000000   68.86000000   55.62000000   187  4979
  4982  C     75.12000000   70.59000000   54.30000000   188  4979  4983  4984  4985
  4983  H     75.43000000   71.31000000   55.08000000   189  4982
  4984  H     75.51000000   70.93000000   53.32000000   189  4982
  4985  N     73.64000000   70.58000000   54.23000000   190  4982  4986  4987  4988
  4986  HN    73.27000000   71.47000000   53.84000000   191  4985
  4987  HN    73.33000000   69.79000000   53.61000000   191  4985
  4988  HN    73.22000000   70.43000000   55.18000000   191  4985
  4989  C     80.25000000   67.96000000   54.85000000     9  4971  4990  4991
  4990  O     81.17000000   67.27000000   55.29000000    11  4989
  4991  N     80.24000000   69.29000000   55.02000000     7  4989  4992  4993
  4992  HN    79.48000000   69.83000000   54.65000000    10  4991
  4993  CA    81.19000000   70.07000000   55.77000000     8  4991  4994  4995  5008
  4994  H     81.68000000   69.43000000   56.49000000    12  4993
  4995  C     82.26000000   70.75000000   54.90000000    25  4993  4996  4997  5001
  4996  H     82.89000000   71.42000000   55.53000000    26  4995
  4997  C     83.22000000   69.67000000   54.36000000    29  4995  4998  4999  5000
  4998  H     84.05000000   70.13000000   53.80000000    30  4997
  4999  H     83.65000000   69.08000000   55.20000000    30  4997
  5000  H     82.69000000   68.97000000   53.68000000    30  4997
  5001  C     81.69000000   71.60000000   53.73000000    27  4995  5002  5003  5004
  5002  H     82.31000000   71.41000000   52.83000000    28  5001
  5003  H     80.66000000   71.30000000   53.47000000    28  5001
  5004  C     81.73000000   73.10000000   54.02000000    31  5001  5005  5006  5007
  5005  H     81.33000000   73.67000000   53.16000000    32  5004
  5006  H     81.11000000   73.33000000   54.91000000    32  5004
  5007  H     82.77000000   73.44000000   54.22000000    32  5004
  5008  C     80.40000000   71.10000000   56.57000000     9  4993  5009  5010
  5009  O     79.21000000   71.30000000   56.34000000    11  5008
  5010  N     81.02000000   71.74000000   57.59000000     1  5008  5011  5012
  5011  HN    81.98000000   71.56000000   57.78000000     4  5010
  5012  CA    80.37000000   72.75000000   58.43000000     2  5010  5013  5014  5015
  5013  H     81.10000000   73.51000000   58.63000000     6  5012
  5014  H     79.49000000   73.14000000   57.94000000     6  5012
  5015  C     79.94000000   72.19000000   59.75000000     3  5012  5016  5017
  5016  O     79.13000000   72.80000000   60.46000000     5  5015
  5017  N     80.46000000   71.01000000   60.12000000     7  5015  5018  5019
  5018  HN    81.18000000   70.62000000   59.54000000    10  5017
  5019  CA    80.02000000   70.20000000   61.23000000     8  5017  5020  5021  5037
  5020  H     79.05000000   70.53000000   61.56000000    12  5019
  5021  C     79.93000000   68.72000000   60.76000000   182  5019  5022  5023  5024
  5022  H     80.94000000   68.40000000   60.40000000   183  5021
  5023  H     79.66000000   68.06000000   61.61000000   183  5021
  5024  C     78.92000000   68.44000000   59.63000000   184  5021  5025  5026  5027
  5025  H     79.15000000   69.05000000   58.73000000   185  5024
  5026  H     79.04000000   67.37000000   59.33000000   185  5024
  5027  C     77.45000000   68.67000000   60.06000000   186  5024  5028  5029  5030
  5028  H     77.35000000   68.30000000   61.10000000   187  5027
  5029  H     77.24000000   69.76000000   60.06000000   187  5027
  5030  C     76.43000000   67.93000000   59.17000000   188  5027  5031  5032  5033
  5031  H     76.47000000   68.29000000   58.12000000   189  5030
  5032  H     76.64000000   66.84000000   59.19000000   189  5030
  5033  N     75.07000000   68.14000000   59.69000000   190  5030  5034  5035  5036
  5034  HN    74.41000000   67.41000000   59.34000000   191  5033
  5035  HN    75.05000000   68.09000000   60.73000000   191  5033
  5036  HN    74.71000000   69.08000000   59.38000000   191  5033
  5037  C     80.95000000   70.28000000   62.45000000     9  5019  5038  5039
  5038  O     80.78000000   69.52000000   63.41000000    11  5037
  5039  N     81.95000000   71.19000000   62.45000000     7  5037  5040  5041
  5040  HN    82.08000000   71.80000000   61.66000000    10  5039
  5041  CA    82.92000000   71.33000000   63.53000000     8  5039  5042  5043  5048
  5042  H     82.78000000   70.56000000   64.27000000    12  5041
  5043  C     84.38000000   71.23000000   63.00000000    33  5041  5044  5045  5046
  5044  H     84.51000000   70.25000000   62.49000000    34  5043
  5045  H     84.57000000   72.03000000   62.25000000    34  5043
  5046  OH    85.36000000   71.35000000   64.04000000    35  5043  5047
  5047  HO    85.33000000   70.51000000   64.56000000    36  5046
  5048  C     82.78000000   72.67000000   64.23000000     9  5041  5049  5050
  5049  O     82.92000000   73.74000000   63.63000000    11  5048
  5050  N     82.53000000   72.65000000   65.55000000     7  5048  5051  5052
  5051  HN    82.45000000   71.78000000   66.04000000    10  5050
  5052  CA    82.57000000   73.83000000   66.40000000     8  5050  5053  5054  5067
  5053  H     81.97000000   74.60000000   65.91000000    12  5052
  5054  C     81.95000000   73.58000000   67.78000000    25  5052  5055  5056  5060
  5055  H     82.54000000   72.80000000   68.30000000    26  5054
  5056  C     82.00000000   74.89000000   68.61000000    29  5054  5057  5058  5059
  5057  H     81.45000000   74.77000000   69.56000000    30  5056
  5058  H     83.05000000   75.17000000   68.86000000    30  5056
  5059  H     81.53000000   75.72000000   68.05000000    30  5056
  5060  C     80.49000000   73.07000000   67.65000000    27  5054  5061  5062  5063
  5061  H     79.84000000   73.91000000   67.33000000    28  5060
  5062  H     80.42000000   72.29000000   66.87000000    28  5060
  5063  C     79.95000000   72.46000000   68.95000000    31  5060  5064  5065  5066
  5064  H     78.92000000   72.08000000   68.80000000    32  5063
  5065  H     80.59000000   71.62000000   69.29000000    32  5063
  5066  H     79.92000000   73.22000000   69.76000000    32  5063
  5067  C     83.98000000   74.40000000   66.50000000     9  5052  5068  5069
  5068  O     84.20000000   75.61000000   66.45000000    11  5067
  5069  N     85.00000000   73.52000000   66.59000000     7  5067  5070  5071
  5070  HN    84.78000000   72.54000000   66.65000000    10  5069
  5071  CA    86.41000000   73.87000000   66.65000000     8  5069  5072  5073  5086
  5072  H     86.54000000   74.51000000   67.51000000    12  5071
  5073  C     87.27000000   72.59000000   66.83000000    19  5071  5074  5075  5076
  5074  H     86.89000000   72.05000000   67.72000000    20  5073
  5075  H     87.11000000   71.93000000   65.96000000    20  5073
  5076  C     88.78000000   72.82000000   67.03000000    21  5073  5077  5078  5082
  5077  H     89.17000000   73.44000000   66.19000000    22  5076
  5078  C     89.07000000   73.56000000   68.34000000    23  5076  5079  5080  5081
  5079  H     90.16000000   73.71000000   68.47000000    24  5078
  5080  H     88.58000000   74.55000000   68.35000000    24  5078
  5081  H     88.69000000   72.96000000   69.20000000    24  5078
  5082  C     89.54000000   71.49000000   66.99000000    23  5076  5083  5084  5085
  5083  H     90.63000000   71.66000000   67.02000000    24  5082
  5084  H     89.26000000   70.85000000   67.85000000    24  5082
  5085  H     89.30000000   70.93000000   66.06000000    24  5082
  5086  C     86.88000000   74.67000000   65.43000000     9  5071  5087  5088
  5087  O     87.59000000   75.67000000   65.55000000    11  5086
  5088  N     86.42000000   74.30000000   64.22000000     1  5086  5089  5090
  5089  HN    85.89000000   73.44000000   64.15000000     4  5088
  5090  CA    86.61000000   75.09000000   63.00000000     2  5088  5091  5092  5093
  5091  H     87.67000000   75.17000000   62.81000000     6  5090
  5092  H     86.07000000   74.59000000   62.20000000     6  5090
  5093  C     86.06000000   76.49000000   63.09000000     3  5090  5094  5095
  5094  O     86.72000000   77.47000000   62.74000000     5  5093
  5095  N     84.83000000   76.63000000   63.62000000     7  5093  5096  5097
  5096  HN    84.31000000   75.81000000   63.86000000    10  5095
  5097  CA    84.19000000   77.90000000   63.92000000     8  5095  5098  5099  5115
  5098  H     84.20000000   78.47000000   63.00000000    12  5097
  5099  C     82.70000000   77.69000000   64.29000000   182  5097  5100  5101  5102
  5100  H     82.61000000   76.96000000   65.12000000   183  5099
  5101  H     82.24000000   78.65000000   64.61000000   183  5099
  5102  C     81.92000000   77.17000000   63.07000000   184  5099  5103  5104  5105
  5103  H     82.03000000   77.94000000   62.26000000   185  5102
  5104  H     82.39000000   76.23000000   62.71000000   185  5102
  5105  C     80.42000000   76.91000000   63.28000000   186  5102  5106  5107  5108
  5106  H     80.28000000   75.95000000   63.83000000   187  5105
  5107  H     80.00000000   77.72000000   63.91000000   187  5105
  5108  C     79.63000000   76.89000000   61.96000000   188  5105  5109  5110  5111
  5109  H     78.56000000   76.71000000   62.14000000   189  5108
  5110  H     79.75000000   77.87000000   61.44000000   189  5108
  5111  N     80.11000000   75.84000000   61.03000000   190  5108  5112  5113  5114
  5112  HN    79.74000000   76.05000000   60.07000000   191  5111
  5113  HN    81.16000000   75.87000000   60.92000000   191  5111
  5114  HN    79.82000000   74.89000000   61.31000000   191  5111
  5115  C     84.92000000   78.76000000   64.93000000     9  5097  5116  5117
  5116  O     85.04000000   79.98000000   64.76000000    11  5115
  5117  N     85.47000000   78.16000000   66.01000000     7  5115  5118  5119
  5118  HN    85.28000000   77.18000000   66.16000000    10  5117
  5119  CA    86.37000000   78.81000000   66.96000000     8  5117  5120  5121  5131
  5120  H     85.86000000   79.68000000   67.35000000    12  5119
  5121  C     86.70000000   77.89000000   68.14000000    15  5119  5122  5123  5127
  5122  H     87.14000000   76.93000000   67.77000000    16  5121
  5123  C     87.69000000   78.56000000   69.11000000    17  5121  5124  5125  5126
  5124  H     87.83000000   77.93000000   70.01000000    18  5123
  5125  H     88.69000000   78.71000000   68.65000000    18  5123
  5126  H     87.29000000   79.54000000   69.43000000    18  5123
  5127  C     85.40000000   77.57000000   68.91000000    17  5121  5128  5129  5130
  5128  H     85.63000000   76.92000000   69.79000000    18  5127
  5129  H     84.94000000   78.51000000   69.28000000    18  5127
  5130  H     84.66000000   77.05000000   68.28000000    18  5127
  5131  C     87.65000000   79.32000000   66.31000000     9  5119  5132  5133
  5132  O     88.04000000   80.48000000   66.50000000    11  5131
  5133  N     88.31000000   78.52000000   65.45000000     7  5131  5134  5135
  5134  HN    88.02000000   77.56000000   65.34000000    10  5133
  5135  CA    89.46000000   78.97000000   64.67000000     8  5133  5136  5137  5148
  5136  H     90.19000000   79.35000000   65.36000000    12  5135
  5137  C     90.10000000   77.84000000   63.84000000   117  5135  5138  5139  5142
  5138  H     89.31000000   77.30000000   63.27000000   118  5137
  5139  H     90.83000000   78.24000000   63.11000000   118  5137
  5140  N     91.95000000   77.15000000   65.46000000   120  5141  5142  5143
  5141  HN    92.22000000   78.06000000   65.77000000   121  5140
  5142  C     90.85000000   76.85000000   64.67000000   119  5137  5140  5146
  5143  C     92.39000000   75.98000000   65.99000000   124  5140  5144  5145
  5144  H     93.22000000   75.89000000   66.69000000   125  5143
  5145  N     91.65000000   74.96000000   65.59000000   126  5143  5146
  5146  C     90.68000000   75.50000000   64.77000000   122  5142  5145  5147
  5147  H     89.93000000   74.87000000   64.31000000   123  5146
  5148  C     89.15000000   80.12000000   63.72000000     9  5135  5149  5150
  5149  O     89.91000000   81.08000000   63.63000000    11  5148
  5150  N     88.00000000   80.07000000   63.03000000     7  5148  5151  5152
  5151  HN    87.43000000   79.24000000   63.08000000    10  5150
  5152  CA    87.50000000   81.12000000   62.16000000     8  5150  5153  5154  5167
  5153  H     88.25000000   81.30000000   61.41000000    12  5152
  5154  C     86.21000000   80.61000000   61.47000000    19  5152  5155  5156  5157
  5155  H     86.46000000   79.65000000   60.96000000    20  5154
  5156  H     85.45000000   80.37000000   62.25000000    20  5154
  5157  C     85.57000000   81.54000000   60.43000000    21  5154  5158  5159  5163
  5158  H     85.21000000   82.46000000   60.94000000    22  5157
  5159  C     86.56000000   81.95000000   59.33000000    23  5157  5160  5161  5162
  5160  H     86.03000000   82.57000000   58.56000000    24  5159
  5161  H     87.39000000   82.55000000   59.74000000    24  5159
  5162  H     86.97000000   81.05000000   58.83000000    24  5159
  5163  C     84.36000000   80.83000000   59.81000000    23  5157  5164  5165  5166
  5164  H     83.88000000   81.47000000   59.03000000    24  5163
  5165  H     84.67000000   79.88000000   59.33000000    24  5163
  5166  H     83.60000000   80.59000000   60.58000000    24  5163
  5167  C     87.27000000   82.44000000   62.89000000     9  5152  5168  5169
  5168  O     87.61000000   83.52000000   62.40000000    11  5167
  5169  N     86.74000000   82.39000000   64.12000000     7  5167  5170  5171
  5170  HN    86.44000000   81.50000000   64.49000000    10  5169
  5171  CA    86.58000000   83.53000000   65.00000000     8  5169  5172  5173  5177
  5172  H     85.97000000   84.25000000   64.47000000    12  5171
  5173  C     85.86000000   83.11000000   66.29000000    13  5171  5174  5175  5176
  5174  H     85.69000000   83.99000000   66.95000000    14  5173
  5175  H     84.88000000   82.66000000   66.06000000    14  5173
  5176  H     86.45000000   82.36000000   66.85000000    14  5173
  5177  C     87.90000000   84.24000000   65.33000000     9  5171  5178  5179
  5178  O     87.96000000   85.47000000   65.37000000    11  5177
  5179  N     89.00000000   83.48000000   65.53000000     7  5177  5180  5181
  5180  HN    88.91000000   82.48000000   65.53000000    10  5179
  5181  CA    90.34000000   84.02000000   65.68000000     8  5179  5182  5183  5194
  5182  H     90.33000000   84.69000000   66.52000000    12  5181
  5183  C     91.42000000   82.93000000   65.91000000   175  5181  5184  5185  5186
  5184  H     91.49000000   82.27000000   65.01000000   176  5183
  5185  H     92.41000000   83.43000000   66.03000000   176  5183
  5186  C     91.20000000   82.04000000   67.13000000   177  5183  5187  5188  5189
  5187  H     91.17000000   82.65000000   68.06000000   178  5186
  5188  H     90.22000000   81.52000000   67.05000000   178  5186
  5189  S     92.50000000   80.79000000   67.26000000   179  5186  5190
  5190  C     93.73000000   81.89000000   68.02000000   180  5189  5191  5192  5193
  5191  H     94.65000000   81.33000000   68.31000000   181  5190
  5192  H     94.05000000   82.71000000   67.34000000   181  5190
  5193  H     93.33000000   82.35000000   68.95000000   181  5190
  5194  C     90.84000000   84.81000000   64.47000000     9  5181  5195  5196
  5195  O     91.54000000   85.81000000   64.62000000    11  5194
  5196  N     90.53000000   84.34000000   63.24000000     7  5194  5197  5198
  5197  HN    89.98000000   83.52000000   63.14000000    10  5196
  5198  CA    90.91000000   85.03000000   62.01000000     8  5196  5199  5200  5210
  5199  H     91.98000000   85.15000000   61.99000000    12  5198
  5200  C     90.48000000   84.23000000   60.78000000    15  5198  5201  5202  5206
  5201  H     89.37000000   84.14000000   60.72000000    16  5200
  5202  C     90.97000000   84.93000000   59.49000000    17  5200  5203  5204  5205
  5203  H     90.72000000   84.32000000   58.60000000    18  5202
  5204  H     90.50000000   85.93000000   59.35000000    18  5202
  5205  H     92.07000000   85.04000000   59.52000000    18  5202
  5206  C     91.06000000   82.81000000   60.87000000    17  5200  5207  5208  5209
  5207  H     90.87000000   82.26000000   59.93000000    18  5206
  5208  H     92.16000000   82.85000000   61.03000000    18  5206
  5209  H     90.60000000   82.23000000   61.69000000    18  5206
  5210  C     90.29000000   86.41000000   61.94000000     9  5198  5211  5212
  5211  O     90.97000000   87.42000000   61.77000000    11  5210
  5212  N     88.96000000   86.47000000   62.19000000     7  5210  5213  5214
  5213  HN    88.46000000   85.61000000   62.32000000    10  5212
  5214  CA    88.18000000   87.68000000   62.28000000     8  5212  5215  5216  5234
  5215  H     88.34000000   88.23000000   61.36000000    12  5214
  5216  C     86.67000000   87.31000000   62.33000000   202  5214  5217  5218  5219
  5217  H     86.50000000   86.62000000   63.19000000   203  5216
  5218  H     86.06000000   88.22000000   62.50000000   203  5216
  5219  C     86.16000000   86.62000000   61.03000000   204  5216  5220  5221  5222
  5220  H     86.26000000   87.36000000   60.20000000   205  5219
  5221  H     86.81000000   85.75000000   60.79000000   205  5219
  5222  C     84.71000000   86.12000000   61.10000000   206  5219  5223  5224  5225
  5223  H     84.62000000   85.35000000   61.90000000   207  5222
  5224  H     84.00000000   86.95000000   61.31000000   207  5222
  5225  N     84.37000000   85.52000000   59.76000000   208  5222  5226  5227
  5226  HN    84.72000000   85.95000000   58.93000000   209  5225
  5227  C     83.52000000   84.52000000   59.57000000   210  5225  5228  5231
  5228  N     82.81000000   83.97000000   60.52000000   211  5227  5229  5230
  5229  HN    82.54000000   84.56000000   61.29000000   212  5228
  5230  HN    82.12000000   83.32000000   60.18000000   212  5228
  5231  N     83.30000000   84.04000000   58.37000000   211  5227  5232  5233
  5232  HN    83.62000000   84.56000000   57.56000000   212  5231
  5233  HN    82.54000000   83.39000000   58.28000000   212  5231
  5234  C     88.63000000   88.62000000   63.41000000     9  5214  5235  5236
  5235  O     88.72000000   89.83000000   63.24000000    11  5234
  5236  N     88.97000000   88.09000000   64.60000000     7  5234  5237  5238
  5237  HN    88.80000000   87.12000000   64.79000000    10  5236
  5238  CA    89.65000000   88.85000000   65.65000000     8  5236  5239  5240  5255
  5239  H     89.09000000   89.77000000   65.74000000    12  5238
  5240  C     89.66000000   88.11000000   67.01000000    70  5238  5241  5242  5243
  5241  H     89.89000000   87.03000000   66.84000000    71  5240
  5242  H     90.43000000   88.53000000   67.70000000    71  5240
  5243  C     88.35000000   88.24000000   67.74000000    72  5240  5244  5251
  5244  C     87.76000000   89.50000000   67.91000000    73  5243  5245  5246
  5245  H     88.20000000   90.38000000   67.47000000    74  5244
  5246  C     86.62000000   89.66000000   68.70000000    75  5244  5247  5248
  5247  H     86.19000000   90.65000000   68.83000000    76  5246
  5248  C     86.06000000   88.56000000   69.35000000    77  5246  5249  5253
  5249  OH    84.94000000   88.81000000   70.16000000    78  5248  5250
  5250  HO    84.48000000   87.98000000   70.35000000    79  5249
  5251  C     87.78000000   87.13000000   68.39000000    73  5243  5252  5253
  5252  H     88.24000000   86.16000000   68.30000000    74  5251
  5253  C     86.63000000   87.29000000   69.19000000    75  5248  5251  5254
  5254  H     86.23000000   86.44000000   69.71000000    76  5253
  5255  C     91.05000000   89.38000000   65.33000000     9  5238  5256  5257
  5256  O     91.39000000   90.52000000   65.67000000    11  5255
  5257  N     91.92000000   88.58000000   64.67000000     7  5255  5258  5259
  5258  HN    91.67000000   87.63000000   64.46000000    10  5257
  5259  CA    93.19000000   89.08000000   64.15000000     8  5257  5260  5261  5273
  5260  H     93.73000000   89.50000000   64.99000000    12  5259
  5261  C     94.13000000   87.97000000   63.58000000   106  5259  5262  5263  5266
  5262  H     93.52000000   87.27000000   62.97000000   107  5261
  5263  H     94.89000000   88.42000000   62.91000000   107  5261
  5264  C     94.93000000   85.88000000   64.91000000   111  5265  5266  5267
  5265  H     94.29000000   85.09000000   64.52000000   112  5264
  5266  C     94.92000000   87.20000000   64.62000000   108  5261  5264  5269
  5267  N     95.94000000   85.68000000   65.81000000   115  5264  5268  5271
  5268  HN    96.22000000   84.77000000   66.22000000   116  5267
  5269  N     95.92000000   87.77000000   65.36000000   109  5266  5270  5271
  5270  HN    96.24000000   88.74000000   65.36000000   110  5269
  5271  C     96.53000000   86.83000000   66.07000000   113  5267  5269  5272
  5272  H     97.39000000   86.98000000   66.71000000   114  5271
  5273  C     93.04000000   90.21000000   63.15000000     9  5259  5274  5275
  5274  O     93.67000000   91.25000000   63.28000000    11  5273
  5275  N     92.12000000   90.05000000   62.18000000     7  5273  5276  5277
  5276  HN    91.63000000   89.18000000   62.08000000    10  5275
  5277  CA    91.75000000   91.05000000   61.20000000     8  5275  5278  5279  5288
  5278  H     92.64000000   91.37000000   60.68000000    12  5277
  5279  C     90.78000000   90.41000000   60.18000000   153  5277  5280  5281  5282
  5280  H     91.22000000   89.44000000   59.86000000   154  5279
  5281  H     89.81000000   90.17000000   60.68000000   154  5279
  5282  C     90.54000000   91.28000000   58.93000000   155  5279  5283  5284  5285
  5283  H     90.13000000   92.27000000   59.22000000   156  5282
  5284  H     91.52000000   91.45000000   58.42000000   156  5282
  5285  C     89.59000000   90.68000000   57.92000000   157  5282  5286  5287
  5286  O     88.91000000   89.66000000   58.21000000   158  5285
  5287  O     89.48000000   91.28000000   56.82000000   158  5285
  5288  C     91.11000000   92.31000000   61.79000000     9  5277  5289  5290
  5289  O     91.36000000   93.44000000   61.36000000    11  5288
  5290  N     90.26000000   92.16000000   62.82000000     1  5288  5291  5292
  5291  HN    90.00000000   91.22000000   63.07000000     4  5290
  5292  CA    89.53000000   93.25000000   63.46000000     2  5290  5293  5294  5295
  5293  H     89.21000000   93.95000000   62.71000000     6  5292
  5294  H     88.69000000   92.80000000   63.97000000     6  5292
  5295  C     90.29000000   94.02000000   64.50000000     3  5292  5296  5297
  5296  O     89.72000000   94.86000000   65.19000000     5  5295
  5297  N     91.60000000   93.74000000   64.67000000     1  5295  5298  5299
  5298  HN    92.01000000   93.07000000   64.05000000     4  5297
  5299  CA    92.49000000   94.51000000   65.54000000     2  5297  5300  5301  5302
  5300  H     93.50000000   94.25000000   65.27000000     6  5299
  5301  H     92.30000000   95.56000000   65.39000000     6  5299
  5302  C     92.35000000   94.24000000   67.03000000     3  5299  5303  5304
  5303  O     92.82000000   95.03000000   67.85000000     5  5302
  5304  N     91.73000000   93.11000000   67.42000000     7  5302  5305  5306
  5305  HN    91.37000000   92.49000000   66.73000000    10  5304
  5306  CA    91.47000000   92.77000000   68.81000000     8  5304  5307  5308  5326
  5307  H     91.25000000   93.69000000   69.35000000    12  5306
  5308  C     90.24000000   91.84000000   68.88000000   202  5306  5309  5310  5311
  5309  H     89.40000000   92.36000000   68.36000000   203  5308
  5310  H     90.46000000   90.92000000   68.30000000   203  5308
  5311  C     89.76000000   91.43000000   70.29000000   204  5308  5312  5313  5314
  5312  H     88.84000000   90.81000000   70.16000000   205  5311
  5313  H     90.52000000   90.78000000   70.77000000   205  5311
  5314  C     89.45000000   92.62000000   71.21000000   206  5311  5315  5316  5317
  5315  H     90.39000000   93.13000000   71.51000000   207  5314
  5316  H     88.80000000   93.37000000   70.69000000   207  5314
  5317  N     88.77000000   92.09000000   72.44000000   208  5314  5318  5319
  5318  HN    89.35000000   91.67000000   73.13000000   209  5317
  5319  C     87.48000000   91.78000000   72.48000000   210  5317  5320  5323
  5320  N     86.61000000   92.16000000   71.58000000   211  5319  5321  5322
  5321  HN    86.81000000   92.97000000   71.03000000   212  5320
  5322  HN    85.65000000   91.83000000   71.64000000   212  5320
  5323  N     87.02000000   91.07000000   73.50000000   211  5319  5324  5325
  5324  HN    87.62000000   90.91000000   74.27000000   212  5323
  5325  HN    86.04000000   90.99000000   73.57000000   212  5323
  5326  C     92.65000000   92.12000000   69.53000000     9  5306  5327  5328
  5327  O     92.74000000   92.16000000   70.76000000    11  5326
  5328  N     93.62000000   91.55000000   68.79000000     7  5326  5329  5330
  5329  HN    93.58000000   91.60000000   67.79000000    10  5328
  5330  CA    94.76000000   90.82000000   69.33000000     8  5328  5331  5332  5346
  5331  H     94.68000000   90.73000000   70.40000000    12  5330
  5332  C     94.89000000   89.41000000   68.67000000    61  5330  5333  5334  5335
  5333  H     94.95000000   89.52000000   67.57000000    62  5332
  5334  H     95.81000000   88.91000000   69.03000000    62  5332
  5335  C     93.76000000   88.47000000   69.01000000    63  5332  5336  5342
  5336  C     93.25000000   88.36000000   70.32000000    64  5335  5337  5338
  5337  H     93.62000000   89.01000000   71.10000000    65  5336
  5338  C     92.30000000   87.38000000   70.64000000    66  5336  5339  5340
  5339  H     91.95000000   87.30000000   71.66000000    67  5338
  5340  C     91.85000000   86.49000000   69.67000000    68  5338  5341  5344
  5341  H     91.15000000   85.71000000   69.93000000    69  5340
  5342  C     93.29000000   87.56000000   68.04000000    64  5335  5343  5344
  5343  H     93.70000000   87.60000000   67.04000000    65  5342
  5344  C     92.36000000   86.57000000   68.36000000    66  5340  5342  5345
  5345  H     92.04000000   85.86000000   67.61000000    67  5344
  5346  C     96.04000000   91.61000000   69.07000000     9  5330  5347  5348
  5347  O     97.14000000   91.07000000   69.00000000    11  5346
  5348  N     95.91000000   92.93000000   68.90000000     7  5346  5349  5350
  5349  HN    95.03000000   93.36000000   69.03000000    10  5348
  5350  CA    96.99000000   93.80000000   68.46000000     8  5348  5351  5352  5357
  5351  H     97.87000000   93.22000000   68.23000000    12  5350
  5352  C     96.53000000   94.56000000   67.18000000    43  5350  5353  5354  5355
  5353  H     96.13000000   93.80000000   66.47000000    44  5352
  5354  H     95.69000000   95.24000000   67.44000000    44  5352
  5355  SH    97.86000000   95.49000000   66.35000000    45  5352  5356
  5356  HS    97.13000000   95.97000000   65.35000000    46  5355
  5357  C     97.34000000   94.78000000   69.57000000     9  5350  5358  5359
  5358  O     96.46000000   95.30000000   70.26000000    11  5357
  5359  N     98.65000000   95.05000000   69.79000000     7  5357  5360  5361
  5360  HN    99.35000000   94.60000000   69.24000000    10  5359
  5361  CA    99.12000000   96.10000000   70.68000000     8  5359  5362  5363  5372
  5362  H     98.55000000   96.02000000   71.59000000    12  5361
  5363  C    100.62000000   95.93000000   71.05000000   153  5361  5364  5365  5366
  5364  H    101.21000000   95.65000000   70.16000000   154  5363
  5365  H    101.03000000   96.91000000   71.39000000   154  5363
  5366  C    100.86000000   94.89000000   72.18000000   155  5363  5367  5368  5369
  5367  H     99.91000000   94.66000000   72.70000000   156  5366
  5368  H    101.25000000   93.94000000   71.76000000   156  5366
  5369  C    101.84000000   95.41000000   73.21000000   157  5366  5370  5371
  5370  O    103.06000000   95.50000000   72.91000000   158  5369
  5371  O    101.38000000   95.82000000   74.31000000   158  5369
  5372  C     98.85000000   97.50000000   70.14000000     9  5361  5373  5374
  5373  O     98.56000000   97.70000000   68.97000000    11  5372
  5374  N     98.93000000   98.53000000   71.01000000     7  5372  5375  5376
  5375  HN    99.22000000   98.37000000   71.96000000    10  5374
  5376  CA    98.58000000   99.91000000   70.66000000     8  5374  5377  5378  5394
  5377  H     97.55000000   99.90000000   70.35000000    12  5376
  5378  C     98.71000000  100.84000000   71.90000000   182  5376  5379  5380  5381
  5379  H     99.76000000  100.81000000   72.25000000   183  5378
  5380  H     98.48000000  101.88000000   71.59000000   183  5378
  5381  C     97.76000000  100.47000000   73.05000000   184  5378  5382  5383  5384
  5382  H     96.72000000  100.43000000   72.65000000   185  5381
  5383  H     98.00000000   99.45000000   73.43000000   185  5381
  5384  C     97.80000000  101.48000000   74.22000000   186  5381  5385  5386  5387
  5385  H     97.45000000  102.46000000   73.83000000   187  5384
  5386  H     97.06000000  101.15000000   74.99000000   187  5384
  5387  C     99.17000000  101.69000000   74.89000000   188  5384  5388  5389  5390
  5388  H     99.90000000  102.09000000   74.17000000   189  5387
  5389  H     99.07000000  102.42000000   75.72000000   189  5387
  5390  N     99.70000000  100.44000000   75.45000000   190  5387  5391  5392  5393
  5391  HN   100.54000000  100.66000000   76.05000000   191  5390
  5392  HN    98.98000000   99.94000000   76.03000000   191  5390
  5393  HN   100.00000000   99.79000000   74.69000000   191  5390
  5394  C     99.37000000  100.51000000   69.50000000     9  5376  5395  5396
  5395  O     98.82000000  101.20000000   68.65000000    11  5394
  5396  N    100.69000000  100.23000000   69.43000000     1  5394  5397  5398
  5397  HN   101.12000000   99.67000000   70.14000000     4  5396
  5398  CA   101.59000000  100.73000000   68.40000000     2  5396  5399  5400  5401
  5399  H    101.09000000  101.47000000   67.79000000     6  5398
  5400  H    102.46000000  101.14000000   68.89000000     6  5398
  5401  C    102.09000000   99.66000000   67.48000000     3  5398  5402  5403
  5402  O    103.13000000   99.83000000   66.85000000     5  5401
  5403  N    101.37000000   98.53000000   67.36000000     7  5401  5404  5405
  5404  HN   100.49000000   98.44000000   67.82000000    10  5403
  5405  CA   101.78000000   97.42000000   66.52000000     8  5403  5406  5407  5416
  5406  H    102.77000000   97.60000000   66.14000000    12  5405
  5407  C    101.81000000   96.11000000   67.36000000   153  5405  5408  5409  5410
  5408  H    102.41000000   96.34000000   68.27000000   154  5407
  5409  H    100.78000000   95.85000000   67.69000000   154  5407
  5410  C    102.46000000   94.88000000   66.67000000   155  5407  5411  5412  5413
  5411  H    102.66000000   94.08000000   67.40000000   156  5410
  5412  H    101.76000000   94.46000000   65.92000000   156  5410
  5413  C    103.76000000   95.24000000   65.97000000   157  5410  5414  5415
  5414  O    103.81000000   95.19000000   64.71000000   158  5413
  5415  O    104.72000000   95.64000000   66.68000000   158  5413
  5416  C    100.86000000   97.30000000   65.31000000     9  5405  5417  5418
  5417  O     99.79000000   97.92000000   65.25000000    11  5416
  5418  N    101.28000000   96.54000000   64.28000000     7  5416  5419  5420
  5419  HN   102.17000000   96.06000000   64.34000000    10  5418
  5420  CA   100.48000000   96.20000000   63.11000000     8  5418  5421  5422  5431
  5421  H     99.66000000   96.90000000   63.02000000    12  5420
  5422  C    101.35000000   96.26000000   61.83000000   153  5420  5423  5424  5425
  5423  H    101.94000000   97.20000000   61.85000000   154  5422
  5424  H    102.09000000   95.43000000   61.87000000   154  5422
  5425  C    100.57000000   96.18000000   60.50000000   155  5422  5426  5427  5428
  5426  H    101.27000000   95.91000000   59.68000000   156  5425
  5427  H     99.79000000   95.39000000   60.53000000   156  5425
  5428  C     99.92000000   97.50000000   60.11000000   157  5425  5429  5430
  5429  O    100.64000000   98.37000000   59.53000000   158  5428
  5430  O     98.69000000   97.67000000   60.32000000   158  5428
  5431  C     99.90000000   94.80000000   63.32000000     9  5420  5432  5433
  5432  O    100.51000000   93.93000000   63.94000000    11  5431
  5433  N     98.66000000   94.54000000   62.87000000     7  5431  5434  5435
  5434  HN    98.17000000   95.23000000   62.33000000    10  5433
  5435  CA    97.95000000   93.30000000   63.12000000     8  5433  5436  5437  5455
  5436  H     97.96000000   93.17000000   64.20000000    12  5435
  5437  C     96.46000000   93.40000000   62.72000000    89  5435  5438  5439  5440
  5438  H     95.91000000   92.54000000   63.14000000    90  5437
  5439  H     96.05000000   94.31000000   63.22000000    90  5437
  5440  C     96.16000000   93.50000000   61.26000000    91  5437  5441  5446
  5441  C     96.17000000   94.63000000   60.47000000    92  5440  5442  5443
  5442  H     96.52000000   95.61000000   60.79000000    93  5441
  5443  N     95.70000000   94.32000000   59.22000000    95  5441  5444  5445
  5444  HN    95.75000000   94.89000000   58.41000000    96  5443
  5445  C     95.37000000   93.00000000   59.17000000    97  5443  5446  5451
  5446  C     95.67000000   92.43000000   60.43000000    94  5440  5445  5447
  5447  C     95.46000000   91.07000000   60.63000000    98  5446  5448  5449
  5448  H     95.72000000   90.60000000   61.57000000    99  5447
  5449  C     94.87000000   90.32000000   59.61000000   102  5447  5450  5453
  5450  H     94.67000000   89.27000000   59.76000000   103  5449
  5451  C     94.79000000   92.26000000   58.15000000   100  5445  5452  5453
  5452  H     94.52000000   92.72000000   57.22000000   101  5451
  5453  C     94.52000000   90.91000000   58.40000000   104  5449  5451  5454
  5454  H     94.02000000   90.34000000   57.64000000   105  5453
  5455  C     98.61000000   92.03000000   62.56000000     9  5435  5456  5457
  5456  O     99.27000000   92.03000000   61.52000000    11  5455
  5457  N     98.47000000   90.88000000   63.26000000     7  5455  5458  5459
  5458  HN    97.97000000   90.87000000   64.13000000    10  5457
  5459  CA    99.12000000   89.64000000   62.90000000     8  5457  5460  5461  5467
  5460  H    100.09000000   89.87000000   62.49000000    12  5459
  5461  C     99.34000000   88.81000000   64.20000000   137  5459  5462  5463  5464
  5462  H     99.89000000   89.44000000   64.93000000   138  5461
  5463  H     98.37000000   88.54000000   64.63000000   138  5461
  5464  C    100.13000000   87.53000000   64.02000000   139  5461  5465  5466
  5465  O    100.65000000   87.25000000   62.92000000   140  5464
  5466  O    100.25000000   86.80000000   65.04000000   140  5464
  5467  C     98.36000000   88.88000000   61.80000000     9  5459  5468  5469
  5468  O     97.47000000   88.06000000   62.05000000    11  5467
  5469  N     98.71000000   89.20000000   60.54000000     7  5467  5470  5471
  5470  HN    99.38000000   89.92000000   60.40000000    10  5469
  5471  CA    98.23000000   88.56000000   59.33000000     8  5469  5472  5473  5484
  5472  H     97.15000000   88.63000000   59.32000000    12  5471
  5473  C     98.81000000   89.31000000   58.11000000   167  5471  5474  5475  5476
  5474  H     99.92000000   89.22000000   58.12000000   168  5473
  5475  H     98.44000000   88.82000000   57.18000000   168  5473
  5476  C     98.45000000   90.82000000   58.06000000   169  5473  5477  5478  5479
  5477  H     97.36000000   90.94000000   58.22000000   170  5476
  5478  H     98.99000000   91.39000000   58.85000000   170  5476
  5479  C     98.83000000   91.42000000   56.70000000   171  5476  5480  5481
  5480  O     99.76000000   90.95000000   56.04000000   172  5479
  5481  N     98.07000000   92.43000000   56.23000000   173  5479  5482  5483
  5482  HN    97.45000000   92.90000000   56.86000000   174  5481
  5483  HN    98.31000000   92.83000000   55.35000000   174  5481
  5484  C     98.59000000   87.09000000   59.22000000     9  5471  5485  5486
  5485  O     97.76000000   86.24000000   58.90000000    11  5484
  5486  N     99.85000000   86.74000000   59.52000000     7  5484  5487  5488
  5487  HN   100.54000000   87.45000000   59.73000000    10  5486
  5488  CA   100.41000000   85.41000000   59.43000000     8  5486  5489  5490  5499
  5489  H    100.30000000   85.07000000   58.41000000    12  5488
  5490  C    101.92000000   85.47000000   59.78000000   153  5488  5491  5492  5493
  5491  H    102.06000000   85.95000000   60.77000000   154  5490
  5492  H    102.30000000   84.42000000   59.84000000   154  5490
  5493  C    102.82000000   86.18000000   58.72000000   155  5490  5494  5495  5496
  5494  H    103.86000000   85.83000000   58.86000000   156  5493
  5495  H    102.50000000   85.89000000   57.69000000   156  5493
  5496  C    102.87000000   87.71000000   58.78000000   157  5493  5497  5498
  5497  O    102.06000000   88.36000000   59.48000000   158  5496
  5498  O    103.75000000   88.28000000   58.07000000   158  5496
  5499  C     99.71000000   84.39000000   60.32000000     9  5488  5500  5501
  5500  O     99.38000000   83.28000000   59.88000000    11  5499
  5501  N     99.41000000   84.74000000   61.58000000     7  5499  5502  5503
  5502  HN    99.77000000   85.61000000   61.96000000    10  5501
  5503  CA    98.66000000   83.86000000   62.48000000     8  5501  5504  5505  5510
  5504  H     99.08000000   82.87000000   62.40000000    12  5503
  5505  C     98.73000000   84.30000000   63.95000000    33  5503  5506  5507  5508
  5506  H     98.30000000   85.32000000   64.07000000    34  5505
  5507  H     98.17000000   83.59000000   64.61000000    34  5505
  5508  OH   100.09000000   84.33000000   64.39000000    35  5505  5509
  5509  HO   100.27000000   85.29000000   64.58000000    36  5508
  5510  C     97.19000000   83.76000000   62.13000000     9  5503  5511  5512
  5511  O     96.53000000   82.76000000   62.40000000    11  5510
  5512  N     96.63000000   84.81000000   61.48000000     7  5510  5513  5514
  5513  HN    97.17000000   85.62000000   61.28000000    10  5512
  5514  CA    95.30000000   84.76000000   60.92000000     8  5512  5515  5516  5520
  5515  H     94.62000000   84.44000000   61.70000000    12  5514
  5516  C     94.88000000   86.16000000   60.43000000    13  5514  5517  5518  5519
  5517  H     93.79000000   86.20000000   60.24000000    14  5516
  5518  H     95.13000000   86.92000000   61.20000000    14  5516
  5519  H     95.40000000   86.44000000   59.50000000    14  5516
  5520  C     95.16000000   83.73000000   59.79000000     9  5514  5521  5522
  5521  O     94.26000000   82.90000000   59.80000000    11  5520
  5522  N     96.12000000   83.71000000   58.84000000     7  5520  5523  5524
  5523  HN    96.84000000   84.42000000   58.84000000    10  5522
  5524  CA    96.18000000   82.74000000   57.75000000     8  5522  5525  5526  5536
  5525  H     95.24000000   82.79000000   57.21000000    12  5524
  5526  C     97.30000000   83.08000000   56.76000000    15  5524  5527  5528  5532
  5527  H     98.26000000   83.21000000   57.32000000    16  5526
  5528  C     97.49000000   81.98000000   55.69000000    17  5526  5529  5530  5531
  5529  H     98.23000000   82.32000000   54.93000000    18  5528
  5530  H     97.88000000   81.04000000   56.13000000    18  5528
  5531  H     96.54000000   81.77000000   55.17000000    18  5528
  5532  C     96.94000000   84.41000000   56.07000000    17  5526  5533  5534  5535
  5533  H     97.76000000   84.71000000   55.38000000    18  5532
  5534  H     96.01000000   84.31000000   55.48000000    18  5532
  5535  H     96.81000000   85.24000000   56.80000000    18  5532
  5536  C     96.30000000   81.30000000   58.23000000     9  5524  5537  5538
  5537  O     95.57000000   80.42000000   57.80000000    11  5536
  5538  N     97.18000000   81.06000000   59.24000000     7  5536  5539  5540
  5539  HN    97.78000000   81.80000000   59.53000000    10  5538
  5540  CA    97.36000000   79.77000000   59.88000000     8  5538  5541  5542  5556
  5541  H     97.68000000   79.06000000   59.12000000    12  5540
  5542  C     98.51000000   79.92000000   60.93000000    61  5540  5543  5544  5545
  5543  H     99.48000000   80.03000000   60.40000000    62  5542
  5544  H     98.34000000   80.85000000   61.52000000    62  5542
  5545  C     98.63000000   78.78000000   61.92000000    63  5542  5546  5552
  5546  C     97.91000000   78.81000000   63.13000000    64  5545  5547  5548
  5547  H     97.25000000   79.64000000   63.33000000    65  5546
  5548  C     98.02000000   77.77000000   64.05000000    66  5546  5549  5550
  5549  H     97.46000000   77.78000000   64.97000000    67  5548
  5550  C     98.91000000   76.71000000   63.81000000    68  5548  5551  5554
  5551  H     99.02000000   75.92000000   64.53000000    69  5550
  5552  C     99.50000000   77.71000000   61.68000000    64  5545  5553  5554
  5553  H    100.07000000   77.68000000   60.76000000    65  5552
  5554  C     99.65000000   76.68000000   62.62000000    66  5550  5552  5555
  5555  H    100.33000000   75.87000000   62.44000000    67  5554
  5556  C     96.07000000   79.20000000   60.47000000     9  5540  5557  5558
  5557  O     95.71000000   78.04000000   60.28000000    11  5556
  5558  N     95.29000000   80.04000000   61.18000000     7  5556  5559  5560
  5559  HN    95.59000000   80.99000000   61.31000000    10  5558
  5560  CA    94.01000000   79.62000000   61.71000000     8  5558  5561  5562  5574
  5561  H     94.13000000   78.62000000   62.11000000    12  5560
  5562  C     93.53000000   80.54000000   62.85000000   106  5560  5563  5564  5567
  5563  H     93.55000000   81.59000000   62.51000000   107  5562
  5564  H     92.49000000   80.29000000   63.15000000   107  5562
  5565  C     95.16000000   81.28000000   64.70000000   111  5566  5567  5568
  5566  H     95.31000000   82.33000000   64.52000000   112  5565
  5567  C     94.39000000   80.37000000   64.05000000   108  5562  5565  5570
  5568  N     95.77000000   80.60000000   65.71000000   115  5565  5569  5572
  5569  HN    96.38000000   81.03000000   66.43000000   116  5568
  5570  N     94.57000000   79.17000000   64.68000000   109  5567  5571  5572
  5571  HN    94.23000000   78.26000000   64.41000000   110  5570
  5572  C     95.41000000   79.34000000   65.69000000   113  5568  5570  5573
  5573  H     95.74000000   78.59000000   66.39000000   114  5572
  5574  C     92.91000000   79.48000000   60.69000000     9  5560  5575  5576
  5575  O     92.00000000   78.68000000   60.87000000    11  5574
  5576  N     92.98000000   80.24000000   59.59000000     7  5574  5577  5578
  5577  HN    93.70000000   80.93000000   59.47000000    10  5576
  5578  CA    92.08000000   80.08000000   58.47000000     8  5576  5579  5580  5593
  5579  H     91.09000000   80.08000000   58.88000000    12  5578
  5580  C     92.22000000   81.27000000   57.49000000    19  5578  5581  5582  5583
  5581  H     92.34000000   82.20000000   58.09000000    20  5580
  5582  H     93.14000000   81.16000000   56.87000000    20  5580
  5583  C     91.00000000   81.51000000   56.56000000    21  5580  5584  5585  5589
  5584  H     90.87000000   80.60000000   55.92000000    22  5583
  5585  C     89.69000000   81.72000000   57.33000000    23  5583  5586  5587  5588
  5586  H     88.87000000   81.96000000   56.63000000    24  5585
  5587  H     89.40000000   80.82000000   57.91000000    24  5585
  5588  H     89.78000000   82.57000000   58.03000000    24  5585
  5589  C     91.24000000   82.73000000   55.65000000    23  5583  5590  5591  5592
  5590  H     90.41000000   82.83000000   54.92000000    24  5589
  5591  H     91.30000000   83.66000000   56.26000000    24  5589
  5592  H     92.19000000   82.62000000   55.09000000    24  5589
  5593  C     92.26000000   78.72000000   57.79000000     9  5578  5594  5595
  5594  O     91.27000000   78.06000000   57.47000000    11  5593
  5595  N     93.51000000   78.23000000   57.62000000     7  5593  5596  5597
  5596  HN    94.31000000   78.81000000   57.81000000    10  5595
  5597  CA    93.79000000   76.88000000   57.13000000     8  5595  5598  5599  5608
  5598  H     93.27000000   76.77000000   56.19000000    12  5597
  5599  C     95.30000000   76.64000000   56.85000000   153  5597  5600  5601  5602
  5600  H     95.89000000   76.87000000   57.76000000   154  5599
  5601  H     95.44000000   75.57000000   56.60000000   154  5599
  5602  C     95.85000000   77.48000000   55.65000000   155  5599  5603  5604  5605
  5603  H     95.08000000   77.48000000   54.85000000   156  5602
  5604  H     96.03000000   78.52000000   55.97000000   156  5602
  5605  C     97.12000000   76.94000000   55.01000000   157  5602  5606  5607
  5606  O     98.12000000   76.70000000   55.74000000   158  5605
  5607  O     97.14000000   76.79000000   53.75000000   158  5605
  5608  C     93.22000000   75.79000000   58.03000000     9  5597  5609  5610
  5609  O     92.56000000   74.86000000   57.56000000    11  5608
  5610  N     93.40000000   75.90000000   59.36000000     7  5608  5611  5612
  5611  HN    94.03000000   76.59000000   59.72000000    10  5610
  5612  CA    92.75000000   75.01000000   60.31000000     8  5610  5613  5614  5625
  5613  H     93.00000000   74.00000000   60.02000000    12  5612
  5614  C     93.23000000   75.22000000   61.77000000   127  5612  5615  5616  5618
  5615  H     93.11000000   76.28000000   62.07000000   128  5614
  5616  H     92.63000000   74.58000000   62.46000000   128  5614
  5617  N     95.17000000   73.73000000   61.31000000   130  5618  5619
  5618  C     94.66000000   74.79000000   62.01000000   129  5614  5617  5623
  5619  C     96.39000000   73.56000000   61.77000000   133  5617  5620  5621
  5620  H     97.09000000   72.79000000   61.43000000   134  5619
  5621  N     96.69000000   74.45000000   62.74000000   135  5619  5622  5623
  5622  HN    97.53000000   74.46000000   63.28000000   136  5621
  5623  C     95.58000000   75.26000000   62.90000000   131  5618  5621  5624
  5624  H     95.51000000   76.05000000   63.62000000   132  5623
  5625  C     91.22000000   75.05000000   60.27000000     9  5612  5626  5627
  5626  O     90.56000000   74.02000000   60.26000000    11  5625
  5627  N     90.61000000   76.25000000   60.18000000     7  5625  5628  5629
  5628  HN    91.14000000   77.10000000   60.19000000    10  5627
  5629  CA    89.17000000   76.39000000   59.99000000     8  5627  5630  5631  5635
  5630  H     88.68000000   75.89000000   60.82000000    12  5629
  5631  C     88.79000000   77.89000000   60.00000000    13  5629  5632  5633  5634
  5632  H     87.69000000   78.01000000   59.93000000    14  5631
  5633  H     89.13000000   78.36000000   60.95000000    14  5631
  5634  H     89.27000000   78.42000000   59.16000000    14  5631
  5635  C     88.66000000   75.74000000   58.71000000     9  5629  5636  5637
  5636  O     87.64000000   75.04000000   58.71000000    11  5635
  5637  N     89.38000000   75.93000000   57.59000000     7  5635  5638  5639
  5638  HN    90.17000000   76.54000000   57.60000000    10  5637
  5639  CA    89.11000000   75.28000000   56.33000000     8  5637  5640  5641  5645
  5640  H     88.10000000   75.51000000   56.05000000    12  5639
  5641  C     90.08000000   75.85000000   55.29000000    13  5639  5642  5643  5644
  5642  H     89.90000000   75.40000000   54.29000000    14  5641
  5643  H     89.94000000   76.95000000   55.19000000    14  5641
  5644  H     91.14000000   75.67000000   55.57000000    14  5641
  5645  C     89.23000000   73.76000000   56.35000000     9  5639  5646  5647
  5646  O     88.34000000   73.06000000   55.87000000    11  5645
  5647  N     90.29000000   73.20000000   56.97000000     7  5645  5648  5649
  5648  HN    91.03000000   73.79000000   57.32000000    10  5647
  5649  CA    90.46000000   71.76000000   57.12000000     8  5647  5650  5651  5659
  5650  H     90.30000000   71.30000000   56.15000000    12  5649
  5651  C     91.87000000   71.40000000   57.66000000   147  5649  5652  5653  5654
  5652  H     92.09000000   72.00000000   58.57000000   148  5651
  5653  H     91.91000000   70.32000000   57.94000000   148  5651
  5654  C     93.02000000   71.62000000   56.66000000   149  5651  5655  5656
  5655  O     94.18000000   71.59000000   57.07000000   150  5654
  5656  N     92.73000000   71.80000000   55.36000000   151  5654  5657  5658
  5657  HN    91.79000000   71.76000000   55.02000000   152  5656
  5658  HN    93.50000000   71.93000000   54.73000000   152  5656
  5659  C     89.40000000   71.14000000   58.02000000     9  5649  5660  5661
  5660  O     89.01000000   69.98000000   57.85000000    11  5659
  5661  N     88.83000000   71.91000000   58.96000000     7  5659  5662  5663
  5662  HN    89.21000000   72.82000000   59.15000000    10  5661
  5663  CA    87.73000000   71.47000000   59.77000000     8  5661  5664  5665  5678
  5664  H     87.74000000   70.39000000   59.86000000    12  5663
  5665  C     87.83000000   72.08000000   61.19000000    19  5663  5666  5667  5668
  5666  H     87.86000000   73.19000000   61.12000000    20  5665
  5667  H     86.94000000   71.79000000   61.79000000    20  5665
  5668  C     89.08000000   71.61000000   61.98000000    21  5665  5669  5670  5674
  5669  H     90.00000000   72.00000000   61.48000000    22  5668
  5670  C     89.05000000   72.17000000   63.40000000    23  5668  5671  5672  5673
  5671  H     89.95000000   71.86000000   63.96000000    24  5670
  5672  H     89.01000000   73.27000000   63.37000000    24  5670
  5673  H     88.15000000   71.80000000   63.94000000    24  5670
  5674  C     89.19000000   70.08000000   62.01000000    23  5668  5675  5676  5677
  5675  H     90.01000000   69.76000000   62.68000000    24  5674
  5676  H     88.24000000   69.64000000   62.35000000    24  5674
  5677  H     89.41000000   69.70000000   60.99000000    24  5674
  5678  C     86.38000000   71.79000000   59.14000000     9  5663  5679  5680
  5679  O     85.32000000   71.52000000   59.72000000    11  5678
  5680  N     86.36000000   72.29000000   57.89000000     1  5678  5681  5682
  5681  HN    87.23000000   72.54000000   57.45000000     4  5680
  5682  CA    85.18000000   72.36000000   57.05000000     2  5680  5683  5684  5685
  5683  H     85.52000000   72.26000000   56.04000000     6  5682
  5684  H     84.50000000   71.56000000   57.32000000     6  5682
  5685  C     84.39000000   73.63000000   57.10000000     3  5682  5686  5687
  5686  O     83.20000000   73.63000000   56.79000000     5  5685
  5687  N     84.99000000   74.77000000   57.47000000     7  5685  5688  5689
  5688  HN    85.94000000   74.79000000   57.80000000    10  5687
  5689  CA    84.31000000   76.05000000   57.34000000     8  5687  5690  5691  5700
  5690  H     83.26000000   75.92000000   57.56000000    12  5689
  5691  C     84.86000000   77.11000000   58.32000000   153  5689  5692  5693  5694
  5692  H     85.96000000   77.21000000   58.18000000   154  5691
  5693  H     84.39000000   78.09000000   58.09000000   154  5691
  5694  C     84.55000000   76.77000000   59.80000000   155  5691  5695  5696  5697
  5695  H     85.10000000   75.86000000   60.10000000   156  5694
  5696  H     84.87000000   77.61000000   60.46000000   156  5694
  5697  C     83.07000000   76.54000000   60.02000000   157  5694  5698  5699
  5698  O     82.26000000   77.48000000   59.81000000   158  5697
  5699  O     82.68000000   75.41000000   60.41000000   158  5697
  5700  C     84.37000000   76.57000000   55.91000000     9  5689  5701  5702
  5701  O     85.44000000   76.93000000   55.41000000    11  5700
  5702  N     83.22000000   76.64000000   55.21000000     7  5700  5703  5704
  5703  HN    82.35000000   76.38000000   55.65000000    10  5702
  5704  CA    83.15000000   76.96000000   53.79000000     8  5702  5705  5706  5719
  5705  H     83.75000000   76.24000000   53.27000000    12  5704
  5706  C     81.69000000   76.87000000   53.28000000    19  5704  5707  5708  5709
  5707  H     81.29000000   75.87000000   53.54000000    20  5706
  5708  H     81.06000000   77.62000000   53.82000000    20  5706
  5709  C     81.51000000   77.08000000   51.76000000    21  5706  5710  5711  5715
  5710  H     81.89000000   78.09000000   51.47000000    22  5709
  5711  C     82.31000000   76.05000000   50.94000000    23  5709  5712  5713  5714
  5712  H     82.11000000   76.18000000   49.86000000    24  5711
  5713  H     83.40000000   76.17000000   51.10000000    24  5711
  5714  H     82.01000000   75.02000000   51.22000000    24  5711
  5715  C     80.02000000   77.03000000   51.41000000    23  5709  5716  5717  5718
  5716  H     79.88000000   77.10000000   50.31000000    24  5715
  5717  H     79.58000000   76.07000000   51.75000000    24  5715
  5718  H     79.47000000   77.86000000   51.90000000    24  5715
  5719  C     83.70000000   78.33000000   53.45000000     9  5704  5720  5721
  5720  O     84.48000000   78.49000000   52.51000000    11  5719
  5721  N     83.37000000   79.34000000   54.26000000     7  5719  5722  5723
  5722  HN    82.66000000   79.21000000   54.97000000    10  5721
  5723  CA    83.87000000   80.69000000   54.15000000     8  5721  5724  5725  5734
  5724  H     83.59000000   81.06000000   53.18000000    12  5723
  5725  C     83.19000000   81.59000000   55.22000000   153  5723  5726  5727  5728
  5726  H     83.35000000   81.17000000   56.24000000   154  5725
  5727  H     83.67000000   82.59000000   55.19000000   154  5725
  5728  C     81.66000000   81.82000000   54.98000000   155  5725  5729  5730  5731
  5729  H     81.32000000   82.68000000   55.60000000   156  5728
  5730  H     81.51000000   82.10000000   53.92000000   156  5728
  5731  C     80.74000000   80.65000000   55.31000000   157  5728  5732  5733
  5732  O     79.56000000   80.68000000   54.86000000   158  5731
  5733  O     81.16000000   79.70000000   56.02000000   158  5731
  5734  C     85.39000000   80.76000000   54.23000000     9  5723  5735  5736
  5735  O     86.04000000   81.48000000   53.47000000    11  5734
  5736  N     86.02000000   79.97000000   55.12000000     7  5734  5737  5738
  5737  HN    85.49000000   79.35000000   55.70000000    10  5736
  5738  CA    87.46000000   79.78000000   55.15000000     8  5736  5739  5740  5744
  5739  H     87.91000000   80.76000000   55.20000000    12  5738
  5740  C     87.86000000   78.96000000   56.39000000    13  5738  5741  5742  5743
  5741  H     88.96000000   78.90000000   56.48000000    14  5740
  5742  H     87.46000000   79.44000000   57.31000000    14  5740
  5743  H     87.46000000   77.93000000   56.34000000    14  5740
  5744  C     88.04000000   79.13000000   53.90000000     9  5738  5745  5746
  5745  O     89.05000000   79.59000000   53.35000000    11  5744
  5746  N     87.41000000   78.04000000   53.40000000     7  5744  5747  5748
  5747  HN    86.59000000   77.69000000   53.87000000    10  5746
  5748  CA    87.85000000   77.30000000   52.23000000     8  5746  5749  5750  5763
  5749  H     88.86000000   77.00000000   52.40000000    12  5748
  5750  C     87.02000000   76.02000000   52.00000000    25  5748  5751  5752  5756
  5751  H     85.95000000   76.30000000   51.91000000    26  5750
  5752  C     87.47000000   75.29000000   50.71000000    29  5750  5753  5754  5755
  5753  H     86.88000000   74.36000000   50.57000000    30  5752
  5754  H     87.32000000   75.91000000   49.81000000    30  5752
  5755  H     88.54000000   75.02000000   50.77000000    30  5752
  5756  C     87.16000000   75.06000000   53.21000000    27  5750  5757  5758  5759
  5757  H     88.17000000   74.61000000   53.19000000    28  5756
  5758  H     87.07000000   75.63000000   54.16000000    28  5756
  5759  C     86.11000000   73.94000000   53.25000000    31  5756  5760  5761  5762
  5760  H     86.25000000   73.31000000   54.15000000    32  5759
  5761  H     85.08000000   74.36000000   53.27000000    32  5759
  5762  H     86.22000000   73.29000000   52.36000000    32  5759
  5763  C     87.85000000   78.15000000   50.97000000     9  5748  5764  5765
  5764  O     88.86000000   78.25000000   50.26000000    11  5763
  5765  N     86.74000000   78.88000000   50.71000000     7  5763  5766  5767
  5766  HN    85.94000000   78.77000000   51.31000000    10  5765
  5767  CA    86.61000000   79.82000000   49.61000000     8  5765  5768  5769  5779
  5768  H     86.83000000   79.30000000   48.69000000    12  5767
  5769  C     85.19000000   80.37000000   49.54000000    15  5767  5770  5771  5775
  5770  H     84.92000000   80.80000000   50.54000000    16  5769
  5771  C     85.06000000   81.46000000   48.46000000    17  5769  5772  5773  5774
  5772  H     83.99000000   81.72000000   48.29000000    18  5771
  5773  H     85.59000000   82.39000000   48.73000000    18  5771
  5774  H     85.46000000   81.09000000   47.49000000    18  5771
  5775  C     84.21000000   79.23000000   49.23000000    17  5769  5776  5777  5778
  5776  H     83.17000000   79.61000000   49.16000000    18  5775
  5777  H     84.46000000   78.78000000   48.24000000    18  5775
  5778  H     84.23000000   78.43000000   50.00000000    18  5775
  5779  C     87.61000000   80.96000000   49.72000000     9  5767  5780  5781
  5780  O     88.31000000   81.30000000   48.77000000    11  5779
  5781  N     87.74000000   81.55000000   50.93000000     1  5779  5782  5783
  5782  HN    87.18000000   81.23000000   51.70000000     4  5781
  5783  CA    88.57000000   82.72000000   51.18000000     2  5781  5784  5785  5786
  5784  H     88.26000000   83.51000000   50.51000000     6  5783
  5785  H     88.46000000   82.98000000   52.22000000     6  5783
  5786  C     90.04000000   82.49000000   50.94000000     3  5783  5787  5788
  5787  O     90.71000000   83.27000000   50.27000000     5  5786
  5788  N     90.57000000   81.38000000   51.47000000     7  5786  5789  5790
  5789  HN    90.01000000   80.79000000   52.06000000    10  5788
  5790  CA    91.90000000   80.90000000   51.15000000     8  5788  5791  5792  5805
  5791  H     92.60000000   81.70000000   51.34000000    12  5790
  5792  C     92.27000000   79.68000000   52.01000000    19  5790  5793  5794  5795
  5793  H     91.40000000   78.98000000   51.99000000    20  5792
  5794  H     93.16000000   79.15000000   51.60000000    20  5792
  5795  C     92.59000000   80.03000000   53.46000000    21  5792  5796  5797  5801
  5796  H     91.72000000   80.59000000   53.89000000    22  5795
  5797  C     92.75000000   78.74000000   54.24000000    23  5795  5798  5799  5800
  5798  H     93.21000000   78.95000000   55.22000000    24  5797
  5799  H     91.77000000   78.24000000   54.41000000    24  5797
  5800  H     93.41000000   78.03000000   53.69000000    24  5797
  5801  C     93.85000000   80.90000000   53.60000000    23  5795  5802  5803  5804
  5802  H     94.09000000   81.05000000   54.67000000    24  5801
  5803  H     94.72000000   80.41000000   53.12000000    24  5801
  5804  H     93.71000000   81.90000000   53.14000000    24  5801
  5805  C     92.09000000   80.52000000   49.70000000     9  5790  5806  5807
  5806  O     93.12000000   80.83000000   49.11000000    11  5805
  5807  N     91.10000000   79.85000000   49.09000000     1  5805  5808  5809
  5808  HN    90.27000000   79.58000000   49.59000000     4  5807
  5809  CA    91.12000000   79.51000000   47.67000000     2  5807  5810  5811  5812
  5810  H     91.95000000   78.85000000   47.49000000     6  5809
  5811  H     90.16000000   79.07000000   47.44000000     6  5809
  5812  C     91.31000000   80.70000000   46.77000000     3  5809  5813  5814
  5813  O     92.18000000   80.71000000   45.91000000     5  5812
  5814  N     90.53000000   81.77000000   47.01000000     7  5812  5815  5816
  5815  HN    89.78000000   81.70000000   47.68000000    10  5814
  5816  CA    90.72000000   83.06000000   46.38000000     8  5814  5817  5818  5831
  5817  H     90.66000000   82.92000000   45.31000000    12  5816
  5818  C     89.61000000   84.03000000   46.85000000    19  5816  5819  5820  5821
  5819  H     89.63000000   84.06000000   47.97000000    20  5818
  5820  H     89.78000000   85.06000000   46.47000000    20  5818
  5821  C     88.17000000   83.63000000   46.45000000    21  5818  5822  5823  5827
  5822  H     88.00000000   82.56000000   46.70000000    22  5821
  5823  C     87.14000000   84.44000000   47.25000000    23  5821  5824  5825  5826
  5824  H     86.11000000   84.12000000   46.99000000    24  5823
  5825  H     87.28000000   84.29000000   48.34000000    24  5823
  5826  H     87.24000000   85.52000000   47.03000000    24  5823
  5827  C     87.93000000   83.80000000   44.95000000    23  5821  5828  5829  5830
  5828  H     86.89000000   83.51000000   44.71000000    24  5827
  5829  H     88.09000000   84.86000000   44.64000000    24  5827
  5830  H     88.62000000   83.15000000   44.37000000    24  5827
  5831  C     92.07000000   83.70000000   46.68000000     9  5816  5832  5833
  5832  O     92.79000000   84.12000000   45.77000000    11  5831
  5833  N     92.47000000   83.76000000   47.97000000     7  5831  5834  5835
  5834  HN    91.87000000   83.39000000   48.68000000    10  5833
  5835  CA    93.69000000   84.40000000   48.43000000     8  5833  5836  5837  5848
  5836  H     93.69000000   85.42000000   48.09000000    12  5835
  5837  C     93.66000000   84.38000000   49.98000000   175  5835  5838  5839  5840
  5838  H     92.67000000   84.81000000   50.26000000   176  5837
  5839  H     93.68000000   83.32000000   50.32000000   176  5837
  5840  C     94.75000000   85.17000000   50.71000000   177  5837  5841  5842  5843
  5841  H     95.75000000   84.89000000   50.30000000   178  5840
  5842  H     94.62000000   86.25000000   50.49000000   178  5840
  5843  S     94.77000000   84.92000000   52.52000000   179  5840  5844
  5844  C     92.98000000   84.90000000   52.85000000   180  5843  5845  5846  5847
  5845  H     92.78000000   84.83000000   53.94000000   181  5844
  5846  H     92.49000000   85.83000000   52.48000000   181  5844
  5847  H     92.48000000   84.03000000   52.38000000   181  5844
  5848  C     94.98000000   83.77000000   47.91000000     9  5835  5849  5850
  5849  O     95.86000000   84.46000000   47.39000000    11  5848
  5850  N     95.10000000   82.43000000   47.94000000     7  5848  5851  5852
  5851  HN    94.38000000   81.88000000   48.38000000    10  5850
  5852  CA    96.22000000   81.70000000   47.39000000     8  5850  5853  5854  5869
  5853  H     97.14000000   82.18000000   47.71000000    12  5852
  5854  C     96.21000000   80.23000000   47.88000000    70  5852  5855  5856  5857
  5855  H     95.16000000   79.85000000   47.91000000    71  5854
  5856  H     96.77000000   79.58000000   47.18000000    71  5854
  5857  C     96.85000000   80.02000000   49.23000000    72  5854  5858  5865
  5858  C     98.25000000   80.02000000   49.33000000    73  5857  5859  5860
  5859  H     98.84000000   80.28000000   48.46000000    74  5858
  5860  C     98.89000000   79.61000000   50.51000000    75  5858  5861  5862
  5861  H     99.97000000   79.57000000   50.55000000    76  5860
  5862  C     98.13000000   79.21000000   51.61000000    77  5860  5863  5867
  5863  OH    98.77000000   78.70000000   52.76000000    78  5862  5864
  5864  HO    98.15000000   78.07000000   53.20000000    79  5863
  5865  C     96.10000000   79.65000000   50.36000000    73  5857  5866  5867
  5866  H     95.02000000   79.62000000   50.29000000    74  5865
  5867  C     96.74000000   79.25000000   51.54000000    75  5862  5865  5868
  5868  H     96.16000000   78.92000000   52.39000000    76  5867
  5869  C     96.24000000   81.75000000   45.86000000     9  5852  5870  5871
  5870  O     97.29000000   81.65000000   45.22000000    11  5869
  5871  N     95.07000000   81.99000000   45.23000000     7  5869  5872  5873
  5872  HN    94.23000000   82.07000000   45.76000000    10  5871
  5873  CA    94.96000000   82.09000000   43.78000000     8  5871  5874  5875  5880
  5874  H     95.75000000   81.51000000   43.32000000    12  5873
  5875  C     93.60000000   81.59000000   43.23000000    33  5873  5876  5877  5878
  5876  H     92.76000000   82.20000000   43.65000000    34  5875
  5877  H     93.56000000   81.68000000   42.12000000    34  5875
  5878  OH    93.39000000   80.22000000   43.56000000    35  5875  5879
  5879  HO    92.97000000   80.24000000   44.45000000    36  5878
  5880  C     95.12000000   83.52000000   43.28000000     9  5873  5881  5882
  5881  O     95.03000000   83.76000000   42.07000000    11  5880
  5882  N     95.35000000   84.49000000   44.18000000     7  5880  5883  5884
  5883  HN    95.42000000   84.25000000   45.15000000    10  5882
  5884  CA    95.61000000   85.90000000   43.88000000     8  5882  5885  5886  5897
  5885  H     95.96000000   86.32000000   44.81000000    12  5884
  5886  C     96.73000000   86.13000000   42.81000000   167  5884  5887  5888  5889
  5887  H     96.39000000   85.78000000   41.81000000   168  5886
  5888  H     96.91000000   87.23000000   42.72000000   168  5886
  5889  C     98.10000000   85.48000000   43.13000000   169  5886  5890  5891  5892
  5890  H     97.99000000   84.38000000   43.17000000   170  5889
  5891  H     98.82000000   85.73000000   42.32000000   170  5889
  5892  C     98.68000000   85.98000000   44.45000000   171  5889  5893  5894
  5893  O     98.26000000   86.98000000   45.03000000   172  5892
  5894  N     99.69000000   85.25000000   44.96000000   173  5892  5895  5896
  5895  HN    99.94000000   84.38000000   44.53000000   174  5894
  5896  HN   100.12000000   85.59000000   45.80000000   174  5894
  5897  C     94.36000000   86.69000000   43.54000000     9  5884  5898  5899
  5898  O     94.42000000   87.75000000   42.92000000    11  5897
  5899  N     93.17000000   86.21000000   43.95000000     7  5897  5900  5901
  5900  HN    93.14000000   85.38000000   44.52000000    10  5899
  5901  CA    91.89000000   86.82000000   43.65000000     8  5899  5902  5903  5916
  5902  H     92.02000000   87.42000000   42.76000000    12  5901
  5903  C     90.80000000   85.75000000   43.37000000    19  5901  5904  5905  5906
  5904  H     90.79000000   85.03000000   44.21000000    20  5903
  5905  H     89.79000000   86.22000000   43.31000000    20  5903
  5906  C     91.01000000   84.97000000   42.05000000    21  5903  5907  5908  5912
  5907  H     92.05000000   84.58000000   42.03000000    22  5906
  5908  C     90.07000000   83.76000000   41.97000000    23  5906  5909  5910  5911
  5909  H     90.18000000   83.26000000   40.99000000    24  5908
  5910  H     90.29000000   83.03000000   42.77000000    24  5908
  5911  H     89.01000000   84.09000000   42.07000000    24  5908
  5912  C     90.77000000   85.86000000   40.83000000    23  5906  5913  5914  5915
  5913  H     90.93000000   85.29000000   39.89000000    24  5912
  5914  H     89.71000000   86.23000000   40.82000000    24  5912
  5915  H     91.43000000   86.75000000   40.82000000    24  5912
  5916  C     91.42000000   87.73000000   44.78000000     9  5901  5917  5918
  5917  O     91.81000000   87.52000000   45.94000000    11  5916
  5918  N     90.61000000   88.76000000   44.52000000    50  5916  5919  5922
  5919  C     90.36000000   89.30000000   43.18000000    59  5918  5920  5921  5927
  5920  H     89.75000000   88.57000000   42.60000000    60  5919
  5921  H     91.32000000   89.51000000   42.65000000    60  5919
  5922  CA    89.77000000   89.43000000   45.52000000    51  5918  5923  5924  5930
  5923  H     90.43000000   90.09000000   46.08000000    54  5922
  5924  C     88.77000000   90.24000000   44.68000000    55  5922  5925  5926  5927
  5925  H     87.90000000   89.62000000   44.39000000    56  5924
  5926  H     88.41000000   91.15000000   45.21000000    56  5924
  5927  C     89.57000000   90.58000000   43.42000000    57  5919  5924  5928  5929
  5928  H     88.93000000   90.87000000   42.57000000    58  5927
  5929  H     90.28000000   91.42000000   43.64000000    58  5927
  5930  C     89.10000000   88.54000000   46.55000000    52  5922  5931  5932
  5931  O     88.35000000   87.64000000   46.17000000    53  5930
  5932  N     89.35000000   88.77000000   47.84000000     7  5930  5933  5934
  5933  HN    89.93000000   89.54000000   48.12000000    10  5932
  5934  CA    88.83000000   87.95000000   48.92000000     8  5932  5935  5936  5948
  5935  H     87.97000000   87.39000000   48.58000000    12  5934
  5936  C     89.89000000   86.96000000   49.49000000   106  5934  5937  5938  5941
  5937  H     89.53000000   86.51000000   50.44000000   107  5936
  5938  H     90.01000000   86.14000000   48.76000000   107  5936
  5939  C     91.82000000   88.09000000   50.83000000   111  5940  5941  5942
  5940  H     91.41000000   88.18000000   51.83000000   112  5939
  5941  C     91.25000000   87.58000000   49.71000000   108  5936  5939  5944
  5942  N     93.06000000   88.55000000   50.46000000   115  5939  5943  5946
  5943  HN    93.73000000   89.00000000   51.08000000   116  5942
  5944  N     92.16000000   87.73000000   48.70000000   109  5941  5945  5946
  5945  HN    92.00000000   87.50000000   47.72000000   110  5944
  5946  C     93.25000000   88.32000000   49.17000000   113  5942  5944  5947
  5947  H     94.12000000   88.59000000   48.60000000   114  5946
  5948  C     88.34000000   88.85000000   50.03000000     9  5934  5949  5950
  5949  O     89.12000000   89.65000000   50.55000000    11  5948
  5950  N     87.06000000   88.77000000   50.41000000     7  5948  5951  5952
  5951  HN    86.42000000   88.15000000   49.93000000    10  5950
  5952  CA    86.51000000   89.56000000   51.50000000     8  5950  5953  5954  5965
  5953  H     86.76000000   90.60000000   51.30000000    12  5952
  5954  C     84.96000000   89.48000000   51.53000000   127  5952  5955  5956  5958
  5955  H     84.59000000   89.82000000   50.54000000   128  5954
  5956  H     84.62000000   88.43000000   51.66000000   128  5954
  5957  N     84.11000000   89.86000000   53.85000000   130  5958  5959
  5958  C     84.33000000   90.34000000   52.57000000   129  5954  5957  5963
  5959  C     83.62000000   90.89000000   54.52000000   133  5957  5960  5961
  5960  H     83.36000000   90.88000000   55.58000000   134  5959
  5961  N     83.48000000   91.98000000   53.73000000   135  5959  5962  5963
  5962  HN    83.24000000   92.91000000   54.03000000   136  5961
  5963  C     83.92000000   91.63000000   52.48000000   131  5958  5961  5964
  5964  H     83.95000000   92.29000000   51.63000000   132  5963
  5965  C     87.12000000   89.28000000   52.88000000     9  5952  5966  5967
  5966  O     87.49000000   90.21000000   53.60000000    11  5965
  5967  N     87.29000000   87.99000000   53.26000000     7  5965  5968  5969
  5968  HN    86.94000000   87.25000000   52.67000000    10  5967
  5969  CA    87.99000000   87.60000000   54.48000000     8  5967  5970  5971  5984
  5970  H     87.67000000   88.29000000   55.25000000    12  5969
  5971  C     87.64000000   86.20000000   54.99000000    25  5969  5972  5973  5977
  5972  H     86.53000000   86.15000000   55.04000000    26  5971
  5973  C     88.12000000   85.10000000   54.01000000    29  5971  5974  5975  5976
  5974  H     87.70000000   84.11000000   54.31000000    30  5973
  5975  H     87.79000000   85.31000000   52.98000000    30  5973
  5976  H     89.23000000   85.02000000   54.02000000    30  5973
  5977  C     88.17000000   85.96000000   56.42000000    27  5971  5978  5979  5980
  5978  H     89.26000000   85.75000000   56.38000000    28  5977
  5979  H     88.02000000   86.89000000   57.02000000    28  5977
  5980  C     87.45000000   84.81000000   57.14000000    31  5977  5981  5982  5983
  5981  H     87.85000000   84.68000000   58.17000000    32  5980
  5982  H     86.36000000   85.02000000   57.21000000    32  5980
  5983  H     87.58000000   83.85000000   56.59000000    32  5980
  5984  C     89.49000000   87.79000000   54.33000000     9  5969  5985  5986
  5985  O     90.09000000   87.39000000   53.32000000    11  5984
  5986  N     90.14000000   88.44000000   55.32000000     7  5984  5987  5988
  5987  HN    89.64000000   88.76000000   56.13000000    10  5986
  5988  CA    91.53000000   88.87000000   55.23000000     8  5986  5989  5990  6003
  5989  H     91.68000000   89.57000000   56.04000000    12  5988
  5990  C     92.52000000   87.68000000   55.42000000    19  5988  5991  5992  5993
  5991  H     92.37000000   86.97000000   54.58000000    20  5990
  5992  H     93.56000000   88.05000000   55.37000000    20  5990
  5993  C     92.40000000   86.89000000   56.75000000    21  5990  5994  5995  5999
  5994  H     91.39000000   86.42000000   56.78000000    22  5993
  5995  C     93.46000000   85.78000000   56.81000000    23  5993  5996  5997  5998
  5996  H     93.36000000   85.19000000   57.75000000    24  5995
  5997  H     93.35000000   85.08000000   55.96000000    24  5995
  5998  H     94.48000000   86.22000000   56.78000000    24  5995
  5999  C     92.54000000   87.81000000   57.96000000    23  5993  6000  6001  6002
  6000  H     92.39000000   87.25000000   58.91000000    24  5999
  6001  H     93.56000000   88.24000000   57.98000000    24  5999
  6002  H     91.79000000   88.62000000   57.93000000    24  5999
  6003  C     91.87000000   89.66000000   53.97000000     9  5988  6004  6005
  6004  O     92.87000000   89.42000000   53.29000000    11  6003
  6005  N     91.01000000   90.64000000   53.61000000     7  6003  6006  6007
  6006  HN    90.21000000   90.81000000   54.18000000    10  6005
  6007  CA    91.09000000   91.44000000   52.40000000     8  6005  6008  6009  6013
  6008  H     91.00000000   90.77000000   51.57000000    12  6007
  6009  C     89.90000000   92.42000000   52.37000000    13  6007  6010  6011  6012
  6010  H     89.91000000   93.03000000   51.44000000    14  6009
  6011  H     88.95000000   91.85000000   52.39000000    14  6009
  6012  H     89.92000000   93.10000000   53.25000000    14  6009
  6013  C     92.39000000   92.21000000   52.19000000     9  6007  6014  6015
  6014  O     92.89000000   92.29000000   51.07000000    11  6013
  6015  N     93.00000000   92.76000000   53.27000000     7  6013  6016  6017
  6016  HN    92.55000000   92.72000000   54.17000000    10  6015
  6017  CA    94.30000000   93.41000000   53.21000000     8  6015  6018  6019  6025
  6018  H     94.34000000   94.00000000   52.31000000    12  6017
  6019  C     94.52000000   94.33000000   54.45000000   137  6017  6020  6021  6022
  6020  H     94.12000000   93.85000000   55.36000000   138  6019
  6021  H     95.60000000   94.53000000   54.61000000   138  6019
  6022  C     93.88000000   95.70000000   54.31000000   139  6019  6023  6024
  6023  O     93.35000000   96.02000000   53.23000000   140  6022
  6024  O     93.98000000   96.51000000   55.28000000   140  6022
  6025  C     95.47000000   92.43000000   53.09000000     9  6017  6026  6027
  6026  O     96.55000000   92.80000000   52.63000000    11  6025
  6027  N     95.30000000   91.15000000   53.48000000     7  6025  6028  6029
  6028  HN    94.41000000   90.83000000   53.80000000    10  6027
  6029  CA    96.34000000   90.14000000   53.33000000     8  6027  6030  6031  6041
  6030  H     97.26000000   90.57000000   53.71000000    12  6029
  6031  C     96.07000000   88.87000000   54.14000000    15  6029  6032  6033  6037
  6032  H     95.14000000   88.38000000   53.78000000    16  6031
  6033  C     97.24000000   87.86000000   54.03000000    17  6031  6034  6035  6036
  6034  H     97.07000000   87.01000000   54.72000000    18  6033
  6035  H     97.32000000   87.44000000   53.00000000    18  6033
  6036  H     98.20000000   88.34000000   54.29000000    18  6033
  6037  C     95.89000000   89.27000000   55.62000000    17  6031  6038  6039  6040
  6038  H     95.77000000   88.37000000   56.25000000    18  6037
  6039  H     96.77000000   89.84000000   55.97000000    18  6037
  6040  H     94.99000000   89.91000000   55.74000000    18  6037
  6041  C     96.59000000   89.79000000   51.87000000     9  6029  6042  6043
  6042  O     95.65000000   89.62000000   51.09000000    11  6041
  6043  N     97.86000000   89.70000000   51.47000000     7  6041  6044  6045
  6044  HN    98.61000000   89.92000000   52.11000000    10  6043
  6045  CA    98.25000000   89.25000000   50.14000000     8  6043  6046  6047  6052
  6046  H     97.41000000   88.77000000   49.67000000    12  6045
  6047  C     98.73000000   90.42000000   49.25000000    33  6045  6048  6049  6050
  6048  H     97.94000000   91.20000000   49.25000000    34  6047
  6049  H     99.65000000   90.88000000   49.67000000    34  6047
  6050  OH    98.97000000   90.01000000   47.90000000    35  6047  6051
  6051  HO    99.18000000   90.83000000   47.40000000    36  6050
  6052  C     99.35000000   88.21000000   50.29000000     9  6045  6053  6054
  6053  O    100.34000000   88.42000000   50.98000000    11  6052
  6054  N     99.20000000   87.04000000   49.65000000     7  6052  6055  6056
  6055  HN    98.43000000   86.92000000   49.02000000    10  6054
  6056  CA   100.14000000   85.94000000   49.76000000     8  6054  6057  6058  6071
  6057  H    100.80000000   86.11000000   50.60000000    12  6056
  6058  C     99.40000000   84.59000000   49.99000000    19  6056  6059  6060  6061
  6059  H     98.69000000   84.44000000   49.14000000    20  6058
  6060  H    100.12000000   83.74000000   49.97000000    20  6058
  6061  C     98.56000000   84.49000000   51.28000000    21  6058  6062  6063  6067
  6062  H     97.80000000   85.30000000   51.26000000    22  6061
  6063  C     97.83000000   83.14000000   51.32000000    23  6061  6064  6065  6066
  6064  H     97.17000000   83.08000000   52.22000000    24  6063
  6065  H     97.20000000   83.01000000   50.42000000    24  6063
  6066  H     98.55000000   82.30000000   51.37000000    24  6063
  6067  C     99.38000000   84.66000000   52.57000000    23  6061  6068  6069  6070
  6068  H     98.70000000   84.67000000   53.44000000    24  6067
  6069  H    100.09000000   83.81000000   52.71000000    24  6067
  6070  H     99.95000000   85.62000000   52.57000000    24  6067
  6071  C    101.02000000   85.88000000   48.52000000     9  6056  6072  6073
  6072  O    100.66000000   86.38000000   47.45000000    11  6071
  6073  N    102.23000000   85.29000000   48.63000000     7  6071  6074  6075
  6074  HN   102.50000000   84.87000000   49.50000000    10  6073
  6075  CA   103.24000000   85.28000000   47.56000000     8  6073  6076  6077  6093
  6076  H    103.49000000   86.31000000   47.36000000    12  6075
  6077  C    104.52000000   84.54000000   48.02000000   182  6075  6078  6079  6080
  6078  H    104.23000000   83.49000000   48.27000000   183  6077
  6079  H    105.25000000   84.48000000   47.18000000   183  6077
  6080  C    105.27000000   85.11000000   49.24000000   184  6077  6081  6082  6083
  6081  H    104.57000000   85.35000000   50.07000000   185  6080
  6082  H    105.91000000   84.28000000   49.62000000   185  6080
  6083  C    106.23000000   86.30000000   48.97000000   186  6080  6084  6085  6086
  6084  H    106.98000000   86.25000000   49.79000000   187  6083
  6085  H    106.76000000   86.14000000   48.01000000   187  6083
  6086  C    105.57000000   87.68000000   48.97000000   188  6083  6087  6088  6089
  6087  H    105.16000000   87.94000000   47.97000000   189  6086
  6088  H    104.74000000   87.69000000   49.71000000   189  6086
  6089  N    106.53000000   88.73000000   49.38000000   190  6086  6090  6091  6092
  6090  HN   106.13000000   89.69000000   49.22000000   191  6089
  6091  HN   106.72000000   88.60000000   50.41000000   191  6089
  6092  HN   107.44000000   88.65000000   48.87000000   191  6089
  6093  C    102.79000000   84.66000000   46.22000000     9  6075  6094  6095
  6094  O    102.05000000   83.68000000   46.18000000    11  6093
  6095  N    103.26000000   85.23000000   45.09000000     7  6093  6096  6097
  6096  HN   103.82000000   86.06000000   45.14000000    10  6095
  6097  CA   103.04000000   84.71000000   43.74000000     8  6095  6098  6099  6108
  6098  H    102.02000000   84.34000000   43.67000000    12  6097
  6099  C    103.23000000   85.81000000   42.66000000   153  6097  6100  6101  6102
  6100  H    104.18000000   86.33000000   42.88000000   154  6099
  6101  H    103.31000000   85.35000000   41.65000000   154  6099
  6102  C    102.10000000   86.87000000   42.58000000   155  6099  6103  6104  6105
  6103  H    101.17000000   86.40000000   42.18000000   156  6102
  6104  H    101.88000000   87.27000000   43.59000000   156  6102
  6105  C    102.47000000   88.02000000   41.67000000   157  6102  6106  6107
  6106  O    102.92000000   87.79000000   40.51000000   158  6105
  6107  O    102.35000000   89.20000000   42.10000000   158  6105
  6108  C    103.95000000   83.52000000   43.42000000     9  6097  6109  6110
  6109  O    105.00000000   83.67000000   42.79000000    11  6108
  6110  N    103.57000000   82.31000000   43.87000000     7  6108  6111  6112
  6111  HN   102.72000000   82.22000000   44.39000000    10  6110
  6112  CA   104.35000000   81.08000000   43.69000000     8  6110  6113  6114  6122
  6113  H    105.14000000   81.28000000   42.98000000    12  6112
  6114  C    105.01000000   80.54000000   44.98000000    37  6112  6115  6116  6118
  6115  H    106.03000000   80.16000000   44.71000000    38  6114
  6116  OH   104.33000000   79.46000000   45.64000000    39  6114  6117
  6117  HO   104.92000000   78.68000000   45.51000000    40  6116
  6118  C    105.21000000   81.65000000   46.02000000    41  6114  6119  6120  6121
  6119  H    105.76000000   81.24000000   46.89000000    42  6118
  6120  H    105.80000000   82.48000000   45.58000000    42  6118
  6121  H    104.24000000   82.03000000   46.38000000    42  6118
  6122  C    103.46000000   80.04000000   43.05000000     9  6112  6123  6124
  6123  O    102.23000000   80.10000000   43.14000000    11  6122
  6124  N    104.08000000   79.05000000   42.39000000     7  6122  6125  6126
  6125  HN   105.09000000   79.02000000   42.36000000    10  6124
  6126  CA   103.43000000   77.89000000   41.81000000     8  6124  6127  6128  6137
  6127  H    102.64000000   78.25000000   41.18000000    12  6126
  6128  C    104.43000000   77.12000000   40.90000000   153  6126  6129  6130  6131
  6129  H    105.39000000   77.00000000   41.45000000   154  6128
  6130  H    104.06000000   76.10000000   40.66000000   154  6128
  6131  C    104.64000000   77.89000000   39.56000000   155  6128  6132  6133  6134
  6132  H    103.89000000   77.53000000   38.82000000   156  6131
  6133  H    104.46000000   78.97000000   39.73000000   156  6131
  6134  C    106.02000000   77.80000000   38.93000000   157  6131  6135  6136
  6135  O    107.05000000   77.56000000   39.62000000   158  6134
  6136  O    106.10000000   78.09000000   37.71000000   158  6134
  6137  C    102.74000000   77.00000000   42.84000000     9  6126  6138  6139
  6138  O    101.60000000   76.60000000   42.63000000    11  6137
  6139  N    103.37000000   76.74000000   44.00000000     7  6137  6140  6141
  6140  HN   104.31000000   77.07000000   44.17000000    10  6139
  6141  CA   102.79000000   76.00000000   45.11000000     8  6139  6142  6143  6152
  6142  H    102.56000000   75.00000000   44.78000000    12  6141
  6143  C    103.76000000   75.97000000   46.33000000   153  6141  6144  6145  6146
  6144  H    103.94000000   76.99000000   46.73000000   154  6143
  6145  H    103.27000000   75.38000000   47.14000000   154  6143
  6146  C    105.13000000   75.30000000   46.05000000   155  6143  6147  6148  6149
  6147  H    105.61000000   75.08000000   47.03000000   156  6146
  6148  H    104.97000000   74.35000000   45.51000000   156  6146
  6149  C    106.11000000   76.16000000   45.27000000   157  6146  6150  6151
  6150  O    107.15000000   75.59000000   44.86000000   158  6149
  6151  O    105.87000000   77.37000000   45.07000000   158  6149
  6152  C    101.52000000   76.63000000   45.64000000     9  6141  6153  6154
  6153  O    100.49000000   75.99000000   45.82000000    11  6152
  6154  N    101.56000000   77.96000000   45.84000000     7  6152  6155  6156
  6155  HN   102.44000000   78.44000000   45.72000000    10  6154
  6156  CA   100.43000000   78.75000000   46.23000000     8  6154  6157  6158  6166
  6157  H    100.01000000   78.31000000   47.13000000    12  6156
  6158  C    100.87000000   80.20000000   46.53000000   147  6156  6159  6160  6161
  6159  H    101.49000000   80.60000000   45.70000000   148  6158
  6160  H     99.98000000   80.84000000   46.66000000   148  6158
  6161  C    101.69000000   80.26000000   47.83000000   149  6158  6162  6163
  6162  O    101.99000000   79.27000000   48.49000000   150  6161
  6163  N    102.05000000   81.50000000   48.24000000   151  6161  6164  6165
  6164  HN   101.80000000   82.29000000   47.69000000   152  6163
  6165  HN   102.52000000   81.56000000   49.12000000   152  6163
  6166  C     99.31000000   78.70000000   45.19000000     9  6156  6167  6168
  6167  O     98.14000000   78.56000000   45.52000000    11  6166
  6168  N     99.67000000   78.75000000   43.89000000     7  6166  6169  6170
  6169  HN   100.64000000   78.84000000   43.65000000    10  6168
  6170  CA    98.74000000   78.60000000   42.78000000     8  6168  6171  6172  6188
  6171  H     97.98000000   79.36000000   42.90000000    12  6170
  6172  C     99.49000000   78.81000000   41.44000000   182  6170  6173  6174  6175
  6173  H    100.25000000   79.61000000   41.61000000   183  6172
  6174  H    100.05000000   77.90000000   41.14000000   183  6172
  6175  C     98.59000000   79.30000000   40.30000000   184  6172  6176  6177  6178
  6176  H     97.81000000   78.54000000   40.06000000   185  6175
  6177  H     98.07000000   80.20000000   40.68000000   185  6175
  6178  C     99.37000000   79.66000000   39.02000000   186  6175  6179  6180  6181
  6179  H    100.32000000   80.17000000   39.29000000   187  6178
  6180  H     99.65000000   78.71000000   38.51000000   187  6178
  6181  C     98.59000000   80.53000000   38.02000000   188  6178  6182  6183  6184
  6182  H     99.15000000   80.60000000   37.06000000   189  6181
  6183  H     97.59000000   80.10000000   37.82000000   189  6181
  6184  N     98.43000000   81.90000000   38.54000000   190  6181  6185  6186  6187
  6185  HN    98.02000000   82.53000000   37.81000000   191  6184
  6186  HN    97.78000000   81.90000000   39.36000000   191  6184
  6187  HN    99.36000000   82.29000000   38.84000000   191  6184
  6188  C     98.03000000   77.23000000   42.79000000     9  6170  6189  6190
  6189  O     96.81000000   77.16000000   42.62000000    11  6188
  6190  N     98.78000000   76.13000000   43.03000000     7  6188  6191  6192
  6191  HN    99.79000000   76.20000000   43.04000000    10  6190
  6192  CA    98.26000000   74.78000000   43.25000000     8  6190  6193  6194  6202
  6193  H     97.68000000   74.51000000   42.38000000    12  6192
  6194  C     99.38000000   73.75000000   43.43000000    37  6192  6195  6196  6198
  6195  H     99.97000000   73.97000000   44.34000000    38  6194
  6196  OH   100.26000000   73.80000000   42.32000000    39  6194  6197
  6197  HO   100.59000000   72.88000000   42.14000000    40  6196
  6198  C     98.85000000   72.31000000   43.49000000    41  6194  6199  6200  6201
  6199  H     99.68000000   71.60000000   43.70000000    42  6198
  6200  H     98.07000000   72.17000000   44.26000000    42  6198
  6201  H     98.42000000   72.02000000   42.51000000    42  6198
  6202  C     97.35000000   74.69000000   44.46000000     9  6192  6203  6204
  6203  O     96.21000000   74.22000000   44.36000000    11  6202
  6204  N     97.78000000   75.22000000   45.62000000     7  6202  6205  6206
  6205  HN    98.71000000   75.60000000   45.68000000    10  6204
  6206  CA    97.00000000   75.23000000   46.86000000     8  6204  6207  6208  6224
  6207  H     96.74000000   74.20000000   47.08000000    12  6206
  6208  C     97.82000000   75.78000000   48.06000000   182  6206  6209  6210  6211
  6209  H     98.29000000   76.75000000   47.77000000   183  6208
  6210  H     97.13000000   75.98000000   48.91000000   183  6208
  6211  C     98.90000000   74.80000000   48.55000000   184  6208  6212  6213  6214
  6212  H     98.44000000   73.82000000   48.78000000   185  6211
  6213  H     99.63000000   74.63000000   47.74000000   185  6211
  6214  C     99.68000000   75.30000000   49.79000000   186  6211  6215  6216  6217
  6215  H    100.45000000   74.53000000   50.03000000   187  6214
  6216  H    100.22000000   76.23000000   49.51000000   187  6214
  6217  C     98.87000000   75.60000000   51.06000000   188  6214  6218  6219  6220
  6218  H     99.56000000   75.90000000   51.88000000   189  6217
  6219  H     98.14000000   76.42000000   50.89000000   189  6217
  6220  N     98.12000000   74.42000000   51.52000000   190  6217  6221  6222  6223
  6221  HN    97.75000000   74.56000000   52.48000000   191  6220
  6222  HN    97.30000000   74.24000000   50.87000000   191  6220
  6223  HN    98.72000000   73.56000000   51.48000000   191  6220
  6224  C     95.69000000   75.97000000   46.77000000     9  6206  6225  6226
  6225  O     94.65000000   75.49000000   47.23000000    11  6224
  6226  N     95.69000000   77.16000000   46.14000000     1  6224  6227  6228
  6227  HN    96.57000000   77.52000000   45.79000000     4  6226
  6228  CA    94.50000000   77.96000000   45.92000000     2  6226  6229  6230  6231
  6229  H     94.03000000   78.14000000   46.87000000     6  6228
  6230  H     94.80000000   78.87000000   45.41000000     6  6228
  6231  C     93.48000000   77.29000000   45.04000000     3  6228  6232  6233
  6232  O     92.29000000   77.29000000   45.35000000     5  6231
  6233  N     93.94000000   76.66000000   43.94000000     7  6231  6234  6235
  6234  HN    94.91000000   76.68000000   43.71000000    10  6233
  6235  CA    93.09000000   75.87000000   43.08000000     8  6233  6236  6237  6251
  6236  H     92.25000000   76.49000000   42.80000000    12  6235
  6237  C     93.87000000   75.47000000   41.80000000    61  6235  6238  6239  6240
  6238  H     94.30000000   76.37000000   41.32000000    62  6237
  6239  H     94.70000000   74.78000000   42.06000000    62  6237
  6240  C     92.93000000   74.80000000   40.82000000    63  6237  6241  6247
  6241  C     92.17000000   75.59000000   39.95000000    64  6240  6242  6243
  6242  H     92.33000000   76.66000000   39.92000000    65  6241
  6243  C     91.15000000   75.02000000   39.18000000    66  6241  6244  6245
  6244  H     90.54000000   75.64000000   38.55000000    67  6243
  6245  C     90.92000000   73.65000000   39.25000000    68  6243  6246  6249
  6246  H     90.11000000   73.22000000   38.67000000    69  6245
  6247  C     92.72000000   73.41000000   40.85000000    64  6240  6248  6249
  6248  H     93.28000000   72.80000000   41.54000000    65  6247
  6249  C     91.70000000   72.84000000   40.07000000    66  6245  6247  6250
  6250  H     91.51000000   71.78000000   40.13000000    67  6249
  6251  C     92.49000000   74.65000000   43.79000000     9  6235  6252  6253
  6252  O     91.29000000   74.40000000   43.72000000    11  6251
  6253  N     93.32000000   73.90000000   44.55000000     7  6251  6254  6255
  6254  HN    94.30000000   74.07000000   44.55000000    10  6253
  6255  CA    92.87000000   72.75000000   45.33000000     8  6253  6256  6257  6263
  6256  H     92.39000000   72.06000000   44.64000000    12  6255
  6257  C     94.08000000   72.05000000   46.02000000   137  6255  6258  6259  6260
  6258  H     94.70000000   72.81000000   46.54000000   138  6257
  6259  H     93.73000000   71.30000000   46.76000000   138  6257
  6260  C     94.97000000   71.29000000   45.05000000   139  6257  6261  6262
  6261  O     94.55000000   71.05000000   43.89000000   140  6260
  6262  O     96.07000000   70.85000000   45.49000000   140  6260
  6263  C     91.81000000   73.12000000   46.36000000     9  6255  6264  6265
  6264  O     90.83000000   72.40000000   46.56000000    11  6263
  6265  N     91.98000000   74.26000000   47.07000000     7  6263  6266  6267
  6266  HN    92.81000000   74.80000000   46.95000000    10  6265
  6267  CA    90.94000000   74.81000000   47.93000000     8  6265  6268  6269  6284
  6268  H     90.64000000   74.03000000   48.62000000    12  6267
  6269  C     91.48000000   76.02000000   48.74000000    70  6267  6270  6271  6272
  6270  H     91.90000000   76.76000000   48.02000000    71  6269
  6271  H     90.66000000   76.51000000   49.31000000    71  6269
  6272  C     92.55000000   75.69000000   49.76000000    72  6269  6273  6280
  6273  C     92.47000000   74.55000000   50.59000000    73  6272  6274  6275
  6274  H     91.65000000   73.86000000   50.49000000    74  6273
  6275  C     93.41000000   74.33000000   51.61000000    75  6273  6276  6277
  6276  H     93.33000000   73.47000000   52.25000000    76  6275
  6277  C     94.44000000   75.25000000   51.83000000    77  6275  6278  6282
  6278  OH    95.38000000   75.00000000   52.85000000    78  6277  6279
  6279  HO    95.87000000   75.81000000   53.10000000    79  6278
  6280  C     93.61000000   76.60000000   49.99000000    73  6272  6281  6282
  6281  H     93.69000000   77.48000000   49.37000000    74  6280
  6282  C     94.54000000   76.38000000   51.01000000    75  6277  6280  6283
  6283  H     95.36000000   77.07000000   51.16000000    76  6282
  6284  C     89.64000000   75.20000000   47.22000000     9  6267  6285  6286
  6285  O     88.55000000   74.83000000   47.67000000    11  6284
  6286  N     89.69000000   75.92000000   46.08000000     7  6284  6287  6288
  6287  HN    90.57000000   76.24000000   45.71000000    10  6286
  6288  CA    88.50000000   76.24000000   45.29000000     8  6286  6289  6290  6303
  6289  H     87.78000000   76.66000000   45.97000000    12  6288
  6290  C     88.76000000   77.29000000   44.17000000    19  6288  6291  6292  6293
  6291  H     89.62000000   76.95000000   43.55000000    20  6290
  6292  H     87.86000000   77.37000000   43.52000000    20  6290
  6293  C     89.04000000   78.72000000   44.70000000    21  6290  6294  6295  6299
  6294  H     89.95000000   78.65000000   45.33000000    22  6293
  6295  C     89.35000000   79.68000000   43.55000000    23  6293  6296  6297  6298
  6296  H     89.56000000   80.70000000   43.94000000    24  6295
  6297  H     90.24000000   79.33000000   42.99000000    24  6295
  6298  H     88.49000000   79.74000000   42.85000000    24  6295
  6299  C     87.89000000   79.29000000   45.53000000    23  6293  6300  6301  6302
  6300  H     88.12000000   80.33000000   45.86000000    24  6299
  6301  H     86.95000000   79.32000000   44.93000000    24  6299
  6302  H     87.69000000   78.69000000   46.44000000    24  6299
  6303  C     87.79000000   75.03000000   44.71000000     9  6288  6304  6305
  6304  O     86.56000000   74.96000000   44.71000000    11  6303
  6305  N     88.53000000   74.01000000   44.24000000     7  6303  6306  6307
  6306  HN    89.53000000   74.09000000   44.17000000    10  6305
  6307  CA    87.94000000   72.76000000   43.79000000     8  6305  6308  6309  6322
  6308  H     87.23000000   72.99000000   43.02000000    12  6307
  6309  C     89.04000000   71.84000000   43.21000000    19  6307  6310  6311  6312
  6310  H     89.57000000   72.42000000   42.42000000    20  6309
  6311  H     89.78000000   71.61000000   44.00000000    20  6309
  6312  C     88.55000000   70.52000000   42.58000000    21  6309  6313  6314  6318
  6313  H     88.05000000   69.90000000   43.37000000    22  6312
  6314  C     87.53000000   70.75000000   41.44000000    23  6312  6315  6316  6317
  6315  H     87.24000000   69.78000000   40.99000000    24  6314
  6316  H     86.61000000   71.23000000   41.83000000    24  6314
  6317  H     87.97000000   71.39000000   40.65000000    24  6314
  6318  C     89.74000000   69.70000000   42.05000000    23  6312  6319  6320  6321
  6319  H     89.39000000   68.75000000   41.61000000    24  6318
  6320  H     90.28000000   70.27000000   41.26000000    24  6318
  6321  H     90.45000000   69.47000000   42.87000000    24  6318
  6322  C     87.15000000   72.05000000   44.90000000     9  6307  6323  6324
  6323  O     86.01000000   71.64000000   44.70000000    11  6322
  6324  N     87.70000000   72.00000000   46.13000000     7  6322  6325  6326
  6325  HN    88.64000000   72.32000000   46.27000000    10  6324
  6326  CA    86.99000000   71.51000000   47.30000000     8  6324  6327  6328  6344
  6327  H     86.64000000   70.52000000   47.05000000    12  6326
  6328  C     87.94000000   71.35000000   48.51000000   182  6326  6329  6330  6331
  6329  H     88.54000000   72.27000000   48.66000000   183  6328
  6330  H     87.35000000   71.18000000   49.44000000   183  6328
  6331  C     88.85000000   70.13000000   48.32000000   184  6328  6332  6333  6334
  6332  H     88.18000000   69.29000000   48.01000000   185  6331
  6333  H     89.56000000   70.31000000   47.48000000   185  6331
  6334  C     89.61000000   69.73000000   49.59000000   186  6331  6335  6336  6337
  6335  H     90.28000000   70.56000000   49.89000000   187  6334
  6336  H     88.87000000   69.61000000   50.42000000   187  6334
  6337  C     90.43000000   68.44000000   49.45000000   188  6334  6338  6339  6340
  6338  H     91.24000000   68.58000000   48.71000000   189  6337
  6339  H     90.88000000   68.17000000   50.43000000   189  6337
  6340  N     89.58000000   67.32000000   49.01000000   190  6337  6341  6342  6343
  6341  HN    90.12000000   66.42000000   49.01000000   191  6340
  6342  HN    88.75000000   67.22000000   49.65000000   191  6340
  6343  HN    89.24000000   67.47000000   48.03000000   191  6340
  6344  C     85.73000000   72.26000000   47.70000000     9  6326  6345  6346
  6345  O     84.75000000   71.66000000   48.13000000    11  6344
  6346  N     85.73000000   73.60000000   47.57000000     7  6344  6347  6348
  6347  HN    86.57000000   74.08000000   47.31000000    10  6346
  6348  CA    84.53000000   74.42000000   47.66000000     8  6346  6349  6350  6354
  6349  H     84.05000000   74.20000000   48.60000000    12  6348
  6350  C     84.93000000   75.90000000   47.67000000    13  6348  6351  6352  6353
  6351  H     84.04000000   76.56000000   47.75000000    14  6350
  6352  H     85.58000000   76.13000000   48.54000000    14  6350
  6353  H     85.49000000   76.17000000   46.75000000    14  6350
  6354  C     83.49000000   74.15000000   46.57000000     9  6348  6355  6356
  6355  O     82.30000000   74.04000000   46.86000000    11  6354
  6356  N     83.90000000   73.98000000   45.30000000     7  6354  6357  6358
  6357  HN    84.87000000   74.13000000   45.07000000    10  6356
  6358  CA    83.04000000   73.58000000   44.19000000     8  6356  6359  6360  6364
  6359  H     82.23000000   74.30000000   44.13000000    12  6358
  6360  C     83.84000000   73.62000000   42.88000000    13  6358  6361  6362  6363
  6361  H     83.19000000   73.38000000   42.01000000    14  6360
  6362  H     84.28000000   74.62000000   42.73000000    14  6360
  6363  H     84.67000000   72.88000000   42.90000000    14  6360
  6364  C     82.40000000   72.20000000   44.38000000     9  6358  6365  6366
  6365  O     81.19000000   72.01000000   44.22000000    11  6364
  6366  N     83.20000000   71.22000000   44.84000000     7  6364  6367  6368
  6367  HN    84.19000000   71.39000000   44.87000000    10  6366
  6368  CA    82.78000000   69.90000000   45.27000000     8  6366  6369  6370  6379
  6369  H     82.28000000   69.41000000   44.44000000    12  6368
  6370  C     84.02000000   69.06000000   45.69000000   153  6368  6371  6372  6373
  6371  H     84.62000000   69.68000000   46.38000000   154  6370
  6372  H     83.70000000   68.14000000   46.23000000   154  6370
  6373  C     84.92000000   68.60000000   44.51000000   155  6370  6374  6375  6376
  6374  H     84.40000000   67.82000000   43.91000000   156  6373
  6375  H     85.14000000   69.45000000   43.83000000   156  6373
  6376  C     86.25000000   68.03000000   44.97000000   157  6373  6377  6378
  6377  O     86.98000000   67.43000000   44.13000000   158  6376
  6378  O     86.59000000   68.13000000   46.18000000   158  6376
  6379  C     81.79000000   69.92000000   46.43000000     9  6368  6380  6381
  6380  O     80.94000000   69.03000000   46.58000000    11  6379
  6381  N     81.88000000   70.93000000   47.31000000     7  6379  6382  6383
  6382  HN    82.59000000   71.62000000   47.20000000    10  6381
  6383  CA    80.99000000   71.10000000   48.43000000     8  6381  6384  6385  6389
  6384  H     80.54000000   70.15000000   48.70000000    12  6383
  6385  C     81.80000000   71.61000000   49.64000000    13  6383  6386  6387  6388
  6386  H     81.17000000   71.64000000   50.55000000    14  6385
  6387  H     82.64000000   70.92000000   49.84000000    14  6385
  6388  H     82.20000000   72.62000000   49.45000000    14  6385
  6389  C     79.83000000   72.06000000   48.13000000     9  6383  6390  6391
  6390  O     78.97000000   72.31000000   48.97000000    11  6389
  6391  N     79.74000000   72.58000000   46.89000000     1  6389  6392  6393
  6392  HN    80.46000000   72.40000000   46.22000000     4  6391
  6393  CA    78.54000000   73.25000000   46.39000000     2  6391  6394  6395  6396
  6394  H     78.44000000   72.95000000   45.37000000     6  6393
  6395  H     77.68000000   72.94000000   46.97000000     6  6393
  6396  C     78.54000000   74.76000000   46.39000000     3  6393  6397  6398
  6397  O     77.46000000   75.35000000   46.29000000     5  6396
  6398  N     79.70000000   75.45000000   46.49000000     7  6396  6399  6400
  6399  HN    80.57000000   74.97000000   46.62000000    10  6398
  6400  CA    79.76000000   76.90000000   46.36000000     8  6398  6401  6402  6408
  6401  H     78.88000000   77.33000000   46.82000000    12  6400
  6402  C     81.01000000   77.45000000   47.12000000   137  6400  6403  6404  6405
  6403  H     80.92000000   77.23000000   48.20000000   138  6402
  6404  H     81.92000000   76.95000000   46.73000000   138  6402
  6405  C     81.20000000   78.95000000   46.96000000   139  6402  6406  6407
  6406  O     80.41000000   79.73000000   47.55000000   140  6405
  6407  O     82.12000000   79.36000000   46.20000000   140  6405
  6408  C     79.74000000   77.34000000   44.88000000     9  6400  6409  6410
  6409  O     80.61000000   76.96000000   44.09000000    11  6408
  6410  N     78.74000000   78.15000000   44.47000000     7  6408  6411  6412
  6411  HN    78.05000000   78.48000000   45.12000000    10  6410
  6412  CA    78.58000000   78.61000000   43.10000000     8  6410  6413  6414  6432
  6413  H     78.48000000   77.73000000   42.48000000    12  6412
  6414  C     77.28000000   79.45000000   42.96000000   202  6412  6415  6416  6417
  6415  H     76.41000000   78.79000000   43.18000000   203  6414
  6416  H     77.30000000   80.23000000   43.75000000   203  6414
  6417  C     77.09000000   80.15000000   41.60000000   204  6414  6418  6419  6420
  6418  H     77.87000000   80.93000000   41.47000000   205  6417
  6419  H     77.22000000   79.39000000   40.79000000   205  6417
  6420  C     75.72000000   80.80000000   41.42000000   206  6417  6421  6422  6423
  6421  H     75.65000000   81.29000000   40.42000000   207  6420
  6422  H     74.92000000   80.04000000   41.49000000   207  6420
  6423  N     75.51000000   81.80000000   42.51000000   208  6420  6424  6425
  6424  HN    75.14000000   81.49000000   43.41000000   209  6423
  6425  C     75.84000000   83.09000000   42.45000000   210  6423  6426  6429
  6426  N     76.61000000   83.58000000   41.51000000   211  6425  6427  6428
  6427  HN    77.10000000   82.96000000   40.92000000   212  6426
  6428  HN    76.95000000   84.52000000   41.65000000   212  6426
  6429  N     75.39000000   83.93000000   43.36000000   211  6425  6430  6431
  6430  HN    74.68000000   83.61000000   43.98000000   212  6429
  6431  HN    75.46000000   84.91000000   43.14000000   212  6429
  6432  C     79.73000000   79.41000000   42.53000000     9  6412  6433  6434
  6433  O     80.17000000   79.18000000   41.40000000    11  6432
  6434  N     80.28000000   80.37000000   43.30000000     7  6432  6435  6436
  6435  HN    79.88000000   80.57000000   44.21000000    10  6434
  6436  CA    81.41000000   81.19000000   42.91000000     8  6434  6437  6438  6449
  6437  H     81.15000000   81.71000000   41.99000000    12  6436
  6438  C     81.73000000   82.23000000   44.02000000   167  6436  6439  6440  6441
  6439  H     80.84000000   82.89000000   44.15000000   168  6438
  6440  H     81.87000000   81.68000000   44.98000000   168  6438
  6441  C     82.99000000   83.09000000   43.74000000   169  6438  6442  6443  6444
  6442  H     83.89000000   82.44000000   43.63000000   170  6441
  6443  H     82.84000000   83.65000000   42.80000000   170  6441
  6444  C     83.29000000   84.10000000   44.86000000   171  6441  6445  6446
  6445  O     82.58000000   84.24000000   45.85000000   172  6444
  6446  N     84.41000000   84.83000000   44.70000000   173  6444  6447  6448
  6447  HN    84.98000000   84.73000000   43.89000000   174  6446
  6448  HN    84.67000000   85.44000000   45.45000000   174  6446
  6449  C     82.64000000   80.35000000   42.61000000     9  6436  6450  6451
  6450  O     83.29000000   80.50000000   41.57000000    11  6449
  6451  N     82.93000000   79.39000000   43.49000000     7  6449  6452  6453
  6452  HN    82.42000000   79.34000000   44.36000000    10  6451
  6453  CA    83.99000000   78.41000000   43.32000000     8  6451  6454  6455  6460
  6454  H     84.91000000   78.95000000   43.17000000    12  6453
  6455  C     84.16000000   77.53000000   44.57000000    33  6453  6456  6457  6458
  6456  H     83.23000000   76.96000000   44.79000000    34  6455
  6457  H     85.00000000   76.81000000   44.42000000    34  6455
  6458  OH    84.48000000   78.36000000   45.69000000    35  6455  6459
  6459  HO    83.64000000   78.82000000   45.93000000    36  6458
  6460  C     83.83000000   77.51000000   42.11000000     9  6453  6461  6462
  6461  O     84.79000000   77.30000000   41.37000000    11  6460
  6462  N     82.60000000   77.01000000   41.81000000     7  6460  6463  6464
  6463  HN    81.83000000   77.16000000   42.43000000    10  6462
  6464  CA    82.34000000   76.27000000   40.58000000     8  6462  6465  6466  6477
  6465  H     82.98000000   75.39000000   40.56000000    12  6464
  6466  C     80.86000000   75.83000000   40.45000000   175  6464  6467  6468  6469
  6467  H     80.21000000   76.73000000   40.52000000   176  6466
  6468  H     80.69000000   75.39000000   39.44000000   176  6466
  6469  C     80.36000000   74.80000000   41.46000000   177  6466  6470  6471  6472
  6470  H     80.97000000   73.87000000   41.39000000   178  6469
  6471  H     80.50000000   75.19000000   42.49000000   178  6469
  6472  S     78.61000000   74.42000000   41.18000000   179  6469  6473
  6473  C     78.38000000   73.58000000   42.76000000   180  6472  6474  6475  6476
  6474  H     77.33000000   73.22000000   42.87000000   181  6473
  6475  H     79.06000000   72.71000000   42.85000000   181  6473
  6476  H     78.59000000   74.28000000   43.59000000   181  6473
  6477  C     82.64000000   77.06000000   39.33000000     9  6464  6478  6479
  6478  O     83.29000000   76.58000000   38.41000000    11  6477
  6479  N     82.19000000   78.33000000   39.29000000     7  6477  6480  6481
  6480  HN    81.64000000   78.67000000   40.05000000    10  6479
  6481  CA    82.43000000   79.26000000   38.20000000     8  6479  6482  6483  6496
  6482  H     82.13000000   78.77000000   37.28000000    12  6481
  6483  C     81.55000000   80.49000000   38.36000000    25  6481  6484  6485  6489
  6484  H     81.65000000   80.86000000   39.41000000    26  6483
  6485  C     81.98000000   81.64000000   37.41000000    29  6483  6486  6487  6488
  6486  H     81.32000000   82.52000000   37.56000000    30  6485
  6487  H     83.01000000   81.97000000   37.60000000    30  6485
  6488  H     81.89000000   81.31000000   36.35000000    30  6485
  6489  C     80.07000000   80.08000000   38.14000000    27  6483  6490  6491  6492
  6490  H     79.93000000   79.82000000   37.06000000    28  6489
  6491  H     79.84000000   79.17000000   38.73000000    28  6489
  6492  C     79.05000000   81.16000000   38.54000000    31  6489  6493  6494  6495
  6493  H     78.02000000   80.78000000   38.39000000    32  6492
  6494  H     79.18000000   81.42000000   39.61000000    32  6492
  6495  H     79.18000000   82.07000000   37.93000000    32  6492
  6496  C     83.91000000   79.58000000   38.00000000     9  6481  6497  6498
  6497  O     84.42000000   79.62000000   36.88000000    11  6496
  6498  N     84.68000000   79.79000000   39.08000000     7  6496  6499  6500
  6499  HN    84.25000000   79.82000000   39.99000000    10  6498
  6500  CA    86.12000000   79.92000000   39.03000000     8  6498  6501  6502  6515
  6501  H     86.35000000   80.69000000   38.30000000    12  6500
  6502  C     86.68000000   80.36000000   40.40000000    19  6500  6503  6504  6505
  6503  H     86.30000000   79.65000000   41.17000000    20  6502
  6504  H     87.79000000   80.31000000   40.41000000    20  6502
  6505  C     86.27000000   81.79000000   40.79000000    21  6502  6506  6507  6511
  6506  H     85.16000000   81.89000000   40.69000000    22  6505
  6507  C     86.60000000   82.06000000   42.26000000    23  6505  6508  6509  6510
  6508  H     86.28000000   83.08000000   42.55000000    24  6507
  6509  H     86.08000000   81.33000000   42.92000000    24  6507
  6510  H     87.70000000   81.97000000   42.44000000    24  6507
  6511  C     86.92000000   82.85000000   39.89000000    23  6505  6512  6513  6514
  6512  H     86.65000000   83.86000000   40.24000000    24  6511
  6513  H     88.02000000   82.75000000   39.90000000    24  6511
  6514  H     86.56000000   82.75000000   38.84000000    24  6511
  6515  C     86.87000000   78.69000000   38.52000000     9  6500  6516  6517
  6516  O     87.75000000   78.79000000   37.67000000    11  6515
  6517  N     86.49000000   77.49000000   39.00000000     7  6515  6518  6519
  6518  HN    85.80000000   77.43000000   39.73000000    10  6517
  6519  CA    86.97000000   76.20000000   38.50000000     8  6517  6520  6521  6531
  6520  H     88.05000000   76.20000000   38.56000000    12  6519
  6521  C     86.45000000   75.05000000   39.37000000    15  6519  6522  6523  6527
  6522  H     85.35000000   75.19000000   39.53000000    16  6521
  6523  C     86.68000000   73.67000000   38.74000000    17  6521  6524  6525  6526
  6524  H     86.36000000   72.87000000   39.45000000    18  6523
  6525  H     86.08000000   73.53000000   37.81000000    18  6523
  6526  H     87.75000000   73.51000000   38.50000000    18  6523
  6527  C     87.15000000   75.12000000   40.74000000    17  6521  6528  6529  6530
  6528  H     86.72000000   74.34000000   41.42000000    18  6527
  6529  H     88.24000000   74.91000000   40.64000000    18  6527
  6530  H     87.02000000   76.10000000   41.23000000    18  6527
  6531  C     86.63000000   76.01000000   37.03000000     9  6519  6532  6533
  6532  O     87.44000000   75.56000000   36.22000000    11  6531
  6533  N     85.40000000   76.40000000   36.64000000     7  6531  6534  6535
  6534  HN    84.71000000   76.66000000   37.31000000    10  6533
  6535  CA    84.98000000   76.44000000   35.26000000     8  6533  6536  6537  6541
  6536  H     85.09000000   75.45000000   34.86000000    12  6535
  6537  C     83.49000000   76.80000000   35.20000000    13  6535  6538  6539  6540
  6538  H     83.10000000   76.67000000   34.17000000    14  6537
  6539  H     82.91000000   76.11000000   35.86000000    14  6537
  6540  H     83.30000000   77.84000000   35.53000000    14  6537
  6541  C     85.82000000   77.36000000   34.37000000     9  6535  6542  6543
  6542  O     86.35000000   76.95000000   33.34000000    11  6541
  6543  N     86.05000000   78.62000000   34.77000000     7  6541  6544  6545
  6544  HN    85.59000000   78.99000000   35.58000000    10  6543
  6545  CA    86.93000000   79.50000000   34.01000000     8  6543  6546  6547  6565
  6546  H     86.57000000   79.50000000   32.99000000    12  6545
  6547  C     86.81000000   80.97000000   34.49000000   202  6545  6548  6549  6550
  6548  H     86.98000000   81.02000000   35.59000000   203  6547
  6549  H     87.61000000   81.57000000   33.99000000   203  6547
  6550  C     85.45000000   81.60000000   34.11000000   204  6547  6551  6552  6553
  6551  H     85.28000000   81.37000000   33.03000000   205  6550
  6552  H     84.64000000   81.09000000   34.68000000   205  6550
  6553  C     85.37000000   83.12000000   34.34000000   206  6550  6554  6555  6556
  6554  H     85.46000000   83.33000000   35.43000000   207  6553
  6555  H     86.19000000   83.65000000   33.81000000   207  6553
  6556  N     84.04000000   83.62000000   33.86000000   208  6553  6557  6558
  6557  HN    83.30000000   83.76000000   34.50000000   209  6556
  6558  C     83.68000000   83.62000000   32.58000000   210  6556  6559  6562
  6559  N     84.53000000   83.48000000   31.59000000   211  6558  6560  6561
  6560  HN    85.51000000   83.67000000   31.74000000   212  6559
  6561  HN    84.21000000   83.34000000   30.66000000   212  6559
  6562  N     82.41000000   83.76000000   32.27000000   211  6558  6563  6564
  6563  HN    81.75000000   84.12000000   32.94000000   212  6562
  6564  HN    82.13000000   83.70000000   31.31000000   212  6562
  6565  C     88.37000000   79.02000000   33.91000000     9  6545  6566  6567
  6566  O     89.00000000   79.09000000   32.85000000    11  6565
  6567  N     88.92000000   78.46000000   35.00000000     7  6565  6568  6569
  6568  HN    88.39000000   78.40000000   35.85000000    10  6567
  6569  CA    90.25000000   77.90000000   35.04000000     8  6567  6570  6571  6575
  6570  H     90.95000000   78.67000000   34.74000000    12  6569
  6571  C     90.55000000   77.46000000   36.48000000    13  6569  6572  6573  6574
  6572  H     91.57000000   77.03000000   36.57000000    14  6571
  6573  H     90.50000000   78.34000000   37.17000000    14  6571
  6574  H     89.80000000   76.71000000   36.82000000    14  6571
  6575  C     90.50000000   76.72000000   34.09000000     9  6569  6576  6577
  6576  O     91.48000000   76.72000000   33.35000000    11  6575
  6577  N     89.62000000   75.70000000   34.04000000     7  6575  6578  6579
  6578  HN    88.83000000   75.66000000   34.66000000    10  6577
  6579  CA    89.79000000   74.61000000   33.08000000     8  6577  6580  6581  6595
  6580  H     90.84000000   74.34000000   33.06000000    12  6579
  6581  C     88.98000000   73.34000000   33.46000000    61  6579  6582  6583  6584
  6582  H     87.96000000   73.62000000   33.76000000    62  6581
  6583  H     88.90000000   72.64000000   32.60000000    62  6581
  6584  C     89.64000000   72.54000000   34.57000000    63  6581  6585  6591
  6585  C     90.80000000   71.79000000   34.29000000    64  6584  6586  6587
  6586  H     91.26000000   71.85000000   33.32000000    65  6585
  6587  C     91.33000000   70.92000000   35.24000000    66  6585  6588  6589
  6588  H     92.21000000   70.34000000   35.01000000    67  6587
  6589  C     90.71000000   70.77000000   36.49000000    68  6587  6590  6593
  6590  H     91.09000000   70.07000000   37.21000000    69  6589
  6591  C     89.04000000   72.40000000   35.83000000    64  6584  6592  6593
  6592  H     88.14000000   72.94000000   36.06000000    65  6591
  6593  C     89.56000000   71.51000000   36.78000000    66  6589  6591  6594
  6594  H     89.05000000   71.38000000   37.72000000    67  6593
  6595  C     89.46000000   75.00000000   31.65000000     9  6579  6596  6597
  6596  O     90.03000000   74.45000000   30.71000000    11  6595
  6597  N     88.55000000   75.99000000   31.44000000     7  6595  6598  6599
  6598  HN    88.06000000   76.39000000   32.22000000    10  6597
  6599  CA    88.25000000   76.55000000   30.14000000     8  6597  6600  6601  6607
  6600  H     88.00000000   75.73000000   29.49000000    12  6599
  6601  C     86.97000000   77.45000000   30.27000000   137  6599  6602  6603  6604
  6602  H     86.12000000   76.80000000   30.59000000   138  6601
  6603  H     87.14000000   78.20000000   31.07000000   138  6601
  6604  C     86.53000000   78.20000000   29.03000000   139  6601  6605  6606
  6605  O     87.16000000   78.07000000   27.95000000   140  6604
  6606  O     85.52000000   78.95000000   29.12000000   140  6604
  6607  C     89.44000000   77.27000000   29.50000000     9  6599  6608  6609
  6608  O     89.93000000   76.85000000   28.44000000    11  6607
  6609  N     89.95000000   78.36000000   30.11000000     7  6607  6610  6611
  6610  HN    89.57000000   78.68000000   30.98000000    10  6609
  6611  CA    90.92000000   79.23000000   29.45000000     8  6609  6612  6613  6618
  6612  H     90.98000000   79.00000000   28.39000000    12  6611
  6613  C     90.50000000   80.72000000   29.59000000    33  6611  6614  6615  6616
  6614  H     91.14000000   81.37000000   28.95000000    34  6613
  6615  H     89.45000000   80.82000000   29.24000000    34  6613
  6616  OH    90.58000000   81.17000000   30.95000000    35  6613  6617
  6617  HO    90.12000000   82.02000000   31.02000000    36  6616
  6618  C     92.32000000   79.11000000   30.01000000     9  6611  6619  6620
  6619  O     93.28000000   79.60000000   29.41000000    11  6618
  6620  N     92.48000000   78.45000000   31.17000000     1  6618  6621  6622
  6621  HN    91.68000000   78.01000000   31.59000000     4  6620
  6622  CA    93.73000000   78.35000000   31.91000000     2  6620  6623  6624  6625
  6623  H     93.74000000   77.40000000   32.42000000     6  6622
  6624  H     94.57000000   78.46000000   31.23000000     6  6622
  6625  C     93.87000000   79.42000000   32.97000000     3  6622  6626  6627
  6626  O     94.83000000   79.42000000   33.74000000     5  6625
  6627  N     92.92000000   80.38000000   33.05000000     7  6625  6628  6629
  6628  HN    92.14000000   80.38000000   32.42000000    10  6627
  6629  CA    93.01000000   81.48000000   34.00000000     8  6627  6630  6631  6642
  6630  H     94.00000000   81.90000000   33.88000000    12  6629
  6631  C     92.03000000   82.64000000   33.68000000   167  6629  6632  6633  6634
  6632  H     92.29000000   83.53000000   34.29000000   168  6631
  6633  H     92.20000000   82.91000000   32.61000000   168  6631
  6634  C     90.52000000   82.33000000   33.88000000   169  6631  6635  6636  6637
  6635  H     90.27000000   81.36000000   33.42000000   170  6634
  6636  H     90.28000000   82.27000000   34.96000000   170  6634
  6637  C     89.65000000   83.40000000   33.22000000   171  6634  6638  6639
  6638  O     89.56000000   83.52000000   31.99000000   172  6637
  6639  N     88.96000000   84.21000000   34.05000000   173  6637  6640  6641
  6640  HN    89.05000000   84.09000000   35.04000000   174  6639
  6641  HN    88.43000000   84.96000000   33.65000000   174  6639
  6642  C     92.90000000   81.04000000   35.45000000     9  6629  6643  6644
  6643  O     91.84000000   80.62000000   35.94000000    11  6642
  6644  N     94.03000000   81.08000000   36.18000000     7  6642  6645  6646
  6645  HN    94.88000000   81.34000000   35.72000000    10  6644
  6646  CA    94.12000000   80.71000000   37.59000000     8  6644  6647  6648  6656
  6647  H     95.13000000   80.98000000   37.89000000    12  6646
  6648  C     93.13000000   81.48000000   38.51000000   147  6646  6649  6650  6651
  6649  H     92.08000000   81.25000000   38.26000000   148  6648
  6650  H     93.29000000   81.21000000   39.57000000   148  6648
  6651  C     93.36000000   82.97000000   38.34000000   149  6648  6652  6653
  6652  O     92.57000000   83.73000000   37.78000000   150  6651
  6653  N     94.52000000   83.45000000   38.83000000   151  6651  6654  6655
  6654  HN    95.15000000   82.83000000   39.30000000   152  6653
  6655  HN    94.62000000   84.44000000   38.90000000   152  6653
  6656  C     94.08000000   79.21000000   37.83000000     9  6646  6657  6658
  6657  O     93.92000000   78.75000000   38.95000000    11  6656
  6658  N     94.26000000   78.41000000   36.77000000     7  6656  6659  6660
  6659  HN    94.37000000   78.80000000   35.85000000    10  6658
  6660  CA    94.41000000   76.97000000   36.87000000     8  6658  6661  6662  6675
  6661  H     93.58000000   76.62000000   37.46000000    12  6660
  6662  C     94.34000000   76.33000000   35.47000000    19  6660  6663  6664  6665
  6663  H     93.43000000   76.72000000   34.96000000    20  6662
  6664  H     95.21000000   76.66000000   34.86000000    20  6662
  6665  C     94.26000000   74.79000000   35.41000000    21  6662  6666  6667  6671
  6666  H     95.20000000   74.36000000   35.84000000    22  6665
  6667  C     93.06000000   74.21000000   36.18000000    23  6665  6668  6669  6670
  6668  H     93.04000000   73.10000000   36.09000000    24  6667
  6669  H     93.11000000   74.46000000   37.26000000    24  6667
  6670  H     92.11000000   74.61000000   35.77000000    24  6667
  6671  C     94.18000000   74.32000000   33.95000000    23  6665  6672  6673  6674
  6672  H     94.12000000   73.21000000   33.92000000    24  6671
  6673  H     93.28000000   74.73000000   33.46000000    24  6671
  6674  H     95.08000000   74.65000000   33.38000000    24  6671
  6675  C     95.68000000   76.56000000   37.61000000     9  6660  6676  6677
  6676  O     96.70000000   77.24000000   37.59000000    11  6675
  6677  N     95.64000000   75.41000000   38.31000000     7  6675  6678  6679
  6678  HN    94.78000000   74.91000000   38.37000000    10  6677
  6679  CA    96.81000000   74.81000000   38.92000000     8  6677  6680  6681  6686
  6680  H     97.18000000   75.51000000   39.65000000    12  6679
  6681  C     96.43000000   73.50000000   39.66000000    33  6679  6682  6683  6684
  6682  H     95.72000000   73.75000000   40.48000000    34  6681
  6683  H     95.91000000   72.83000000   38.95000000    34  6681
  6684  OH    97.55000000   72.81000000   40.21000000    35  6681  6685
  6685  HO    97.18000000   72.19000000   40.87000000    36  6684
  6686  C     97.92000000   74.46000000   37.91000000     9  6679  6687  6688
  6687  O     97.60000000   73.88000000   36.87000000    11  6686
  6688  N     99.20000000   74.70000000   38.17000000    50  6686  6689  6692
  6689  C     99.69000000   75.37000000   39.38000000    59  6688  6690  6691  6697
  6690  H     99.24000000   74.94000000   40.30000000    60  6689
  6691  H     99.45000000   76.45000000   39.31000000    60  6689
  6692  CA   100.29000000   74.34000000   37.26000000    51  6688  6693  6694  6700
  6693  H    100.05000000   74.67000000   36.26000000    54  6692
  6694  C    101.51000000   75.07000000   37.87000000    55  6692  6695  6696  6697
  6695  H    102.47000000   74.56000000   37.67000000    56  6694
  6696  H    101.56000000   76.10000000   37.45000000    56  6694
  6697  C    101.20000000   75.15000000   39.36000000    57  6689  6694  6698  6699
  6698  H    101.44000000   74.18000000   39.85000000    58  6697
  6699  H    101.76000000   75.96000000   39.88000000    58  6697
  6700  C    100.50000000   72.84000000   37.21000000    52  6692  6701  6702
  6701  O    101.19000000   72.36000000   36.31000000    53  6700
  6702  N     99.91000000   72.08000000   38.15000000     7  6700  6703  6704
  6703  HN    99.41000000   72.51000000   38.90000000    10  6702
  6704  CA   100.02000000   70.64000000   38.23000000     8  6702  6705  6706  6712
  6705  H    100.92000000   70.30000000   37.73000000    12  6704
  6706  C    100.09000000   70.26000000   39.74000000   137  6704  6707  6708  6709
  6707  H     99.19000000   70.60000000   40.28000000   138  6706
  6708  H    100.19000000   69.16000000   39.85000000   138  6706
  6709  C    101.32000000   70.88000000   40.38000000   139  6706  6710  6711
  6710  O    102.45000000   70.74000000   39.84000000   140  6709
  6711  O    101.19000000   71.44000000   41.51000000   140  6709
  6712  C     98.83000000   69.96000000   37.53000000     9  6704  6713  6714
  6713  O     98.61000000   68.75000000   37.64000000    11  6712
  6714  N     98.05000000   70.74000000   36.76000000     7  6712  6715  6716
  6715  HN    98.25000000   71.72000000   36.73000000    10  6714
  6716  CA    96.90000000   70.32000000   35.96000000     8  6714  6717  6718  6736
  6717  H     96.91000000   69.25000000   35.86000000    12  6716
  6718  C     95.56000000   70.78000000   36.61000000   202  6716  6719  6720  6721
  6719  H     95.55000000   71.89000000   36.65000000   203  6718
  6720  H     94.71000000   70.46000000   35.98000000   203  6718
  6721  C     95.35000000   70.23000000   38.04000000   204  6718  6722  6723  6724
  6722  H     95.37000000   69.11000000   38.00000000   205  6721
  6723  H     96.20000000   70.55000000   38.67000000   205  6721
  6724  C     94.04000000   70.69000000   38.69000000   206  6721  6725  6726  6727
  6725  H     93.94000000   71.79000000   38.60000000   207  6724
  6726  H     93.15000000   70.24000000   38.20000000   207  6724
  6727  N     94.10000000   70.35000000   40.15000000   208  6724  6728  6729
  6728  HN    94.78000000   70.80000000   40.74000000   209  6727
  6729  C     93.58000000   69.28000000   40.72000000   210  6727  6730  6733
  6730  N     92.91000000   68.36000000   40.07000000   211  6729  6731  6732
  6731  HN    92.86000000   68.40000000   39.06000000   212  6730
  6732  HN    92.86000000   67.45000000   40.49000000   212  6730
  6733  N     93.79000000   69.08000000   42.01000000   211  6729  6734  6735
  6734  HN    94.17000000   69.82000000   42.60000000   212  6733
  6735  HN    93.51000000   68.23000000   42.45000000   212  6733
  6736  C     97.04000000   70.91000000   34.55000000     9  6716  6737  6738
  6737  O     97.98000000   71.66000000   34.27000000    11  6736
  6738  N     96.14000000   70.56000000   33.61000000     7  6736  6739  6740
  6739  HN    95.40000000   69.91000000   33.82000000    10  6738
  6740  CA    96.12000000   71.12000000   32.26000000     8  6738  6741  6742  6747
  6741  H     96.70000000   72.04000000   32.24000000    12  6740
  6742  C     96.63000000   70.15000000   31.16000000    43  6740  6743  6744  6745
  6743  H     95.94000000   69.28000000   31.08000000    44  6742
  6744  H     96.59000000   70.68000000   30.17000000    44  6742
  6745  SH    98.32000000   69.54000000   31.43000000    45  6742  6746
  6746  HS    98.53000000   69.28000000   30.14000000    46  6745
  6747  C     94.68000000   71.51000000   31.92000000     9  6740  6748  6749
  6748  O     93.74000000   71.09000000   32.59000000    11  6747
  6749  N     94.48000000   72.36000000   30.89000000     7  6747  6750  6751
  6750  HN    95.24000000   72.71000000   30.35000000    10  6749
  6751  CA    93.15000000   72.70000000   30.40000000     8  6749  6752  6753  6764
  6752  H     92.58000000   73.09000000   31.24000000    12  6751
  6753  C     93.21000000   73.81000000   29.31000000   167  6751  6754  6755  6756
  6754  H     93.92000000   73.46000000   28.52000000   168  6753
  6755  H     92.20000000   73.91000000   28.84000000   168  6753
  6756  C     93.66000000   75.20000000   29.82000000   169  6753  6757  6758  6759
  6757  H     92.91000000   75.60000000   30.54000000   170  6756
  6758  H     94.64000000   75.12000000   30.33000000   170  6756
  6759  C     93.83000000   76.22000000   28.68000000   171  6756  6760  6761
  6760  O     94.90000000   76.79000000   28.45000000   172  6759
  6761  N     92.73000000   76.49000000   27.93000000   173  6759  6762  6763
  6762  HN    91.84000000   76.13000000   28.20000000   174  6761
  6763  HN    92.82000000   77.13000000   27.18000000   174  6761
  6764  C     92.36000000   71.49000000   29.88000000     9  6751  6765  6766
  6765  O     92.85000000   70.74000000   29.03000000    11  6764
  6766  N     91.13000000   71.27000000   30.38000000     7  6764  6767  6768
  6767  HN    90.73000000   71.92000000   31.02000000    10  6766
  6768  CA    90.33000000   70.11000000   30.07000000     8  6766  6769  6770  6776
  6769  H     90.69000000   69.62000000   29.18000000    12  6768
  6770  C     90.40000000   69.10000000   31.27000000   137  6768  6771  6772  6773
  6771  H     91.46000000   68.79000000   31.38000000   138  6770
  6772  H     90.10000000   69.61000000   32.21000000   138  6770
  6773  C     89.57000000   67.84000000   31.14000000   139  6770  6774  6775
  6774  O     88.66000000   67.76000000   30.28000000   140  6773
  6775  O     89.80000000   66.90000000   31.95000000   140  6773
  6776  C     88.91000000   70.58000000   29.77000000     9  6768  6777  6778
  6777  O     88.24000000   71.15000000   30.63000000    11  6776
  6778  N     88.41000000   70.36000000   28.54000000     7  6776  6779  6780
  6779  HN    88.96000000   69.87000000   27.85000000    10  6778
  6780  CA    87.09000000   70.83000000   28.17000000     8  6778  6781  6782  6800
  6781  H     86.84000000   71.66000000   28.81000000    12  6780
  6782  C     87.04000000   71.41000000   26.73000000    89  6780  6783  6784  6785
  6783  H     87.59000000   70.72000000   26.04000000    90  6782
  6784  H     85.98000000   71.44000000   26.38000000    90  6782
  6785  C     87.59000000   72.80000000   26.57000000    91  6782  6786  6791
  6786  C     88.25000000   73.56000000   27.51000000    92  6785  6787  6788
  6787  H     88.51000000   73.22000000   28.51000000    93  6786
  6788  N     88.55000000   74.79000000   26.99000000    95  6786  6789  6790
  6789  HN    89.01000000   75.53000000   27.44000000    96  6788
  6790  C     88.10000000   74.87000000   25.71000000    97  6788  6791  6796
  6791  C     87.49000000   73.63000000   25.39000000    94  6785  6790  6792
  6792  C     86.96000000   73.44000000   24.12000000    98  6791  6793  6794
  6793  H     86.51000000   72.50000000   23.83000000    99  6792
  6794  C     87.04000000   74.49000000   23.19000000   102  6792  6795  6798
  6795  H     86.64000000   74.35000000   22.19000000   103  6794
  6796  C     88.21000000   75.89000000   24.78000000   100  6790  6797  6798
  6797  H     88.72000000   76.81000000   25.04000000   101  6796
  6798  C     87.66000000   75.69000000   23.51000000   104  6794  6796  6799
  6799  H     87.72000000   76.47000000   22.76000000   105  6798
  6800  C     85.99000000   69.82000000   28.45000000     9  6780  6801  6802
  6801  O     84.81000000   70.17000000   28.43000000    11  6800
  6802  N     86.31000000   68.55000000   28.79000000     7  6800  6803  6804
  6803  HN    87.28000000   68.27000000   28.86000000    10  6802
  6804  CA    85.36000000   67.64000000   29.41000000     8  6802  6805  6806  6819
  6805  H     84.43000000   67.67000000   28.86000000    12  6804
  6806  C     85.86000000   66.17000000   29.44000000    19  6804  6807  6808  6809
  6807  H     86.82000000   66.12000000   30.00000000    20  6806
  6808  H     85.12000000   65.54000000   29.99000000    20  6806
  6809  C     86.08000000   65.52000000   28.06000000    21  6806  6810  6811  6815
  6810  H     86.78000000   66.16000000   27.48000000    22  6809
  6811  C     86.71000000   64.14000000   28.25000000    23  6809  6812  6813  6814
  6812  H     87.01000000   63.70000000   27.28000000    24  6811
  6813  H     87.61000000   64.20000000   28.90000000    24  6811
  6814  H     85.99000000   63.45000000   28.74000000    24  6811
  6815  C     84.76000000   65.39000000   27.27000000    23  6809  6816  6817  6818
  6816  H     84.95000000   64.94000000   26.28000000    24  6815
  6817  H     84.04000000   64.76000000   27.83000000    24  6815
  6818  H     84.30000000   66.38000000   27.11000000    24  6815
  6819  C     85.03000000   68.06000000   30.83000000     9  6804  6820  6821
  6820  O     83.87000000   68.12000000   31.24000000    11  6819
  6821  N     86.08000000   68.41000000   31.60000000     7  6819  6822  6823
  6822  HN    87.01000000   68.33000000   31.22000000    10  6821
  6823  CA    85.95000000   68.91000000   32.96000000     8  6821  6824  6825  6834
  6824  H     85.36000000   68.21000000   33.52000000    12  6823
  6825  C     87.35000000   69.05000000   33.60000000   153  6823  6826  6827  6828
  6826  H     87.93000000   68.13000000   33.40000000   154  6825
  6827  H     87.90000000   69.89000000   33.12000000   154  6825
  6828  C     87.35000000   69.28000000   35.14000000   155  6825  6829  6830  6831
  6829  H     88.40000000   69.44000000   35.46000000   156  6828
  6830  H     86.78000000   70.19000000   35.40000000   156  6828
  6831  C     86.82000000   68.11000000   35.95000000   157  6828  6832  6833
  6832  O     86.49000000   67.04000000   35.38000000   158  6831
  6833  O     86.78000000   68.22000000   37.21000000   158  6831
  6834  C     85.21000000   70.24000000   32.99000000     9  6823  6835  6836
  6835  O     84.31000000   70.47000000   33.80000000    11  6834
  6836  N     85.52000000   71.11000000   32.02000000     7  6834  6837  6838
  6837  HN    86.29000000   70.91000000   31.41000000    10  6836
  6838  CA    84.93000000   72.42000000   31.87000000     8  6836  6839  6840  6844
  6839  H     85.17000000   72.98000000   32.75000000    12  6838
  6840  C     85.56000000   73.08000000   30.63000000    13  6838  6841  6842  6843
  6841  H     85.22000000   74.13000000   30.50000000    14  6840
  6842  H     86.66000000   73.10000000   30.72000000    14  6840
  6843  H     85.28000000   72.52000000   29.71000000    14  6840
  6844  C     83.41000000   72.42000000   31.73000000     9  6838  6845  6846
  6845  O     82.69000000   73.13000000   32.44000000    11  6844
  6846  N     82.84000000   71.55000000   30.88000000     7  6844  6847  6848
  6847  HN    83.40000000   70.95000000   30.30000000    10  6846
  6848  CA    81.40000000   71.48000000   30.75000000     8  6846  6849  6850  6863
  6849  H     81.02000000   72.49000000   30.71000000    12  6848
  6850  C     80.95000000   70.78000000   29.44000000    19  6848  6851  6852  6853
  6851  H     81.32000000   69.73000000   29.44000000    20  6850
  6852  H     79.84000000   70.76000000   29.42000000    20  6850
  6853  C     81.41000000   71.46000000   28.13000000    21  6850  6854  6855  6859
  6854  H     82.51000000   71.35000000   28.04000000    22  6853
  6855  C     80.75000000   70.76000000   26.93000000    23  6853  6856  6857  6858
  6856  H     81.17000000   71.14000000   25.98000000    24  6855
  6857  H     80.89000000   69.66000000   26.98000000    24  6855
  6858  H     79.66000000   70.96000000   26.93000000    24  6855
  6859  C     81.07000000   72.95000000   28.07000000    23  6853  6860  6861  6862
  6860  H     81.36000000   73.38000000   27.08000000    24  6859
  6861  H     79.97000000   73.09000000   28.19000000    24  6859
  6862  H     81.59000000   73.52000000   28.86000000    24  6859
  6863  C     80.72000000   70.86000000   31.96000000     9  6848  6864  6865
  6864  O     79.58000000   71.21000000   32.27000000    11  6863
  6865  N     81.39000000   69.99000000   32.75000000     7  6863  6866  6867
  6866  HN    82.32000000   69.70000000   32.51000000    10  6865
  6867  CA    80.85000000   69.54000000   34.03000000     8  6865  6868  6869  6881
  6868  H     79.87000000   69.12000000   33.83000000    12  6867
  6869  C     81.71000000   68.46000000   34.75000000   106  6867  6870  6871  6874
  6870  H     81.73000000   67.56000000   34.10000000   107  6869
  6871  H     82.76000000   68.82000000   34.84000000   107  6869
  6872  C     81.93000000   67.90000000   37.30000000   111  6873  6874  6875
  6873  H     82.98000000   68.08000000   37.50000000   112  6872
  6874  C     81.25000000   68.02000000   36.13000000   108  6869  6872  6877
  6875  N     81.05000000   67.36000000   38.21000000   115  6872  6876  6879
  6876  HN    81.27000000   66.98000000   39.13000000   116  6875
  6877  N     79.98000000   67.57000000   36.36000000   109  6874  6878  6879
  6878  HN    79.24000000   67.48000000   35.67000000   110  6877
  6879  C     79.88000000   67.18000000   37.62000000   113  6875  6877  6880
  6880  H     78.99000000   66.78000000   38.09000000   114  6879
  6881  C     80.62000000   70.67000000   35.02000000     9  6867  6882  6883
  6882  O     79.56000000   70.79000000   35.61000000    11  6881
  6883  N     81.61000000   71.56000000   35.21000000     7  6881  6884  6885
  6884  HN    82.48000000   71.48000000   34.72000000    10  6883
  6885  CA    81.49000000   72.61000000   36.20000000     8  6883  6886  6887  6905
  6886  H     80.93000000   72.21000000   37.04000000    12  6885
  6887  C     82.87000000   73.01000000   36.76000000    89  6885  6888  6889  6890
  6888  H     83.52000000   73.33000000   35.92000000    90  6887
  6889  H     82.77000000   73.88000000   37.46000000    90  6887
  6890  C     83.50000000   71.88000000   37.51000000    91  6887  6891  6896
  6891  C     84.52000000   71.07000000   37.08000000    92  6890  6892  6893
  6892  H     85.03000000   71.20000000   36.13000000    93  6891
  6893  N     84.76000000   70.09000000   38.01000000    95  6891  6894  6895
  6894  HN    85.46000000   69.39000000   37.92000000    96  6893
  6895  C     83.90000000   70.24000000   39.06000000    97  6893  6896  6901
  6896  C     83.08000000   71.36000000   38.78000000    94  6890  6895  6897
  6897  C     82.07000000   71.72000000   39.68000000    98  6896  6898  6899
  6898  H     81.42000000   72.56000000   39.48000000    99  6897
  6899  C     81.92000000   70.96000000   40.84000000   102  6897  6900  6903
  6900  H     81.14000000   71.23000000   41.55000000   103  6899
  6901  C     83.75000000   69.50000000   40.22000000   100  6895  6902  6903
  6902  H     84.39000000   68.66000000   40.44000000   101  6901
  6903  C     82.74000000   69.88000000   41.11000000   104  6899  6901  6904
  6904  H     82.60000000   69.32000000   42.03000000   105  6903
  6905  C     80.67000000   73.81000000   35.75000000     9  6885  6906  6907
  6906  O     79.98000000   74.42000000   36.57000000    11  6905
  6907  N     80.63000000   74.13000000   34.43000000     7  6905  6908  6909
  6908  HN    81.25000000   73.69000000   33.77000000    10  6907
  6909  CA    79.60000000   75.01000000   33.91000000     8  6907  6910  6911  6926
  6910  H     79.60000000   75.91000000   34.51000000    12  6909
  6911  C     79.84000000   75.41000000   32.42000000    70  6909  6912  6913  6914
  6912  H     79.99000000   74.50000000   31.80000000    71  6911
  6913  H     78.93000000   75.93000000   32.03000000    71  6911
  6914  C     80.98000000   76.38000000   32.18000000    72  6911  6915  6922
  6915  C     80.99000000   77.63000000   32.83000000    73  6914  6916  6917
  6916  H     80.24000000   77.87000000   33.56000000    74  6915
  6917  C     81.96000000   78.60000000   32.50000000    75  6915  6918  6919
  6918  H     81.96000000   79.56000000   32.99000000    76  6917
  6919  C     82.91000000   78.34000000   31.50000000    77  6917  6920  6924
  6920  OH    83.85000000   79.34000000   31.16000000    78  6919  6921
  6921  HO    84.40000000   79.02000000   30.41000000    79  6920
  6922  C     81.94000000   76.13000000   31.18000000    73  6914  6923  6924
  6923  H     81.91000000   75.20000000   30.64000000    74  6922
  6924  C     82.89000000   77.11000000   30.84000000    75  6919  6922  6925
  6925  H     83.61000000   76.91000000   30.05000000    76  6924
  6926  C     78.18000000   74.43000000   34.08000000     9  6909  6927  6928
  6927  O     77.29000000   75.11000000   34.59000000    11  6926
  6928  N     77.95000000   73.14000000   33.74000000     7  6926  6929  6930
  6929  HN    78.66000000   72.59000000   33.29000000    10  6928
  6930  CA    76.66000000   72.48000000   33.94000000     8  6928  6931  6932  6940
  6931  H     75.91000000   73.07000000   33.44000000    12  6930
  6932  C     76.65000000   71.03000000   33.38000000   147  6930  6933  6934  6935
  6933  H     77.55000000   70.48000000   33.72000000   148  6932
  6934  H     75.76000000   70.48000000   33.75000000   148  6932
  6935  C     76.58000000   70.92000000   31.85000000   149  6932  6936  6937
  6936  O     76.47000000   69.80000000   31.34000000   150  6935
  6937  N     76.57000000   72.03000000   31.10000000   151  6935  6938  6939
  6938  HN    76.84000000   72.94000000   31.43000000   152  6937
  6939  HN    76.44000000   71.98000000   30.11000000   152  6937
  6940  C     76.21000000   72.41000000   35.40000000     9  6930  6941  6942
  6941  O     75.07000000   72.74000000   35.70000000    11  6940
  6942  N     77.09000000   72.03000000   36.34000000     7  6940  6943  6944
  6943  HN    77.99000000   71.67000000   36.08000000    10  6942
  6944  CA    76.78000000   71.99000000   37.78000000     8  6942  6945  6946  6954
  6945  H     75.90000000   71.38000000   37.89000000    12  6944
  6946  C     77.88000000   71.36000000   38.64000000    37  6944  6947  6948  6950
  6947  H     78.78000000   72.02000000   38.65000000    38  6946
  6948  OH    78.24000000   70.09000000   38.13000000    39  6946  6949
  6949  HO    79.16000000   69.96000000   38.37000000    40  6948
  6950  C     77.38000000   71.11000000   40.06000000    41  6946  6951  6952  6953
  6951  H     78.18000000   70.63000000   40.67000000    42  6950
  6952  H     77.08000000   72.04000000   40.57000000    42  6950
  6953  H     76.50000000   70.42000000   40.05000000    42  6950
  6954  C     76.43000000   73.36000000   38.33000000     9  6944  6955  6956
  6955  O     75.50000000   73.52000000   39.11000000    11  6954
  6956  N     77.14000000   74.43000000   37.89000000     7  6954  6957  6958
  6957  HN    77.92000000   74.31000000   37.27000000    10  6956
  6958  CA    76.79000000   75.80000000   38.19000000     8  6956  6959  6960  6964
  6959  H     76.76000000   75.90000000   39.27000000    12  6958
  6960  C     77.85000000   76.76000000   37.63000000    13  6958  6961  6962  6963
  6961  H     77.63000000   77.82000000   37.91000000    14  6960
  6962  H     78.85000000   76.50000000   38.03000000    14  6960
  6963  H     77.90000000   76.69000000   36.52000000    14  6960
  6964  C     75.39000000   76.18000000   37.69000000     9  6958  6965  6966
  6965  O     74.62000000   76.84000000   38.38000000    11  6964
  6966  N     75.03000000   75.73000000   36.47000000     7  6964  6967  6968
  6967  HN    75.70000000   75.25000000   35.90000000    10  6966
  6968  CA    73.70000000   75.90000000   35.89000000     8  6966  6969  6970  6983
  6969  H     73.43000000   76.94000000   35.99000000    12  6968
  6970  C     73.74000000   75.55000000   34.38000000    19  6968  6971  6972  6973
  6971  H     74.20000000   74.55000000   34.27000000    20  6970
  6972  H     72.71000000   75.50000000   33.96000000    20  6970
  6973  C     74.54000000   76.55000000   33.51000000    21  6970  6974  6975  6979
  6974  H     75.49000000   76.80000000   34.03000000    22  6973
  6975  C     74.90000000   75.93000000   32.15000000    23  6973  6976  6977  6978
  6976  H     75.53000000   76.63000000   31.56000000    24  6975
  6977  H     75.49000000   75.00000000   32.28000000    24  6975
  6978  H     73.99000000   75.71000000   31.55000000    24  6975
  6979  C     73.75000000   77.84000000   33.27000000    23  6973  6980  6981  6982
  6980  H     74.33000000   78.54000000   32.64000000    24  6979
  6981  H     72.81000000   77.59000000   32.74000000    24  6979
  6982  H     73.50000000   78.34000000   34.23000000    24  6979
  6983  C     72.59000000   75.11000000   36.59000000     9  6968  6984  6985
  6984  O     71.43000000   75.53000000   36.54000000    11  6983
  6985  N     72.89000000   74.00000000   37.30000000     7  6983  6986  6987
  6986  HN    73.82000000   73.64000000   37.28000000    10  6985
  6987  CA    71.92000000   73.23000000   38.09000000     8  6985  6988  6989  6998
  6988  H     71.06000000   73.02000000   37.47000000    12  6987
  6989  C     72.51000000   71.89000000   38.63000000   153  6987  6990  6991  6992
  6990  H     73.45000000   72.10000000   39.18000000   154  6989
  6991  H     71.80000000   71.43000000   39.35000000   154  6989
  6992  C     72.80000000   70.80000000   37.56000000   155  6989  6993  6994  6995
  6993  H     71.86000000   70.50000000   37.06000000   156  6992
  6994  H     73.49000000   71.21000000   36.79000000   156  6992
  6995  C     73.45000000   69.54000000   38.13000000   157  6992  6996  6997
  6996  O     73.48000000   69.34000000   39.37000000   158  6995
  6997  O     73.95000000   68.74000000   37.30000000   158  6995
  6998  C     71.41000000   73.99000000   39.31000000     9  6987  6999  7000
  6999  O     70.36000000   73.68000000   39.88000000    11  6998
  7000  N     72.15000000   75.01000000   39.77000000     7  6998  7001  7002
  7001  HN    73.01000000   75.24000000   39.31000000    10  7000
  7002  CA    71.76000000   75.85000000   40.87000000     8  7000  7003  7004  7015
  7003  H     71.22000000   75.25000000   41.60000000    12  7002
  7004  C     73.01000000   76.46000000   41.56000000   175  7002  7005  7006  7007
  7005  H     73.53000000   77.14000000   40.84000000   176  7004
  7006  H     72.69000000   77.07000000   42.44000000   176  7004
  7007  C     74.03000000   75.40000000   42.03000000   177  7004  7008  7009  7010
  7008  H     73.52000000   74.70000000   42.74000000   178  7007
  7009  H     74.34000000   74.79000000   41.15000000   178  7007
  7010  S     75.54000000   76.07000000   42.80000000   179  7007  7011
  7011  C     74.81000000   76.63000000   44.36000000   180  7010  7012  7013  7014
  7012  H     75.60000000   76.96000000   45.06000000   181  7011
  7013  H     74.12000000   77.49000000   44.21000000   181  7011
  7014  H     74.24000000   75.81000000   44.85000000   181  7011
  7015  C     70.82000000   76.97000000   40.42000000     9  7002  7016  7017
  7016  O     70.94000000   77.50000000   39.31000000    11  7015
  7017  N     69.88000000   77.41000000   41.28000000     7  7015  7018  7019
  7018  HN    69.67000000   76.94000000   42.13000000    10  7017
  7019  CA    69.03000000   78.57000000   41.00000000     8  7017  7020  7021  7029
  7020  H     69.00000000   78.76000000   39.94000000    12  7019
  7021  C     67.59000000   78.39000000   41.46000000    37  7019  7022  7023  7025
  7022  H     67.01000000   79.34000000   41.34000000    38  7021
  7023  OH    67.50000000   77.94000000   42.81000000    39  7021  7024
  7024  HO    66.60000000   78.21000000   43.10000000    40  7023
  7025  C     66.93000000   77.31000000   40.59000000    41  7021  7026  7027  7028
  7026  H     65.85000000   77.22000000   40.84000000    42  7025
  7027  H     67.02000000   77.58000000   39.52000000    42  7025
  7028  H     67.41000000   76.32000000   40.75000000    42  7025
  7029  C     69.61000000   79.81000000   41.65000000     9  7019  7030  7031
  7030  O     69.06000000   80.91000000   41.58000000    11  7029
  7031  N     70.81000000   79.68000000   42.24000000     7  7029  7032  7033
  7032  HN    71.23000000   78.78000000   42.23000000    10  7031
  7033  CA    71.48000000   80.65000000   43.08000000     8  7031  7034  7035  7041
  7034  H     70.76000000   80.97000000   43.82000000    12  7033
  7035  C     72.63000000   79.89000000   43.79000000   137  7033  7036  7037  7038
  7036  H     72.19000000   79.01000000   44.32000000   138  7035
  7037  H     73.38000000   79.52000000   43.06000000   138  7035
  7038  C     73.34000000   80.71000000   44.86000000   139  7035  7039  7040
  7039  O     72.65000000   81.28000000   45.74000000   140  7038
  7040  O     74.60000000   80.70000000   44.86000000   140  7038
  7041  C     71.95000000   81.91000000   42.34000000     9  7033  7042  7043
  7042  O     72.21000000   82.94000000   42.95000000    11  7041
  7043  N     72.03000000   81.88000000   40.99000000     7  7041  7044  7045
  7044  HN    71.82000000   81.05000000   40.49000000    10  7043
  7045  CA    72.38000000   83.06000000   40.20000000     8  7043  7046  7047  7052
  7046  H     72.97000000   83.74000000   40.81000000    12  7045
  7047  C     73.21000000   82.71000000   38.92000000    43  7045  7048  7049  7050
  7048  H     73.68000000   83.65000000   38.57000000    44  7047
  7049  H     74.05000000   82.06000000   39.24000000    44  7047
  7050  SH    72.33000000   81.92000000   37.51000000    45  7047  7051
  7051  HS    72.62000000   80.67000000   37.84000000    46  7050
  7052  C     71.14000000   83.83000000   39.75000000     9  7045  7053  7054
  7053  O     71.23000000   84.76000000   38.95000000    11  7052
  7054  N     69.92000000   83.46000000   40.21000000     7  7052  7055  7056
  7055  HN    69.81000000   82.72000000   40.87000000    10  7054
  7056  CA    68.71000000   84.08000000   39.72000000     8  7054  7057  7058  7064
  7057  H     68.83000000   84.27000000   38.66000000    12  7056
  7058  C     67.53000000   83.10000000   39.89000000   137  7056  7059  7060  7061
  7059  H     67.80000000   82.12000000   39.44000000   138  7058
  7060  H     67.33000000   82.95000000   40.97000000   138  7058
  7061  C     66.26000000   83.58000000   39.22000000   139  7058  7062  7063
  7062  O     66.30000000   84.53000000   38.40000000   140  7061
  7063  O     65.21000000   82.91000000   39.45000000   140  7061
  7064  C     68.43000000   85.43000000   40.38000000     9  7056  7065  7066
  7065  O     67.97000000   85.53000000   41.52000000    11  7064
  7066  N     68.69000000   86.51000000   39.63000000     7  7064  7067  7068
  7067  HN    69.15000000   86.39000000   38.76000000    10  7066
  7068  CA    68.40000000   87.88000000   40.01000000     8  7066  7069  7070  7079
  7069  H     68.15000000   87.93000000   41.06000000    12  7068
  7070  C     69.62000000   88.80000000   39.73000000   153  7068  7071  7072  7073
  7071  H     69.87000000   88.75000000   38.65000000   154  7070
  7072  H     69.35000000   89.85000000   39.97000000   154  7070
  7073  C     70.89000000   88.45000000   40.55000000   155  7070  7074  7075  7076
  7074  H     71.22000000   87.41000000   40.33000000   156  7073
  7075  H     71.71000000   89.13000000   40.26000000   156  7073
  7076  C     70.73000000   88.57000000   42.07000000   157  7073  7077  7078
  7077  O     70.04000000   89.50000000   42.56000000   158  7076
  7078  O     71.34000000   87.74000000   42.79000000   158  7076
  7079  C     67.18000000   88.37000000   39.23000000     9  7068  7080  7081
  7080  O     66.98000000   89.57000000   39.05000000    11  7079
  7081  N     66.33000000   87.46000000   38.70000000     1  7079  7082  7083
  7082  HN    66.50000000   86.47000000   38.82000000     4  7081
  7083  CA    65.07000000   87.81000000   38.04000000     2  7081  7084  7085  7086
  7084  H     64.54000000   86.89000000   37.86000000     6  7083
  7085  H     64.53000000   88.49000000   38.68000000     6  7083
  7086  C     65.24000000   88.49000000   36.71000000     3  7083  7087  7088
  7087  O     64.33000000   89.12000000   36.18000000     5  7086
  7088  N     66.45000000   88.40000000   36.13000000     1  7086  7089  7090
  7089  HN    67.13000000   87.84000000   36.60000000     4  7088
  7090  CA    66.85000000   89.09000000   34.92000000     2  7088  7091  7092  7093
  7091  H     67.57000000   88.47000000   34.41000000     6  7090
  7092  H     65.98000000   89.29000000   34.31000000     6  7090
  7093  C     67.51000000   90.42000000   35.17000000     3  7090  7094  7095
  7094  O     68.07000000   91.02000000   34.26000000     5  7093
  7095  N     67.54000000   90.91000000   36.43000000     7  7093  7096  7097
  7096  HN    67.12000000   90.41000000   37.19000000    10  7095
  7097  CA    68.07000000   92.23000000   36.78000000     8  7095  7098  7099  7108
  7098  H     67.84000000   92.91000000   35.97000000    12  7097
  7099  C     67.41000000   92.79000000   38.06000000   153  7097  7100  7101  7102
  7100  H     67.61000000   92.11000000   38.92000000   154  7099
  7101  H     67.87000000   93.78000000   38.30000000   154  7099
  7102  C     65.88000000   93.01000000   37.94000000   155  7099  7103  7104  7105
  7103  H     65.64000000   93.54000000   37.00000000   156  7102
  7104  H     65.35000000   92.02000000   37.93000000   156  7102
  7105  C     65.32000000   93.82000000   39.10000000   157  7102  7106  7107
  7106  O     65.67000000   93.53000000   40.27000000   158  7105
  7107  O     64.52000000   94.76000000   38.84000000   158  7105
  7108  C     69.59000000   92.23000000   36.94000000     9  7097  7109  7110
  7109  O     70.15000000   92.71000000   37.92000000    11  7108
  7110  N     70.31000000   91.69000000   35.94000000     7  7108  7111  7112
  7111  HN    69.80000000   91.33000000   35.16000000    10  7110
  7112  CA    71.74000000   91.47000000   35.98000000     8  7110  7113  7114  7129
  7113  H     71.99000000   91.12000000   36.98000000    12  7112
  7114  C     72.15000000   90.39000000   34.95000000    70  7112  7115  7116  7117
  7115  H     71.76000000   90.64000000   33.94000000    71  7114
  7116  H     73.26000000   90.30000000   34.88000000    71  7114
  7117  C     71.64000000   89.04000000   35.37000000    72  7114  7118  7125
  7118  C     70.63000000   88.38000000   34.64000000    73  7117  7119  7120
  7119  H     70.17000000   88.88000000   33.80000000    74  7118
  7120  C     70.24000000   87.08000000   34.99000000    75  7118  7121  7122
  7121  H     69.47000000   86.57000000   34.42000000    76  7120
  7122  C     70.85000000   86.43000000   36.07000000    77  7120  7123  7127
  7123  OH    70.50000000   85.11000000   36.39000000    78  7122  7124
  7124  HO    70.88000000   84.92000000   37.27000000    79  7123
  7125  C     72.23000000   88.38000000   36.45000000    73  7117  7126  7127
  7126  H     73.03000000   88.87000000   37.01000000    74  7125
  7127  C     71.84000000   87.09000000   36.81000000    75  7122  7125  7128
  7128  H     72.33000000   86.59000000   37.63000000    76  7127
  7129  C     72.59000000   92.70000000   35.76000000     9  7112  7130  7131
  7130  O     73.80000000   92.67000000   36.00000000    11  7129
  7131  N     72.01000000   93.82000000   35.29000000     7  7129  7132  7133
  7132  HN    71.02000000   93.82000000   35.15000000    10  7131
  7133  CA    72.70000000   95.04000000   34.91000000     8  7131  7134  7135  7141
  7134  H     73.44000000   94.78000000   34.17000000    12  7133
  7135  C     71.69000000   96.04000000   34.28000000   137  7133  7136  7137  7138
  7136  H     70.86000000   96.23000000   34.99000000   138  7135
  7137  H     72.19000000   97.01000000   34.05000000   138  7135
  7138  C     71.10000000   95.52000000   32.98000000   139  7135  7139  7140
  7139  O     71.61000000   94.52000000   32.41000000   140  7138
  7140  O     70.14000000   96.15000000   32.46000000   140  7138
  7141  C     73.48000000   95.72000000   36.06000000     9  7133  7142  7143
  7142  O     72.95000000   96.52000000   36.82000000    11  7141
  7143  N     74.79000000   95.42000000   36.17000000     1  7141  7144  7145
  7144  HN    75.19000000   94.76000000   35.53000000     4  7143
  7145  CA    75.68000000   95.92000000   37.23000000     2  7143  7146  7147  7148
  7146  H     76.61000000   96.19000000   36.77000000     6  7145
  7147  H     75.21000000   96.75000000   37.75000000     6  7145
  7148  C     76.01000000   94.88000000   38.27000000     3  7145  7149  7150
  7149  O     76.90000000   95.08000000   39.10000000     5  7148
  7150  N     75.32000000   93.73000000   38.26000000     7  7148  7151  7152
  7151  HN    74.60000000   93.57000000   37.59000000    10  7150
  7152  CA    75.62000000   92.61000000   39.14000000     8  7150  7153  7154  7165
  7153  H     75.64000000   93.00000000   40.15000000    12  7152
  7154  C     74.53000000   91.51000000   39.07000000   175  7152  7155  7156  7157
  7155  H     74.51000000   91.09000000   38.03000000   176  7154
  7156  H     74.79000000   90.67000000   39.75000000   176  7154
  7157  C     73.11000000   92.00000000   39.42000000   177  7154  7158  7159  7160
  7158  H     72.78000000   92.73000000   38.65000000   178  7157
  7159  H     72.41000000   91.14000000   39.35000000   178  7157
  7160  S     72.93000000   92.79000000   41.05000000   179  7157  7161
  7161  C     73.38000000   91.38000000   42.10000000   180  7160  7162  7163  7164
  7162  H     73.22000000   91.62000000   43.17000000   181  7161
  7163  H     72.76000000   90.49000000   41.86000000   181  7161
  7164  H     74.45000000   91.10000000   41.98000000   181  7161
  7165  C     76.99000000   92.00000000   38.88000000     9  7152  7166  7167
  7166  O     77.43000000   91.89000000   37.73000000    11  7165
  7167  N     77.72000000   91.59000000   39.93000000     7  7165  7168  7169
  7168  HN    77.42000000   91.76000000   40.87000000    10  7167
  7169  CA    79.02000000   90.95000000   39.74000000     8  7167  7170  7171  7182
  7170  H     79.54000000   91.43000000   38.92000000    12  7169
  7171  C     79.88000000   91.14000000   41.02000000   167  7169  7172  7173  7174
  7172  H     79.41000000   90.60000000   41.87000000   168  7171
  7173  H     80.88000000   90.68000000   40.84000000   168  7171
  7174  C     80.13000000   92.62000000   41.44000000   169  7171  7175  7176  7177
  7175  H     79.19000000   93.05000000   41.85000000   170  7174
  7176  H     80.88000000   92.63000000   42.26000000   170  7174
  7177  C     80.65000000   93.53000000   40.32000000   171  7174  7178  7179
  7178  O     81.85000000   93.52000000   40.01000000   172  7177
  7179  N     79.77000000   94.34000000   39.71000000   173  7177  7180  7181
  7180  HN    78.80000000   94.34000000   39.96000000   174  7179
  7181  HN    80.11000000   95.02000000   39.06000000   174  7179
  7182  C     78.92000000   89.47000000   39.37000000     9  7169  7183  7184
  7183  O     79.82000000   88.91000000   38.74000000    11  7182
  7184  N     77.80000000   88.81000000   39.74000000     7  7182  7185  7186
  7185  HN    77.11000000   89.27000000   40.28000000    10  7184
  7186  CA    77.47000000   87.43000000   39.41000000     8  7184  7187  7188  7194
  7187  H     78.31000000   86.83000000   39.73000000    12  7186
  7188  C     76.18000000   87.00000000   40.16000000   137  7186  7189  7190  7191
  7189  H     75.42000000   87.81000000   40.15000000   138  7188
  7190  H     75.73000000   86.10000000   39.70000000   138  7188
  7191  C     76.48000000   86.62000000   41.60000000   139  7188  7192  7193
  7192  O     77.61000000   86.15000000   41.88000000   140  7191
  7193  O     75.52000000   86.57000000   42.41000000   140  7191
  7194  C     77.33000000   87.12000000   37.92000000     9  7186  7195  7196
  7195  O     76.90000000   87.95000000   37.11000000    11  7194
  7196  N     77.72000000   85.90000000   37.51000000     7  7194  7197  7198
  7197  HN    78.12000000   85.25000000   38.17000000    10  7196
  7198  CA    77.49000000   85.39000000   36.17000000     8  7196  7199  7200  7209
  7199  H     77.85000000   86.14000000   35.49000000    12  7198
  7200  C     78.27000000   84.08000000   35.88000000   153  7198  7201  7202  7203
  7201  H     77.94000000   83.30000000   36.61000000   154  7200
  7202  H     78.02000000   83.71000000   34.86000000   154  7200
  7203  C     79.81000000   84.22000000   35.97000000   155  7200  7204  7205  7206
  7204  H     80.10000000   84.54000000   36.99000000   156  7203
  7205  H     80.27000000   83.22000000   35.77000000   156  7203
  7206  C     80.38000000   85.19000000   34.96000000   157  7203  7207  7208
  7207  O     80.36000000   84.89000000   33.74000000   158  7206
  7208  O     80.92000000   86.25000000   35.37000000   158  7206
  7209  C     76.01000000   85.09000000   35.89000000     9  7198  7210  7211
  7210  O     75.36000000   84.45000000   36.72000000    11  7209
  7211  N     75.43000000   85.48000000   34.76000000    50  7209  7212  7215
  7212  C     75.95000000   86.51000000   33.86000000    59  7211  7213  7214  7220
  7213  H     76.93000000   86.20000000   33.43000000    60  7212
  7214  H     76.07000000   87.46000000   34.42000000    60  7212
  7215  CA    74.06000000   85.10000000   34.44000000    51  7211  7216  7217  7223
  7216  H     73.46000000   84.99000000   35.33000000    54  7215
  7217  C     73.61000000   86.26000000   33.54000000    55  7215  7218  7219  7220
  7218  H     72.76000000   86.00000000   32.88000000    56  7217
  7219  H     73.31000000   87.11000000   34.19000000    56  7217
  7220  C     74.88000000   86.64000000   32.79000000    57  7212  7217  7221  7222
  7221  H     75.06000000   85.90000000   31.99000000    58  7220
  7222  H     74.83000000   87.66000000   32.35000000    58  7220
  7223  C     74.02000000   83.79000000   33.66000000    52  7215  7224  7225
  7224  O     75.01000000   83.39000000   33.04000000    53  7223
  7225  N     72.86000000   83.11000000   33.66000000     7  7223  7226  7227
  7226  HN    72.11000000   83.44000000   34.23000000    10  7225
  7227  CA    72.65000000   81.83000000   32.99000000     8  7225  7228  7229  7247
  7228  H     73.34000000   81.12000000   33.41000000    12  7227
  7229  C     71.20000000   81.34000000   33.29000000   202  7227  7230  7231  7232
  7230  H     71.14000000   81.19000000   34.39000000   203  7229
  7231  H     70.48000000   82.14000000   33.02000000   203  7229
  7232  C     70.77000000   80.03000000   32.57000000   204  7229  7233  7234  7235
  7233  H     70.72000000   80.21000000   31.48000000   205  7232
  7234  H     71.55000000   79.26000000   32.74000000   205  7232
  7235  C     69.42000000   79.44000000   33.01000000   206  7232  7236  7237  7238
  7236  H     68.60000000   80.17000000   32.81000000   207  7235
  7237  H     69.19000000   78.50000000   32.45000000   207  7235
  7238  N     69.46000000   79.17000000   34.48000000   208  7235  7239  7240
  7239  HN    69.13000000   79.86000000   35.13000000   209  7238
  7240  C     69.90000000   78.06000000   35.05000000   210  7238  7241  7244
  7241  N     70.30000000   76.99000000   34.42000000   211  7240  7242  7243
  7242  HN    70.23000000   76.89000000   33.42000000   212  7241
  7243  HN    70.58000000   76.21000000   34.99000000   212  7241
  7244  N     69.94000000   78.03000000   36.37000000   211  7240  7245  7246
  7245  HN    69.62000000   78.84000000   36.87000000   212  7244
  7246  HN    70.31000000   77.22000000   36.82000000   212  7244
  7247  C     72.93000000   81.85000000   31.48000000     9  7227  7248  7249
  7248  O     73.59000000   80.96000000   30.95000000    11  7247
  7249  N     72.48000000   82.90000000   30.77000000     7  7247  7250  7251
  7250  HN    71.97000000   83.63000000   31.22000000    10  7249
  7251  CA    72.69000000   83.05000000   29.33000000     8  7249  7252  7253  7268
  7252  H     72.31000000   82.14000000   28.88000000    12  7251
  7253  C     71.87000000   84.23000000   28.72000000    70  7251  7254  7255  7256
  7254  H     72.06000000   84.33000000   27.63000000    71  7253
  7255  H     70.79000000   83.98000000   28.83000000    71  7253
  7256  C     72.10000000   85.56000000   29.39000000    72  7253  7257  7264
  7257  C     71.19000000   86.05000000   30.35000000    73  7256  7258  7259
  7258  H     70.34000000   85.45000000   30.64000000    74  7257
  7259  C     71.37000000   87.33000000   30.90000000    75  7257  7260  7261
  7260  H     70.67000000   87.70000000   31.64000000    76  7259
  7261  C     72.44000000   88.13000000   30.51000000    77  7259  7262  7266
  7262  OH    72.55000000   89.43000000   31.03000000    78  7261  7263
  7263  HO    73.47000000   89.56000000   31.35000000    79  7262
  7264  C     73.16000000   86.38000000   28.99000000    73  7256  7265  7266
  7265  H     73.84000000   86.04000000   28.22000000    74  7264
  7266  C     73.34000000   87.66000000   29.55000000    75  7261  7264  7267
  7267  H     74.16000000   88.29000000   29.22000000    76  7266
  7268  C     74.15000000   83.11000000   28.88000000     9  7251  7269  7270
  7269  O     74.52000000   82.50000000   27.89000000    11  7268
  7270  N     75.03000000   83.85000000   29.60000000     7  7268  7271  7272
  7271  HN    74.73000000   84.32000000   30.43000000    10  7270
  7272  CA    76.45000000   83.90000000   29.30000000     8  7270  7273  7274  7285
  7273  H     76.54000000   84.13000000   28.25000000    12  7272
  7274  C     77.20000000   85.00000000   30.09000000   175  7272  7275  7276  7277
  7275  H     77.05000000   84.82000000   31.18000000   176  7274
  7276  H     78.30000000   84.91000000   29.89000000   176  7274
  7277  C     76.79000000   86.45000000   29.75000000   177  7274  7278  7279  7280
  7278  H     75.74000000   86.59000000   30.09000000   178  7277
  7279  H     77.42000000   87.13000000   30.37000000   178  7277
  7280  S     76.88000000   86.93000000   28.00000000   179  7277  7281
  7281  C     78.68000000   86.78000000   27.81000000   180  7280  7282  7283  7284
  7282  H     79.00000000   87.14000000   26.80000000   181  7281
  7283  H     79.23000000   87.37000000   28.57000000   181  7281
  7284  H     79.01000000   85.72000000   27.89000000   181  7281
  7285  C     77.16000000   82.56000000   29.47000000     9  7272  7286  7287
  7286  O     77.97000000   82.17000000   28.63000000    11  7285
  7287  N     76.84000000   81.82000000   30.55000000     7  7285  7288  7289
  7288  HN    76.18000000   82.15000000   31.22000000    10  7287
  7289  CA    77.36000000   80.48000000   30.75000000     8  7287  7290  7291  7302
  7290  H     78.44000000   80.54000000   30.68000000    12  7289
  7291  C     77.02000000   79.94000000   32.16000000   175  7289  7292  7293  7294
  7292  H     75.92000000   80.02000000   32.33000000   176  7291
  7293  H     77.29000000   78.86000000   32.23000000   176  7291
  7294  C     77.77000000   80.69000000   33.29000000   177  7291  7295  7296  7297
  7295  H     78.86000000   80.67000000   33.03000000   178  7294
  7296  H     77.45000000   81.75000000   33.30000000   178  7294
  7297  S     77.56000000   79.98000000   34.95000000   179  7294  7298
  7298  C     75.89000000   80.63000000   35.25000000   180  7297  7299  7300  7301
  7299  H     75.53000000   80.34000000   36.27000000   181  7298
  7300  H     75.88000000   81.74000000   35.19000000   181  7298
  7301  H     75.17000000   80.23000000   34.51000000   181  7298
  7302  C     76.95000000   79.50000000   29.67000000     9  7289  7303  7304
  7303  O     77.79000000   78.80000000   29.10000000    11  7302
  7304  N     75.67000000   79.48000000   29.26000000     7  7302  7305  7306
  7305  HN    74.97000000   80.01000000   29.74000000    10  7304
  7306  CA    75.23000000   78.70000000   28.12000000     8  7304  7307  7308  7321
  7307  H     75.48000000   77.66000000   28.30000000    12  7306
  7308  C     73.69000000   78.82000000   27.95000000    19  7306  7309  7310  7311
  7309  H     73.44000000   79.91000000   27.91000000    20  7308
  7310  H     73.37000000   78.36000000   26.99000000    20  7308
  7311  C     72.87000000   78.16000000   29.07000000    21  7308  7312  7313  7317
  7312  H     73.29000000   78.45000000   30.06000000    22  7311
  7313  C     71.42000000   78.66000000   29.01000000    23  7311  7314  7315  7316
  7314  H     70.80000000   78.16000000   29.78000000    24  7313
  7315  H     71.38000000   79.76000000   29.17000000    24  7313
  7316  H     70.99000000   78.43000000   28.01000000    24  7313
  7317  C     72.91000000   76.63000000   28.95000000    23  7311  7318  7319  7320
  7318  H     72.29000000   76.16000000   29.74000000    24  7317
  7319  H     72.50000000   76.30000000   27.97000000    24  7317
  7320  H     73.94000000   76.24000000   29.05000000    24  7317
  7321  C     75.90000000   79.08000000   26.80000000     9  7306  7322  7323
  7322  O     76.29000000   78.23000000   26.01000000    11  7321
  7323  N     76.07000000   80.40000000   26.54000000     7  7321  7324  7325
  7324  HN    75.69000000   81.08000000   27.18000000    10  7323
  7325  CA    76.72000000   80.94000000   25.36000000     8  7323  7326  7327  7331
  7326  H     76.20000000   80.60000000   24.48000000    12  7325
  7327  C     76.63000000   82.47000000   25.39000000    13  7325  7328  7329  7330
  7328  H     77.01000000   82.90000000   24.44000000    14  7327
  7329  H     75.56000000   82.76000000   25.49000000    14  7327
  7330  H     77.19000000   82.90000000   26.24000000    14  7327
  7331  C     78.17000000   80.51000000   25.19000000     9  7325  7332  7333
  7332  O     78.62000000   80.17000000   24.10000000    11  7331
  7333  N     78.95000000   80.52000000   26.28000000     7  7331  7334  7335
  7334  HN    78.60000000   80.85000000   27.16000000    10  7333
  7335  CA    80.28000000   79.95000000   26.27000000     8  7333  7336  7337  7355
  7336  H     80.76000000   80.36000000   25.39000000    12  7335
  7337  C     81.13000000   80.43000000   27.47000000   202  7335  7338  7339  7340
  7338  H     81.19000000   81.54000000   27.43000000   203  7337
  7339  H     80.59000000   80.18000000   28.41000000   203  7337
  7340  C     82.55000000   79.84000000   27.50000000   204  7337  7341  7342  7343
  7341  H     83.04000000   80.12000000   28.46000000   205  7340
  7342  H     82.50000000   78.73000000   27.51000000   205  7340
  7343  C     83.39000000   80.32000000   26.31000000   206  7340  7344  7345  7346
  7344  H     82.90000000   80.01000000   25.36000000   207  7343
  7345  H     83.50000000   81.43000000   26.33000000   207  7343
  7346  N     84.75000000   79.70000000   26.41000000   208  7343  7347  7348
  7347  HN    85.01000000   79.22000000   27.27000000   209  7346
  7348  C     85.47000000   79.41000000   25.33000000   210  7346  7349  7352
  7349  N     85.26000000   79.96000000   24.16000000   211  7348  7350  7351
  7350  HN    84.48000000   80.58000000   24.01000000   212  7349
  7351  HN    85.81000000   79.70000000   23.36000000   212  7349
  7352  N     86.46000000   78.56000000   25.44000000   211  7348  7353  7354
  7353  HN    86.70000000   78.25000000   26.38000000   212  7352
  7354  HN    87.05000000   78.39000000   24.67000000   212  7352
  7355  C     80.33000000   78.44000000   26.02000000     9  7335  7356  7357
  7356  O     81.16000000   77.97000000   25.24000000    11  7355
  7357  N     79.41000000   77.63000000   26.62000000     7  7355  7358  7359
  7358  HN    78.75000000   78.00000000   27.28000000    10  7357
  7359  CA    79.35000000   76.19000000   26.37000000     8  7357  7360  7361  7370
  7360  H     80.30000000   75.76000000   26.66000000    12  7359
  7361  C     78.20000000   75.48000000   27.17000000   153  7359  7362  7363  7364
  7362  H     77.22000000   75.94000000   26.92000000   154  7361
  7363  H     78.16000000   74.41000000   26.84000000   154  7361
  7364  C     78.37000000   75.47000000   28.70000000   155  7361  7365  7366  7367
  7365  H     79.38000000   75.09000000   28.98000000   156  7364
  7366  H     78.26000000   76.49000000   29.11000000   156  7364
  7367  C     77.34000000   74.60000000   29.43000000   157  7364  7368  7369
  7368  O     76.50000000   73.92000000   28.78000000   158  7367
  7369  O     77.41000000   74.60000000   30.68000000   158  7367
  7370  C     79.12000000   75.86000000   24.91000000     9  7359  7371  7372
  7371  O     79.84000000   75.07000000   24.30000000    11  7370
  7372  N     78.15000000   76.54000000   24.27000000     7  7370  7373  7374
  7373  HN    77.58000000   77.18000000   24.78000000    10  7372
  7374  CA    77.86000000   76.37000000   22.86000000     8  7372  7375  7376  7380
  7375  H     77.62000000   75.32000000   22.70000000    12  7374
  7376  C     76.64000000   77.21000000   22.48000000    13  7374  7377  7378  7379
  7377  H     76.35000000   77.05000000   21.42000000    14  7376
  7378  H     75.78000000   76.93000000   23.11000000    14  7376
  7379  H     76.84000000   78.29000000   22.64000000    14  7376
  7380  C     79.02000000   76.70000000   21.94000000     9  7374  7381  7382
  7381  O     79.27000000   75.98000000   20.97000000    11  7380
  7382  N     79.78000000   77.78000000   22.24000000     7  7380  7383  7384
  7383  HN    79.50000000   78.37000000   23.00000000    10  7382
  7384  CA    81.01000000   78.13000000   21.56000000     8  7382  7385  7386  7395
  7385  H     80.79000000   78.25000000   20.51000000    12  7384
  7386  C     81.56000000   79.47000000   22.12000000   153  7384  7387  7388  7389
  7387  H     80.73000000   80.21000000   22.14000000   154  7386
  7388  H     81.88000000   79.31000000   23.18000000   154  7386
  7389  C     82.74000000   80.07000000   21.30000000   155  7386  7390  7391  7392
  7390  H     83.49000000   79.28000000   21.08000000   156  7389
  7391  H     82.35000000   80.45000000   20.34000000   156  7389
  7392  C     83.49000000   81.19000000   22.00000000   157  7389  7393  7394
  7393  O     83.16000000   81.54000000   23.17000000   158  7392
  7394  O     84.50000000   81.66000000   21.41000000   158  7392
  7395  C     82.08000000   77.04000000   21.68000000     9  7384  7396  7397
  7396  O     82.76000000   76.70000000   20.71000000    11  7395
  7397  N     82.25000000   76.44000000   22.87000000     7  7395  7398  7399
  7398  HN    81.72000000   76.75000000   23.67000000    10  7397
  7399  CA    83.11000000   75.29000000   23.09000000     8  7397  7400  7401  7412
  7400  H     84.10000000   75.56000000   22.74000000    12  7399
  7401  C     83.22000000   74.96000000   24.59000000   175  7399  7402  7403  7404
  7402  H     82.20000000   74.79000000   25.00000000   176  7401
  7403  H     83.79000000   74.01000000   24.73000000   176  7401
  7404  C     83.93000000   76.05000000   25.41000000   177  7401  7405  7406  7407
  7405  H     85.03000000   75.97000000   25.25000000   178  7404
  7406  H     83.62000000   77.05000000   25.03000000   178  7404
  7407  S     83.56000000   76.01000000   27.19000000   179  7404  7408
  7408  C     84.34000000   74.42000000   27.56000000   180  7407  7409  7410  7411
  7409  H     84.09000000   74.10000000   28.59000000   181  7408
  7410  H     84.00000000   73.61000000   26.88000000   181  7408
  7411  H     85.45000000   74.49000000   27.47000000   181  7408
  7412  C     82.73000000   74.04000000   22.30000000     9  7399  7413  7414
  7413  O     83.57000000   73.44000000   21.63000000    11  7412
  7414  N     81.43000000   73.65000000   22.29000000     7  7412  7415  7416
  7415  HN    80.77000000   74.11000000   22.89000000    10  7414
  7416  CA    80.91000000   72.57000000   21.45000000     8  7414  7417  7418  7431
  7417  H     81.50000000   71.69000000   21.64000000    12  7416
  7418  C     79.40000000   72.24000000   21.70000000    19  7416  7419  7420  7421
  7419  H     78.82000000   73.18000000   21.72000000    20  7418
  7420  H     79.03000000   71.63000000   20.84000000    20  7418
  7421  C     79.05000000   71.39000000   22.95000000    21  7418  7422  7423  7427
  7422  H     78.00000000   71.03000000   22.77000000    22  7421
  7423  C     79.93000000   70.14000000   23.14000000    23  7421  7424  7425  7426
  7424  H     79.50000000   69.48000000   23.91000000    24  7423
  7425  H     80.03000000   69.57000000   22.20000000    24  7423
  7426  H     80.94000000   70.44000000   23.47000000    24  7423
  7427  C     79.01000000   72.19000000   24.24000000    23  7421  7428  7429  7430
  7428  H     78.59000000   71.58000000   25.07000000    24  7427
  7429  H     80.03000000   72.52000000   24.53000000    24  7427
  7430  H     78.37000000   73.09000000   24.12000000    24  7427
  7431  C     81.08000000   72.83000000   19.95000000     9  7416  7432  7433
  7432  O     81.43000000   71.94000000   19.18000000    11  7431
  7433  N     80.86000000   74.09000000   19.51000000     7  7431  7434  7435
  7434  HN    80.51000000   74.78000000   20.15000000    10  7433
  7435  CA    81.09000000   74.53000000   18.15000000     8  7433  7436  7437  7451
  7436  H     80.48000000   73.93000000   17.49000000    12  7435
  7437  C     80.72000000   76.05000000   18.03000000    61  7435  7438  7439  7440
  7438  H     79.71000000   76.21000000   18.44000000    62  7437
  7439  H     81.40000000   76.66000000   18.66000000    62  7437
  7440  C     80.76000000   76.62000000   16.64000000    63  7437  7441  7447
  7441  C     81.97000000   77.05000000   16.07000000    64  7440  7442  7443
  7442  H     82.90000000   76.92000000   16.61000000    65  7441
  7443  C     81.99000000   77.66000000   14.81000000    66  7441  7444  7445
  7444  H     82.93000000   77.97000000   14.38000000    67  7443
  7445  C     80.79000000   77.88000000   14.12000000    68  7443  7446  7449
  7446  H     80.81000000   78.38000000   13.16000000    69  7445
  7447  C     79.56000000   76.85000000   15.94000000    64  7440  7448  7449
  7448  H     78.62000000   76.56000000   16.38000000    65  7447
  7449  C     79.57000000   77.48000000   14.69000000    66  7445  7447  7450
  7450  H     78.65000000   77.68000000   14.17000000    67  7449
  7451  C     82.55000000   74.35000000   17.74000000     9  7435  7452  7453
  7452  O     82.86000000   73.82000000   16.67000000    11  7451
  7453  N     83.47000000   74.80000000   18.61000000     7  7451  7454  7455
  7454  HN    83.16000000   75.17000000   19.49000000    10  7453
  7455  CA    84.88000000   74.93000000   18.28000000     8  7453  7456  7457  7465
  7456  H     84.97000000   75.24000000   17.25000000    12  7455
  7457  C     85.57000000   75.99000000   19.15000000    37  7455  7458  7459  7461
  7458  H     85.57000000   75.67000000   20.23000000    38  7457
  7459  OH    84.88000000   77.23000000   19.06000000    39  7457  7460
  7460  HO    84.08000000   77.13000000   19.60000000    40  7459
  7461  C     87.01000000   76.24000000   18.69000000    41  7457  7462  7463  7464
  7462  H     87.45000000   77.10000000   19.25000000    42  7461
  7463  H     87.65000000   75.35000000   18.87000000    42  7461
  7464  H     87.02000000   76.48000000   17.61000000    42  7461
  7465  C     85.64000000   73.63000000   18.42000000     9  7455  7466  7467
  7466  O     86.44000000   73.27000000   17.56000000    11  7465
  7467  N     85.38000000   72.86000000   19.50000000     1  7465  7468  7469
  7468  HN    84.64000000   73.12000000   20.14000000     4  7467
  7469  CA    86.20000000   71.73000000   19.92000000     2  7467  7470  7471  7472
  7470  H     85.68000000   71.24000000   20.74000000     6  7469
  7471  H     86.33000000   71.07000000   19.07000000     6  7469
  7472  C     87.58000000   72.11000000   20.41000000     3  7469  7473  7474
  7473  O     88.12000000   73.17000000   20.12000000     5  7472
  7474  N     88.21000000   71.22000000   21.19000000     1  7472  7475  7476
  7475  HN    87.77000000   70.35000000   21.43000000     4  7474
  7476  CA    89.51000000   71.49000000   21.79000000     2  7474  7477  7478  7479
  7477  H     90.28000000   71.10000000   21.15000000     6  7476
  7478  H     89.61000000   72.55000000   21.99000000     6  7476
  7479  C     89.64000000   70.81000000   23.11000000     3  7476  7480  7481
  7480  O     88.65000000   70.38000000   23.70000000     5  7479
  7481  N     90.88000000   70.71000000   23.63000000     7  7479  7482  7483
  7482  HN    91.65000000   71.08000000   23.11000000    10  7481
  7483  CA    91.21000000   70.27000000   24.99000000     8  7481  7484  7485  7500
  7484  H     92.26000000   70.02000000   24.98000000    12  7483
  7485  C     91.01000000   71.44000000   25.99000000    70  7483  7486  7487  7488
  7486  H     89.93000000   71.67000000   26.08000000    71  7485
  7487  H     91.39000000   71.17000000   27.00000000    71  7485
  7488  C     91.71000000   72.70000000   25.54000000    72  7485  7489  7496
  7489  C     93.02000000   72.97000000   25.96000000    73  7488  7490  7491
  7490  H     93.53000000   72.27000000   26.60000000    74  7489
  7491  C     93.65000000   74.16000000   25.58000000    75  7489  7492  7493
  7492  H     94.65000000   74.37000000   25.93000000    76  7491
  7493  C     93.00000000   75.06000000   24.73000000    77  7491  7494  7498
  7494  OH    93.67000000   76.22000000   24.27000000    78  7493  7495
  7495  HO    93.52000000   76.27000000   23.31000000    79  7494
  7496  C     91.05000000   73.63000000   24.72000000    73  7488  7497  7498
  7497  H     90.04000000   73.44000000   24.40000000    74  7496
  7498  C     91.70000000   74.80000000   24.30000000    75  7493  7496  7499
  7499  H     91.18000000   75.50000000   23.66000000    76  7498
  7500  C     90.49000000   69.02000000   25.51000000     9  7483  7501  7502
  7501  O     90.01000000   68.98000000   26.64000000    11  7500
  7502  N     90.37000000   67.98000000   24.66000000     1  7500  7503  7504
  7503  HN    90.78000000   68.04000000   23.76000000     4  7502
  7504  CA    89.72000000   66.71000000   25.01000000     2  7502  7505  7506  7507
  7505  H     90.21000000   65.94000000   24.44000000     6  7504
  7506  H     89.82000000   66.54000000   26.08000000     6  7504
  7507  C     88.25000000   66.64000000   24.68000000     3  7504  7508  7509
  7508  O     87.59000000   65.65000000   24.98000000     5  7507
  7509  N     87.72000000   67.69000000   24.03000000     7  7507  7510  7511
  7510  HN    88.26000000   68.52000000   23.88000000    10  7509
  7511  CA    86.36000000   67.76000000   23.54000000     8  7509  7512  7513  7526
  7512  H     85.81000000   66.87000000   23.82000000    12  7511
  7513  C     85.62000000   69.00000000   24.14000000    19  7511  7514  7515  7516
  7514  H     85.47000000   68.81000000   25.22000000    20  7513
  7515  H     86.30000000   69.87000000   24.05000000    20  7513
  7516  C     84.28000000   69.42000000   23.48000000    21  7513  7517  7518  7522
  7517  H     84.48000000   69.64000000   22.40000000    22  7516
  7518  C     83.20000000   68.33000000   23.54000000    23  7516  7519  7520  7521
  7519  H     82.32000000   68.64000000   22.94000000    24  7518
  7520  H     83.57000000   67.38000000   23.10000000    24  7518
  7521  H     82.87000000   68.12000000   24.57000000    24  7518
  7522  C     83.78000000   70.74000000   24.09000000    23  7516  7523  7524  7525
  7523  H     82.90000000   71.12000000   23.53000000    24  7522
  7524  H     83.50000000   70.62000000   25.16000000    24  7522
  7525  H     84.57000000   71.52000000   24.02000000    24  7522
  7526  C     86.36000000   67.81000000   22.01000000     9  7511  7527  7528
  7527  O     86.93000000   68.70000000   21.38000000    11  7526
  7528  N     85.71000000   66.82000000   21.38000000     7  7526  7529  7530
  7529  HN    85.31000000   66.06000000   21.88000000    10  7528
  7530  CA    85.48000000   66.78000000   19.95000000     8  7528  7531  7532  7541
  7531  H     86.31000000   67.24000000   19.44000000    12  7530
  7532  C     85.36000000   65.32000000   19.45000000   153  7530  7533  7534  7535
  7533  H     84.48000000   64.85000000   19.96000000   154  7532
  7534  H     85.15000000   65.30000000   18.35000000   154  7532
  7535  C     86.61000000   64.44000000   19.74000000   155  7532  7536  7537  7538
  7536  H     86.92000000   64.54000000   20.80000000   156  7535
  7537  H     86.31000000   63.38000000   19.58000000   156  7535
  7538  C     87.83000000   64.71000000   18.86000000   157  7535  7539  7540
  7539  O     88.26000000   63.75000000   18.17000000   158  7538
  7540  O     88.38000000   65.83000000   18.88000000   158  7538
  7541  C     84.22000000   67.59000000   19.61000000     9  7530  7542  7543
  7542  O     83.33000000   67.78000000   20.43000000    11  7541
  7543  N     84.13000000   68.14000000   18.38000000     7  7541  7544  7545
  7544  HN    84.83000000   67.94000000   17.70000000    10  7543
  7545  CA    83.06000000   69.04000000   17.97000000     8  7543  7546  7547  7563
  7546  H     83.07000000   69.87000000   18.65000000    12  7545
  7547  C     83.34000000   69.58000000   16.54000000   182  7545  7548  7549  7550
  7548  H     83.43000000   68.70000000   15.86000000   183  7547
  7549  H     82.48000000   70.19000000   16.18000000   183  7547
  7550  C     84.62000000   70.44000000   16.44000000   184  7547  7551  7552  7553
  7551  H     84.47000000   71.40000000   16.97000000   185  7550
  7552  H     85.44000000   69.91000000   16.97000000   185  7550
  7553  C     85.09000000   70.66000000   14.99000000   186  7550  7554  7555  7556
  7554  H     86.17000000   70.38000000   14.94000000   187  7553
  7555  H     84.56000000   69.97000000   14.30000000   187  7553
  7556  C     85.01000000   72.11000000   14.48000000   188  7553  7557  7558  7559
  7557  H     85.58000000   72.80000000   15.13000000   189  7556
  7558  H     85.42000000   72.16000000   13.44000000   189  7556
  7559  N     83.61000000   72.57000000   14.43000000   190  7556  7560  7561  7562
  7560  HN    83.58000000   73.47000000   13.87000000   191  7559
  7561  HN    82.98000000   71.86000000   13.99000000   191  7559
  7562  HN    83.28000000   72.82000000   15.39000000   191  7559
  7563  C     81.64000000   68.45000000   18.02000000     9  7545  7564  7565
  7564  O     81.42000000   67.29000000   17.68000000    11  7563
  7565  N     80.64000000   69.25000000   18.43000000     7  7563  7566  7567
  7566  HN    80.83000000   70.18000000   18.76000000    10  7565
  7567  CA    79.24000000   68.84000000   18.41000000     8  7565  7568  7569  7575
  7568  H     79.11000000   67.99000000   17.74000000    12  7567
  7569  C     78.83000000   68.36000000   19.83000000   137  7567  7570  7571  7572
  7570  H     79.60000000   67.64000000   20.19000000   138  7569
  7571  H     78.80000000   69.22000000   20.52000000   138  7569
  7572  C     77.48000000   67.66000000   19.91000000   139  7569  7573  7574
  7573  O     76.64000000   67.81000000   18.99000000   140  7572
  7574  O     77.23000000   67.02000000   20.97000000   140  7572
  7575  C     78.37000000   69.99000000   17.87000000     9  7567  7576  7577
  7576  O     78.00000000   70.90000000   18.62000000    11  7575
  7577  N     78.00000000   70.01000000   16.58000000    50  7575  7578  7581
  7578  C     78.79000000   69.35000000   15.53000000    59  7577  7579  7580  7586
  7579  H     78.32000000   68.37000000   15.30000000    60  7578
  7580  H     79.85000000   69.20000000   15.81000000    60  7578
  7581  CA    77.20000000   71.10000000   16.04000000    51  7577  7582  7583  7589
  7582  H     77.63000000   72.03000000   16.36000000    54  7581
  7583  C     77.30000000   70.91000000   14.51000000    55  7581  7584  7585  7586
  7584  H     76.53000000   70.19000000   14.15000000    56  7583
  7585  H     77.17000000   71.87000000   13.98000000    56  7583
  7586  C     78.68000000   70.30000000   14.32000000    57  7578  7583  7587  7588
  7587  H     78.78000000   69.77000000   13.35000000    58  7586
  7588  H     79.46000000   71.09000000   14.40000000    58  7586
  7589  C     75.76000000   71.08000000   16.49000000    52  7581  7590  7591
  7590  O     75.22000000   72.16000000   16.76000000    53  7589
  7591  N     75.08000000   69.91000000   16.54000000     7  7589  7592  7593
  7592  HN    75.54000000   69.06000000   16.27000000    10  7591
  7593  CA    73.68000000   69.83000000   16.92000000     8  7591  7594  7595  7606
  7594  H     73.14000000   70.48000000   16.26000000    12  7593
  7595  C     73.13000000   68.40000000   16.68000000   167  7593  7596  7597  7598
  7596  H     73.79000000   67.93000000   15.91000000   168  7595
  7597  H     73.21000000   67.76000000   17.59000000   168  7595
  7598  C     71.71000000   68.34000000   16.06000000   169  7595  7599  7600  7601
  7599  H     71.66000000   69.03000000   15.19000000   170  7598
  7600  H     71.52000000   67.31000000   15.69000000   170  7598
  7601  C     70.59000000   68.68000000   17.04000000   171  7598  7602  7603
  7602  O     70.65000000   68.33000000   18.22000000   172  7601
  7603  N     69.50000000   69.32000000   16.55000000   173  7601  7604  7605
  7604  HN    69.41000000   69.54000000   15.58000000   174  7603
  7605  HN    68.77000000   69.55000000   17.19000000   174  7603
  7606  C     73.44000000   70.32000000   18.35000000     9  7593  7607  7608
  7607  O     72.59000000   71.17000000   18.58000000    11  7606
  7608  N     74.29000000   69.88000000   19.31000000     7  7606  7609  7610
  7609  HN    74.97000000   69.17000000   19.09000000    10  7608
  7610  CA    74.29000000   70.37000000   20.67000000     8  7608  7611  7612  7630
  7611  H     73.29000000   70.25000000   21.07000000    12  7610
  7612  C     75.27000000   69.55000000   21.53000000   202  7610  7613  7614  7615
  7613  H     74.96000000   68.49000000   21.43000000   203  7612
  7614  H     76.29000000   69.65000000   21.10000000   203  7612
  7615  C     75.34000000   69.93000000   23.02000000   204  7612  7616  7617  7618
  7616  H     75.76000000   70.95000000   23.12000000   205  7615
  7617  H     74.31000000   69.95000000   23.45000000   205  7615
  7618  C     76.20000000   68.93000000   23.81000000   206  7615  7619  7620  7621
  7619  H     75.70000000   67.94000000   23.86000000   207  7618
  7620  H     77.19000000   68.83000000   23.31000000   207  7618
  7621  N     76.39000000   69.48000000   25.19000000   208  7618  7622  7623
  7622  HN    75.74000000   70.16000000   25.52000000   209  7621
  7623  C     77.16000000   68.91000000   26.10000000   210  7621  7624  7627
  7624  N     77.87000000   67.83000000   25.84000000   211  7623  7625  7626
  7625  HN    77.77000000   67.40000000   24.94000000   212  7624
  7626  HN    78.06000000   67.25000000   26.64000000   212  7624
  7627  N     77.22000000   69.41000000   27.32000000   211  7623  7628  7629
  7628  HN    76.73000000   70.24000000   27.53000000   212  7627
  7629  HN    77.90000000   69.04000000   27.95000000   212  7627
  7630  C     74.63000000   71.84000000   20.81000000     9  7610  7631  7632
  7631  O     74.04000000   72.57000000   21.60000000    11  7630
  7632  N     75.61000000   72.34000000   20.02000000     7  7630  7633  7634
  7633  HN    76.10000000   71.71000000   19.41000000    10  7632
  7634  CA    75.96000000   73.75000000   19.98000000     8  7632  7635  7636  7641
  7635  H     76.26000000   74.05000000   20.97000000    12  7634
  7636  C     77.15000000   74.00000000   19.00000000    33  7634  7637  7638  7639
  7637  H     78.03000000   73.41000000   19.34000000    34  7636
  7638  H     76.87000000   73.64000000   17.99000000    34  7636
  7639  OH    77.51000000   75.38000000   18.90000000    35  7636  7640
  7640  HO    78.00000000   75.62000000   19.70000000    36  7639
  7641  C     74.79000000   74.64000000   19.59000000     9  7634  7642  7643
  7642  O     74.52000000   75.65000000   20.23000000    11  7641
  7643  N     74.01000000   74.23000000   18.56000000     1  7641  7644  7645
  7644  HN    74.26000000   73.41000000   18.05000000     4  7643
  7645  CA    72.78000000   74.92000000   18.19000000     2  7643  7646  7647  7648
  7646  H     73.01000000   75.96000000   18.02000000     6  7645
  7647  H     72.39000000   74.45000000   17.31000000     6  7645
  7648  C     71.71000000   74.88000000   19.25000000     3  7645  7649  7650
  7649  O     71.09000000   75.89000000   19.54000000     5  7648
  7650  N     71.48000000   73.71000000   19.89000000     7  7648  7651  7652
  7651  HN    71.97000000   72.88000000   19.62000000    10  7650
  7652  CA    70.54000000   73.58000000   20.99000000     8  7650  7653  7654  7660
  7653  H     69.57000000   73.89000000   20.63000000    12  7652
  7654  C     70.49000000   72.08000000   21.39000000   137  7652  7655  7656  7657
  7655  H     70.24000000   71.47000000   20.50000000   138  7654
  7656  H     71.47000000   71.73000000   21.78000000   138  7654
  7657  C     69.42000000   71.80000000   22.43000000   139  7654  7658  7659
  7658  O     68.34000000   72.43000000   22.37000000   140  7657
  7659  O     69.62000000   70.88000000   23.26000000   140  7657
  7660  C     70.89000000   74.47000000   22.19000000     9  7652  7661  7662
  7661  O     70.07000000   75.23000000   22.70000000    11  7660
  7662  N     72.16000000   74.46000000   22.62000000     7  7660  7663  7664
  7663  HN    72.81000000   73.80000000   22.22000000    10  7662
  7664  CA    72.67000000   75.34000000   23.65000000     8  7662  7665  7666  7679
  7665  H     72.03000000   75.22000000   24.51000000    12  7664
  7666  C     74.12000000   74.96000000   24.06000000    19  7664  7667  7668  7669
  7667  H     74.73000000   74.90000000   23.13000000    20  7666
  7668  H     74.55000000   75.74000000   24.72000000    20  7666
  7669  C     74.24000000   73.62000000   24.81000000    21  7666  7670  7671  7675
  7670  H     73.72000000   72.82000000   24.22000000    22  7669
  7671  C     75.71000000   73.24000000   24.95000000    23  7669  7672  7673  7674
  7672  H     75.82000000   72.28000000   25.49000000    24  7671
  7673  H     76.18000000   73.14000000   23.94000000    24  7671
  7674  H     76.26000000   74.02000000   25.52000000    24  7671
  7675  C     73.59000000   73.67000000   26.20000000    23  7669  7676  7677  7678
  7676  H     73.70000000   72.69000000   26.71000000    24  7675
  7677  H     74.08000000   74.44000000   26.84000000    24  7675
  7678  H     72.51000000   73.90000000   26.14000000    24  7675
  7679  C     72.59000000   76.82000000   23.29000000     9  7664  7680  7681
  7680  O     72.22000000   77.64000000   24.13000000    11  7679
  7681  N     72.92000000   77.22000000   22.04000000     7  7679  7682  7683
  7682  HN    73.32000000   76.57000000   21.39000000    10  7681
  7683  CA    72.70000000   78.57000000   21.55000000     8  7681  7684  7685  7700
  7684  H     73.15000000   79.26000000   22.24000000    12  7683
  7685  C     73.31000000   78.81000000   20.13000000    70  7683  7686  7687  7688
  7686  H     73.13000000   77.92000000   19.50000000    71  7685
  7687  H     72.84000000   79.69000000   19.65000000    71  7685
  7688  C     74.79000000   79.13000000   20.16000000    72  7685  7689  7696
  7689  C     75.28000000   80.15000000   20.99000000    73  7688  7690  7691
  7690  H     74.62000000   80.66000000   21.67000000    74  7689
  7691  C     76.63000000   80.53000000   20.95000000    75  7689  7692  7693
  7692  H     76.98000000   81.31000000   21.61000000    76  7691
  7693  C     77.50000000   79.92000000   20.05000000    77  7691  7694  7698
  7694  OH    78.84000000   80.37000000   19.99000000    78  7693  7695
  7695  HO    79.28000000   79.96000000   19.22000000    79  7694
  7696  C     75.68000000   78.52000000   19.25000000    73  7688  7697  7698
  7697  H     75.32000000   77.75000000   18.58000000    74  7696
  7698  C     77.03000000   78.91000000   19.20000000    75  7693  7696  7699
  7699  H     77.70000000   78.44000000   18.50000000    76  7698
  7700  C     71.23000000   78.99000000   21.57000000     9  7683  7701  7702
  7701  O     70.89000000   80.09000000   21.98000000    11  7700
  7702  N     70.33000000   78.08000000   21.17000000     7  7700  7703  7704
  7703  HN    70.66000000   77.20000000   20.81000000    10  7702
  7704  CA    68.89000000   78.25000000   21.25000000     8  7702  7705  7706  7714
  7705  H     68.65000000   79.16000000   20.72000000    12  7704
  7706  C     68.14000000   77.11000000   20.58000000    37  7704  7707  7708  7710
  7707  H     68.25000000   76.16000000   21.15000000    38  7706
  7708  OH    68.61000000   76.91000000   19.26000000    39  7706  7709
  7709  HO    69.48000000   76.48000000   19.32000000    40  7708
  7710  C     66.65000000   77.45000000   20.42000000    41  7706  7711  7712  7713
  7711  H     66.12000000   76.59000000   19.97000000    42  7710
  7712  H     66.18000000   77.67000000   21.40000000    42  7710
  7713  H     66.52000000   78.32000000   19.76000000    42  7710
  7714  C     68.39000000   78.44000000   22.68000000     9  7704  7715  7716
  7715  O     67.61000000   79.35000000   22.97000000    11  7714
  7716  N     68.85000000   77.62000000   23.65000000     7  7714  7717  7718
  7717  HN    69.42000000   76.83000000   23.41000000    10  7716
  7718  CA    68.55000000   77.81000000   25.07000000     8  7716  7719  7720  7731
  7719  H     67.47000000   77.88000000   25.16000000    12  7718
  7720  C     69.01000000   76.61000000   25.93000000   167  7718  7721  7722  7723
  7721  H     68.58000000   75.69000000   25.47000000   168  7720
  7722  H     70.11000000   76.51000000   25.90000000   168  7720
  7723  C     68.51000000   76.72000000   27.40000000   169  7720  7724  7725  7726
  7724  H     68.97000000   77.59000000   27.91000000   170  7723
  7725  H     67.41000000   76.87000000   27.41000000   170  7723
  7726  C     68.82000000   75.50000000   28.27000000   171  7723  7727  7728
  7727  O     69.43000000   75.62000000   29.34000000   172  7726
  7728  N     68.36000000   74.31000000   27.84000000   173  7726  7729  7730
  7729  HN    67.87000000   74.25000000   26.97000000   174  7728
  7730  HN    68.52000000   73.51000000   28.41000000   174  7728
  7731  C     69.10000000   79.11000000   25.65000000     9  7718  7732  7733
  7732  O     68.44000000   79.81000000   26.41000000    11  7731
  7733  N     70.35000000   79.49000000   25.29000000     7  7731  7734  7735
  7734  HN    70.91000000   78.89000000   24.73000000    10  7733
  7735  CA    70.93000000   80.77000000   25.67000000     8  7733  7736  7737  7741
  7736  H     70.92000000   80.82000000   26.75000000    12  7735
  7737  C     72.38000000   80.88000000   25.18000000    13  7735  7738  7739  7740
  7738  H     72.85000000   81.84000000   25.50000000    14  7737
  7739  H     72.99000000   80.06000000   25.60000000    14  7737
  7740  H     72.44000000   80.82000000   24.07000000    14  7737
  7741  C     70.15000000   81.96000000   25.16000000     9  7735  7742  7743
  7742  O     69.97000000   82.95000000   25.86000000    11  7741
  7743  N     69.64000000   81.88000000   23.91000000     7  7741  7744  7745
  7744  HN    69.87000000   81.09000000   23.33000000    10  7743
  7745  CA    68.72000000   82.84000000   23.36000000     8  7743  7746  7747  7751
  7746  H     69.19000000   83.80000000   23.40000000    12  7745
  7747  C     68.45000000   82.49000000   21.88000000    13  7745  7748  7749  7750
  7748  H     67.87000000   83.30000000   21.39000000    14  7747
  7749  H     69.40000000   82.36000000   21.33000000    14  7747
  7750  H     67.87000000   81.54000000   21.79000000    14  7747
  7751  C     67.40000000   82.96000000   24.14000000     9  7745  7752  7753
  7752  O     66.95000000   84.07000000   24.41000000    11  7751
  7753  N     66.79000000   81.84000000   24.57000000     7  7751  7754  7755
  7754  HN    67.12000000   80.93000000   24.29000000    10  7753
  7755  CA    65.65000000   81.87000000   25.48000000     8  7753  7756  7757  7766
  7756  H     64.88000000   82.48000000   25.02000000    12  7755
  7757  C     65.05000000   80.46000000   25.72000000   153  7755  7758  7759  7760
  7758  H     65.85000000   79.75000000   26.05000000   154  7757
  7759  H     64.30000000   80.52000000   26.53000000   154  7757
  7760  C     64.32000000   79.91000000   24.48000000   155  7757  7761  7762  7763
  7761  H     63.60000000   80.67000000   24.11000000   156  7760
  7762  H     65.05000000   79.70000000   23.67000000   156  7760
  7763  C     63.53000000   78.63000000   24.73000000   157  7760  7764  7765
  7764  O     63.59000000   78.02000000   25.83000000   158  7763
  7765  O     62.86000000   78.21000000   23.75000000   158  7763
  7766  C     65.93000000   82.51000000   26.83000000     9  7755  7767  7768
  7767  O     65.19000000   83.38000000   27.29000000    11  7766
  7768  N     67.06000000   82.16000000   27.47000000     7  7766  7769  7770
  7769  HN    67.62000000   81.41000000   27.09000000    10  7768
  7770  CA    67.53000000   82.78000000   28.69000000     8  7768  7771  7772  7776
  7771  H     66.74000000   82.70000000   29.42000000    12  7770
  7772  C     68.78000000   82.02000000   29.19000000    13  7770  7773  7774  7775
  7773  H     69.14000000   82.44000000   30.15000000    14  7772
  7774  H     68.52000000   80.95000000   29.35000000    14  7772
  7775  H     69.59000000   82.06000000   28.44000000    14  7772
  7776  C     67.82000000   84.28000000   28.53000000     9  7770  7777  7778
  7777  O     67.52000000   85.10000000   29.40000000    11  7776
  7778  N     68.39000000   84.69000000   27.38000000     7  7776  7779  7780
  7779  HN    68.71000000   84.00000000   26.72000000    10  7778
  7780  CA    68.55000000   86.07000000   26.98000000     8  7778  7781  7782  7786
  7781  H     69.06000000   86.57000000   27.79000000    12  7780
  7782  C     69.41000000   86.15000000   25.71000000    13  7780  7783  7784  7785
  7783  H     69.58000000   87.21000000   25.41000000    14  7782
  7784  H     70.40000000   85.68000000   25.90000000    14  7782
  7785  H     68.93000000   85.61000000   24.87000000    14  7782
  7786  C     67.23000000   86.83000000   26.80000000     9  7780  7787  7788
  7787  O     67.10000000   87.97000000   27.24000000    11  7786
  7788  N     66.21000000   86.19000000   26.19000000     7  7786  7789  7790
  7789  HN    66.37000000   85.29000000   25.76000000    10  7788
  7790  CA    64.84000000   86.69000000   26.14000000     8  7788  7791  7792  7803
  7791  H     64.88000000   87.68000000   25.71000000    12  7790
  7792  C     63.91000000   85.82000000   25.25000000   175  7790  7793  7794  7795
  7793  H     64.00000000   84.75000000   25.56000000   176  7792
  7794  H     62.84000000   86.11000000   25.41000000   176  7792
  7795  C     64.16000000   85.93000000   23.73000000   177  7792  7796  7797  7798
  7796  H     65.20000000   85.61000000   23.52000000   178  7795
  7797  H     63.49000000   85.20000000   23.22000000   178  7795
  7798  S     63.87000000   87.59000000   23.06000000   179  7795  7799
  7799  C     64.00000000   87.14000000   21.31000000   180  7798  7800  7801  7802
  7800  H     63.80000000   88.02000000   20.66000000   181  7799
  7801  H     65.01000000   86.75000000   21.06000000   181  7799
  7802  H     63.25000000   86.36000000   21.04000000   181  7799
  7803  C     64.19000000   86.88000000   27.50000000     9  7790  7804  7805
  7804  O     63.58000000   87.92000000   27.76000000    11  7803
  7805  N     64.36000000   85.91000000   28.43000000     7  7803  7806  7807
  7806  HN    64.80000000   85.04000000   28.17000000    10  7805
  7807  CA    63.91000000   86.01000000   29.82000000     8  7805  7808  7809  7818
  7808  H     62.84000000   86.17000000   29.80000000    12  7807
  7809  C     64.19000000   84.72000000   30.65000000   153  7807  7810  7811  7812
  7810  H     65.26000000   84.43000000   30.57000000   154  7809
  7811  H     63.98000000   84.95000000   31.72000000   154  7809
  7812  C     63.28000000   83.52000000   30.27000000   155  7809  7813  7814  7815
  7813  H     62.23000000   83.87000000   30.20000000   156  7812
  7814  H     63.58000000   83.12000000   29.27000000   156  7812
  7815  C     63.32000000   82.38000000   31.27000000   157  7812  7816  7817
  7816  O     63.99000000   82.47000000   32.33000000   158  7815
  7817  O     62.62000000   81.37000000   31.02000000   158  7815
  7818  C     64.50000000   87.20000000   30.56000000     9  7807  7819  7820
  7819  O     63.81000000   87.88000000   31.30000000    11  7818
  7820  N     65.80000000   87.49000000   30.33000000     7  7818  7821  7822
  7821  HN    66.33000000   86.88000000   29.75000000    10  7820
  7822  CA    66.51000000   88.56000000   31.00000000     8  7820  7823  7824  7828
  7823  H     66.06000000   88.74000000   31.96000000    12  7822
  7824  C     67.97000000   88.10000000   31.20000000    13  7822  7825  7826  7827
  7825  H     68.55000000   88.86000000   31.76000000    14  7824
  7826  H     67.98000000   87.15000000   31.78000000    14  7824
  7827  H     68.46000000   87.92000000   30.22000000    14  7824
  7828  C     66.49000000   89.89000000   30.24000000     9  7822  7829  7830
  7829  O     67.29000000   90.78000000   30.51000000    11  7828
  7830  N     65.55000000   90.06000000   29.28000000     7  7828  7831  7832
  7831  HN    64.94000000   89.30000000   29.08000000    10  7830
  7832  CA    65.23000000   91.35000000   28.69000000     8  7830  7833  7834  7845
  7833  H     64.32000000   91.17000000   28.14000000    12  7832
  7834  C     64.85000000   92.48000000   29.70000000   175  7832  7835  7836  7837
  7835  H     65.69000000   92.66000000   30.40000000   176  7834
  7836  H     64.70000000   93.43000000   29.13000000   176  7834
  7837  C     63.53000000   92.28000000   30.47000000   177  7834  7838  7839  7840
  7838  H     63.24000000   93.26000000   30.91000000   178  7837
  7839  H     62.73000000   92.02000000   29.74000000   178  7837
  7840  S     63.52000000   91.05000000   31.82000000   179  7837  7841
  7841  C     64.67000000   91.88000000   32.95000000   180  7840  7842  7843  7844
  7842  H     64.70000000   91.36000000   33.93000000   181  7841
  7843  H     65.71000000   91.89000000   32.55000000   181  7841
  7844  H     64.36000000   92.93000000   33.13000000   181  7841
  7845  C     66.21000000   91.84000000   27.62000000     9  7832  7846  7847
  7846  O     66.33000000   93.04000000   27.36000000    11  7845
  7847  N     66.95000000   90.92000000   26.96000000     7  7845  7848  7849
  7848  HN    66.85000000   89.95000000   27.18000000    10  7847
  7849  CA    68.03000000   91.29000000   26.05000000     8  7847  7850  7851  7867
  7850  H     68.07000000   92.36000000   25.92000000    12  7849
  7851  C     69.41000000   90.80000000   26.59000000   182  7849  7852  7853  7854
  7852  H     69.43000000   89.69000000   26.49000000   183  7851
  7853  H     70.21000000   91.21000000   25.94000000   183  7851
  7854  C     69.71000000   91.14000000   28.06000000   184  7851  7855  7856  7857
  7855  H     68.96000000   90.65000000   28.71000000   185  7854
  7856  H     70.70000000   90.70000000   28.32000000   185  7854
  7857  C     69.77000000   92.64000000   28.38000000   186  7854  7858  7859  7860
  7858  H     70.62000000   93.07000000   27.80000000   187  7857
  7859  H     68.83000000   93.14000000   28.05000000   187  7857
  7860  C     69.97000000   92.90000000   29.89000000   188  7857  7861  7862  7863
  7861  H     69.06000000   92.64000000   30.46000000   189  7860
  7862  H     70.81000000   92.28000000   30.27000000   189  7860
  7863  N     70.30000000   94.31000000   30.13000000   190  7860  7864  7865  7866
  7864  HN    70.76000000   94.42000000   31.09000000   191  7863
  7865  HN    70.97000000   94.67000000   29.42000000   191  7863
  7866  HN    69.46000000   94.93000000   30.14000000   191  7863
  7867  C     67.79000000   90.68000000   24.68000000     9  7849  7868  7869
  7868  O     68.58000000   89.88000000   24.17000000    11  7867
  7869  N     66.68000000   91.07000000   24.01000000     1  7867  7870  7871
  7870  HN    66.05000000   91.72000000   24.44000000     4  7869
  7871  CA    66.28000000   90.58000000   22.69000000     2  7869  7872  7873  7874
  7872  H     66.02000000   89.54000000   22.80000000     6  7871
  7873  H     65.44000000   91.18000000   22.37000000     6  7871
  7874  C     67.32000000   90.65000000   21.59000000     3  7871  7875  7876
  7875  O     67.44000000   89.74000000   20.79000000     5  7874
  7876  N     68.12000000   91.73000000   21.52000000     7  7874  7877  7878
  7877  HN    68.01000000   92.48000000   22.18000000    10  7876
  7878  CA    69.22000000   91.84000000   20.56000000     8  7876  7879  7880  7898
  7879  H     68.81000000   91.70000000   19.57000000    12  7878
  7880  C     69.89000000   93.23000000   20.64000000   202  7878  7881  7882  7883
  7881  H     70.23000000   93.41000000   21.69000000   203  7880
  7882  H     70.79000000   93.25000000   19.98000000   203  7880
  7883  C     68.95000000   94.37000000   20.20000000   204  7880  7884  7885  7886
  7884  H     68.69000000   94.21000000   19.13000000   205  7883
  7885  H     68.02000000   94.32000000   20.80000000   205  7883
  7886  C     69.58000000   95.76000000   20.37000000   206  7883  7887  7888  7889
  7887  H     69.88000000   95.89000000   21.44000000   207  7886
  7888  H     70.46000000   95.89000000   19.70000000   207  7886
  7889  N     68.51000000   96.75000000   20.01000000   208  7886  7890  7891
  7890  HN    67.69000000   96.41000000   19.56000000   209  7889
  7891  C     68.59000000   98.04000000   20.28000000   210  7889  7892  7895
  7892  N     69.62000000   98.60000000   20.88000000   211  7891  7893  7894
  7893  HN    70.43000000   98.05000000   21.13000000   212  7892
  7894  HN    69.60000000   99.59000000   21.04000000   212  7892
  7895  N     67.57000000   98.84000000   20.01000000   211  7891  7896  7897
  7896  HN    66.70000000   98.47000000   19.70000000   212  7895
  7897  HN    67.61000000   99.75000000   20.40000000   212  7895
  7898  C     70.30000000   90.77000000   20.72000000     9  7878  7899  7900
  7899  O     70.75000000   90.15000000   19.76000000    11  7898
  7900  N     70.71000000   90.50000000   21.98000000     7  7898  7901  7902
  7901  HN    70.30000000   90.97000000   22.75000000    10  7900
  7902  CA    71.64000000   89.43000000   22.30000000     8  7900  7903  7904  7917
  7903  H     72.48000000   89.53000000   21.63000000    12  7902
  7904  C     72.14000000   89.55000000   23.76000000    19  7902  7905  7906  7907
  7905  H     72.55000000   90.58000000   23.89000000    20  7904
  7906  H     71.29000000   89.44000000   24.46000000    20  7904
  7907  C     73.25000000   88.55000000   24.16000000    21  7904  7908  7909  7913
  7908  H     72.82000000   87.52000000   24.12000000    22  7907
  7909  C     74.46000000   88.60000000   23.22000000    23  7907  7910  7911  7912
  7910  H     75.25000000   87.90000000   23.57000000    24  7909
  7911  H     74.18000000   88.28000000   22.19000000    24  7909
  7912  H     74.89000000   89.62000000   23.18000000    24  7909
  7913  C     73.71000000   88.80000000   25.60000000    23  7907  7914  7915  7916
  7914  H     74.47000000   88.05000000   25.91000000    24  7913
  7915  H     74.16000000   89.81000000   25.69000000    24  7913
  7916  H     72.85000000   88.74000000   26.30000000    24  7913
  7917  C     71.04000000   88.06000000   22.02000000     9  7902  7918  7919
  7918  O     71.70000000   87.18000000   21.47000000    11  7917
  7919  N     69.74000000   87.87000000   22.32000000     7  7917  7920  7921
  7920  HN    69.23000000   88.58000000   22.82000000    10  7919
  7921  CA    69.00000000   86.69000000   21.93000000     8  7919  7922  7923  7927
  7922  H     69.50000000   85.83000000   22.35000000    12  7921
  7923  C     67.57000000   86.76000000   22.50000000    13  7921  7924  7925  7926
  7924  H     67.03000000   85.81000000   22.30000000    14  7923
  7925  H     67.59000000   86.92000000   23.60000000    14  7923
  7926  H     67.00000000   87.59000000   22.05000000    14  7923
  7927  C     68.94000000   86.47000000   20.42000000     9  7921  7928  7929
  7928  O     69.18000000   85.36000000   19.95000000    11  7927
  7929  N     68.69000000   87.53000000   19.61000000     7  7927  7930  7931
  7930  HN    68.42000000   88.40000000   20.02000000    10  7929
  7931  CA    68.80000000   87.46000000   18.16000000     8  7929  7932  7933  7941
  7932  H     68.14000000   86.68000000   17.82000000    12  7931
  7933  C     68.43000000   88.80000000   17.46000000   147  7931  7934  7935  7936
  7934  H     69.06000000   89.62000000   17.87000000   148  7933
  7935  H     68.63000000   88.73000000   16.37000000   148  7933
  7936  C     66.97000000   89.24000000   17.60000000   149  7933  7937  7938
  7937  O     66.72000000   90.44000000   17.76000000   150  7936
  7938  N     66.00000000   88.31000000   17.52000000   151  7936  7939  7940
  7939  HN    66.19000000   87.35000000   17.28000000   152  7938
  7940  HN    65.05000000   88.63000000   17.55000000   152  7938
  7941  C     70.19000000   87.06000000   17.69000000     9  7931  7942  7943
  7942  O     70.32000000   86.24000000   16.79000000    11  7941
  7943  N     71.27000000   87.61000000   18.30000000     7  7941  7944  7945
  7944  HN    71.14000000   88.31000000   19.00000000    10  7943
  7945  CA    72.63000000   87.16000000   18.05000000     8  7943  7946  7947  7958
  7946  H     72.80000000   87.23000000   16.99000000    12  7945
  7947  C     73.68000000   88.08000000   18.74000000   167  7945  7948  7949  7950
  7948  H     73.60000000   89.08000000   18.25000000   168  7947
  7949  H     73.39000000   88.21000000   19.80000000   168  7947
  7950  C     75.14000000   87.55000000   18.68000000   169  7947  7951  7952  7953
  7951  H     75.28000000   86.72000000   19.40000000   170  7950
  7952  H     75.36000000   87.17000000   17.66000000   170  7950
  7953  C     76.14000000   88.64000000   19.05000000   171  7950  7954  7955
  7954  O     76.52000000   88.84000000   20.20000000   172  7953
  7955  N     76.59000000   89.41000000   18.03000000   173  7953  7956  7957
  7956  HN    76.21000000   89.28000000   17.11000000   174  7955
  7957  HN    77.13000000   90.22000000   18.26000000   174  7955
  7958  C     72.89000000   85.70000000   18.38000000     9  7945  7959  7960
  7959  O     73.50000000   84.97000000   17.60000000    11  7958
  7960  N     72.40000000   85.21000000   19.54000000     7  7958  7961  7962
  7961  HN    71.99000000   85.83000000   20.21000000    10  7960
  7962  CA    72.41000000   83.80000000   19.89000000     8  7960  7963  7964  7979
  7963  H     73.42000000   83.44000000   19.74000000    12  7962
  7964  C     72.04000000   83.56000000   21.37000000    70  7962  7965  7966  7967
  7965  H     71.05000000   84.03000000   21.58000000    71  7964
  7966  H     71.98000000   82.48000000   21.59000000    71  7964
  7967  C     73.05000000   84.14000000   22.34000000    72  7964  7968  7975
  7968  C     74.39000000   84.42000000   21.99000000    73  7967  7969  7970
  7969  H     74.77000000   84.24000000   21.00000000    74  7968
  7970  C     75.30000000   84.93000000   22.93000000    75  7968  7971  7972
  7971  H     76.31000000   85.13000000   22.64000000    76  7970
  7972  C     74.88000000   85.15000000   24.25000000    77  7970  7973  7977
  7973  OH    75.82000000   85.63000000   25.18000000    78  7972  7974
  7974  HO    75.39000000   85.63000000   26.04000000    79  7973
  7975  C     72.66000000   84.38000000   23.67000000    73  7967  7976  7977
  7976  H     71.64000000   84.17000000   23.97000000    74  7975
  7977  C     73.56000000   84.87000000   24.62000000    75  7972  7975  7978
  7978  H     73.23000000   85.04000000   25.64000000    76  7977
  7979  C     71.63000000   82.91000000   18.94000000     9  7962  7980  7981
  7980  O     72.12000000   81.87000000   18.52000000    11  7979
  7981  N     70.42000000   83.31000000   18.48000000     7  7979  7982  7983
  7982  HN    69.97000000   84.11000000   18.90000000    10  7981
  7983  CA    69.73000000   82.65000000   17.38000000     8  7981  7984  7985  8000
  7984  H     69.64000000   81.61000000   17.65000000    12  7983
  7985  C     68.30000000   83.22000000   17.14000000    70  7983  7986  7987  7988
  7986  H     68.36000000   84.31000000   16.97000000    71  7985
  7987  H     67.86000000   82.75000000   16.23000000    71  7985
  7988  C     67.34000000   82.93000000   18.27000000    72  7985  7989  7996
  7989  C     66.98000000   81.61000000   18.61000000    73  7988  7990  7991
  7990  H     67.47000000   80.77000000   18.12000000    74  7989
  7991  C     65.97000000   81.36000000   19.56000000    75  7989  7992  7993
  7992  H     65.69000000   80.34000000   19.80000000    76  7991
  7993  C     65.30000000   82.43000000   20.16000000    77  7991  7994  7998
  7994  OH    64.23000000   82.22000000   21.05000000    78  7993  7995
  7995  HO    64.13000000   81.26000000   21.19000000    79  7994
  7996  C     66.66000000   83.98000000   18.90000000    73  7988  7997  7998
  7997  H     66.89000000   85.00000000   18.63000000    74  7996
  7998  C     65.65000000   83.74000000   19.83000000    75  7993  7996  7999
  7999  H     65.13000000   84.56000000   20.29000000    76  7998
  8000  C     70.51000000   82.66000000   16.05000000     9  7983  8001  8002
  8001  O     70.57000000   81.66000000   15.35000000    11  8000
  8002  N     71.18000000   83.78000000   15.69000000     7  8000  8003  8004
  8003  HN    71.08000000   84.61000000   16.24000000    10  8002
  8004  CA    72.09000000   83.84000000   14.55000000     8  8002  8005  8006  8017
  8005  H     71.52000000   83.56000000   13.67000000    12  8004
  8006  C     72.64000000   85.28000000   14.33000000   167  8004  8007  8008  8009
  8007  H     73.09000000   85.63000000   15.28000000   168  8006
  8008  H     73.45000000   85.27000000   13.56000000   168  8006
  8009  C     71.58000000   86.30000000   13.84000000   169  8006  8010  8011  8012
  8010  H     71.42000000   86.18000000   12.75000000   170  8009
  8011  H     70.62000000   86.08000000   14.36000000   170  8009
  8012  C     71.92000000   87.77000000   14.15000000   171  8009  8013  8014
  8013  O     72.95000000   88.12000000   14.72000000   172  8012
  8014  N     71.00000000   88.67000000   13.74000000   173  8012  8015  8016
  8015  HN    70.21000000   88.37000000   13.21000000   174  8014
  8016  HN    71.15000000   89.64000000   13.94000000   174  8014
  8017  C     73.25000000   82.86000000   14.63000000     9  8004  8018  8019
  8018  O     73.61000000   82.21000000   13.65000000    11  8017
  8019  N     73.84000000   82.72000000   15.84000000     7  8017  8020  8021
  8020  HN    73.57000000   83.34000000   16.58000000    10  8019
  8021  CA    74.78000000   81.68000000   16.22000000     8  8019  8022  8023  8039
  8022  H     75.57000000   81.67000000   15.50000000    12  8021
  8023  C     75.39000000   82.00000000   17.62000000   182  8021  8024  8025  8026
  8024  H     74.81000000   82.83000000   18.08000000   183  8023
  8025  H     75.30000000   81.14000000   18.31000000   183  8023
  8026  C     76.87000000   82.41000000   17.57000000   184  8023  8027  8028  8029
  8027  H     77.22000000   82.67000000   18.59000000   185  8026
  8028  H     77.44000000   81.51000000   17.24000000   185  8026
  8029  C     77.17000000   83.58000000   16.61000000   186  8026  8030  8031  8032
  8030  H     76.63000000   83.40000000   15.66000000   187  8029
  8031  H     76.77000000   84.53000000   17.04000000   187  8029
  8032  C     78.66000000   83.70000000   16.31000000   188  8029  8033  8034  8035
  8033  H     79.18000000   84.33000000   17.07000000   189  8032
  8034  H     79.13000000   82.69000000   16.31000000   189  8032
  8035  N     78.88000000   84.28000000   14.97000000   190  8032  8036  8037  8038
  8036  HN    79.88000000   84.13000000   14.72000000   191  8035
  8037  HN    78.32000000   83.73000000   14.26000000   191  8035
  8038  HN    78.61000000   85.28000000   14.92000000   191  8035
  8039  C     74.23000000   80.26000000   16.17000000     9  8021  8040  8041
  8040  O     74.89000000   79.35000000   15.68000000    11  8039
  8041  N     72.99000000   80.05000000   16.65000000     7  8039  8042  8043
  8042  HN    72.52000000   80.79000000   17.13000000    10  8041
  8043  CA    72.28000000   78.79000000   16.61000000     8  8041  8044  8045  8049
  8044  H     72.88000000   78.06000000   17.13000000    12  8043
  8045  C     70.95000000   79.01000000   17.35000000    13  8043  8046  8047  8048
  8046  H     70.49000000   78.05000000   17.66000000    14  8045
  8047  H     71.12000000   79.58000000   18.29000000    14  8045
  8048  H     70.22000000   79.57000000   16.74000000    14  8045
  8049  C     72.07000000   78.27000000   15.18000000     9  8043  8050  8051
  8050  O     72.34000000   77.11000000   14.86000000    11  8049
  8051  N     71.64000000   79.16000000   14.26000000     7  8049  8052  8053
  8052  HN    71.34000000   80.07000000   14.57000000    10  8051
  8053  CA    71.57000000   78.92000000   12.83000000     8  8051  8054  8055  8064
  8054  H     70.93000000   78.07000000   12.65000000    12  8053
  8055  C     70.99000000   80.18000000   12.12000000   153  8053  8056  8057  8058
  8056  H     71.61000000   81.05000000   12.43000000   154  8055
  8057  H     71.08000000   80.09000000   11.02000000   154  8055
  8058  C     69.52000000   80.50000000   12.51000000   155  8055  8059  8060  8061
  8059  H     69.27000000   80.10000000   13.51000000   156  8058
  8060  H     69.40000000   81.60000000   12.55000000   156  8058
  8061  C     68.48000000   80.00000000   11.51000000   157  8058  8062  8063
  8062  O     68.70000000   80.22000000   10.28000000   158  8061
  8063  O     67.43000000   79.49000000   11.96000000   158  8061
  8064  C     72.93000000   78.62000000   12.20000000     9  8053  8065  8066
  8065  O     73.09000000   77.70000000   11.40000000    11  8064
  8066  N     73.97000000   79.39000000   12.59000000     7  8064  8067  8068
  8067  HN    73.79000000   80.14000000   13.23000000    10  8066
  8068  CA    75.35000000   79.24000000   12.19000000     8  8066  8069  8070  8079
  8069  H     75.38000000   79.24000000   11.11000000    12  8068
  8070  C     76.14000000   80.49000000   12.68000000   153  8068  8071  8072  8073
  8071  H     75.65000000   81.37000000   12.20000000   154  8070
  8072  H     75.98000000   80.59000000   13.77000000   154  8070
  8073  C     77.67000000   80.57000000   12.42000000   155  8070  8074  8075  8076
  8074  H     78.20000000   79.82000000   13.04000000   156  8073
  8075  H     77.87000000   80.34000000   11.35000000   156  8073
  8076  C     78.26000000   81.95000000   12.72000000   157  8073  8077  8078
  8077  O     79.50000000   82.11000000   12.57000000   158  8076
  8078  O     77.53000000   82.91000000   13.06000000   158  8076
  8079  C     75.96000000   77.90000000   12.61000000     9  8068  8080  8081
  8080  O     76.70000000   77.26000000   11.85000000    11  8079
  8081  N     75.65000000   77.39000000   13.82000000     7  8079  8082  8083
  8082  HN    75.12000000   77.96000000   14.47000000    10  8081
  8083  CA    75.99000000   76.06000000   14.27000000     8  8081  8084  8085  8089
  8084  H     77.06000000   75.95000000   14.19000000    12  8083
  8085  C     75.60000000   75.91000000   15.75000000    13  8083  8086  8087  8088
  8086  H     75.91000000   74.92000000   16.16000000    14  8085
  8087  H     76.10000000   76.70000000   16.36000000    14  8085
  8088  H     74.50000000   76.02000000   15.89000000    14  8085
  8089  C     75.37000000   74.90000000   13.46000000     9  8083  8090  8091
  8090  O     76.10000000   74.01000000   13.02000000    11  8089
  8091  N     74.05000000   74.93000000   13.18000000     7  8089  8092  8093
  8092  HN    73.48000000   75.68000000   13.54000000    10  8091
  8093  CA    73.33000000   73.85000000   12.50000000     8  8091  8094  8095  8113
  8094  H     73.75000000   72.91000000   12.83000000    12  8093
  8095  C     71.80000000   73.84000000   12.81000000    89  8093  8096  8097  8098
  8096  H     71.41000000   74.88000000   12.66000000    90  8095
  8097  H     71.27000000   73.18000000   12.10000000    90  8095
  8098  C     71.40000000   73.36000000   14.18000000    91  8095  8099  8104
  8099  C     72.14000000   72.61000000   15.05000000    92  8098  8100  8101
  8100  H     73.15000000   72.25000000   14.87000000    93  8099
  8101  N     71.39000000   72.36000000   16.19000000    95  8099  8102  8103
  8102  HN    71.65000000   71.86000000   16.99000000    96  8101
  8103  C     70.17000000   72.94000000   16.06000000    97  8101  8104  8109
  8104  C     70.12000000   73.57000000   14.80000000    94  8098  8103  8105
  8105  C     68.96000000   74.26000000   14.42000000    98  8104  8106  8107
  8106  H     68.89000000   74.74000000   13.46000000    99  8105
  8107  C     67.91000000   74.36000000   15.34000000   102  8105  8108  8111
  8108  H     67.03000000   74.92000000   15.08000000   103  8107
  8109  C     69.13000000   73.03000000   16.97000000   100  8103  8110  8111
  8110  H     69.18000000   72.57000000   17.94000000   101  8109
  8111  C     68.00000000   73.76000000   16.59000000   104  8107  8109  8112
  8112  H     67.18000000   73.86000000   17.30000000   105  8111
  8113  C     73.54000000   73.85000000   10.99000000     9  8093  8114  8115
  8114  O     73.16000000   72.91000000   10.28000000    11  8113
  8115  N     74.20000000   74.88000000   10.45000000     7  8113  8116  8117
  8116  HN    74.39000000   75.69000000   11.01000000    10  8115
  8117  CA    74.63000000   74.93000000    9.07000000     8  8115  8118  8119  8123
  8118  H     73.82000000   74.60000000    8.44000000    12  8117
  8119  C     74.97000000   76.39000000    8.72000000    13  8117  8120  8121  8122
  8120  H     75.20000000   76.48000000    7.64000000    14  8119
  8121  H     74.10000000   77.04000000    8.94000000    14  8119
  8122  H     75.83000000   76.76000000    9.31000000    14  8119
  8123  C     75.84000000   74.03000000    8.78000000     9  8117  8124  8125
  8124  O     76.25000000   73.86000000    7.63000000    11  8123
  8125  N     76.46000000   73.44000000    9.82000000     7  8123  8126  8127
  8126  HN    76.14000000   73.64000000   10.75000000    10  8125
  8127  CA    77.51000000   72.46000000    9.66000000     8  8125  8128  8129  8140
  8128  H     78.09000000   72.68000000    8.78000000    12  8127
  8129  C     78.46000000   72.46000000   10.89000000   167  8127  8130  8131  8132
  8130  H     77.83000000   72.32000000   11.80000000   168  8129
  8131  H     79.17000000   71.61000000   10.83000000   168  8129
  8132  C     79.27000000   73.76000000   11.04000000   169  8129  8133  8134  8135
  8133  H     80.04000000   73.83000000   10.24000000   170  8132
  8134  H     78.61000000   74.64000000   10.95000000   170  8132
  8135  C     79.98000000   73.77000000   12.39000000   171  8132  8136  8137
  8136  O     81.10000000   73.27000000   12.54000000   172  8135
  8137  N     79.29000000   74.30000000   13.42000000   173  8135  8138  8139
  8138  HN    78.32000000   74.50000000   13.30000000   174  8137
  8139  HN    79.75000000   74.39000000   14.30000000   174  8137
  8140  C     76.99000000   71.04000000    9.50000000     9  8127  8141  8142
  8141  O     77.32000000   70.37000000    8.52000000    11  8140
  8142  N     76.19000000   70.58000000   10.49000000     7  8140  8143  8144
  8143  HN    75.90000000   71.18000000   11.23000000    10  8142
  8144  CA    75.62000000   69.25000000   10.58000000     8  8142  8145  8146  8157
  8145  H     75.26000000   68.97000000    9.60000000    12  8144
  8146  C     76.59000000   68.17000000   11.15000000   175  8144  8147  8148  8149
  8147  H     77.02000000   68.55000000   12.10000000   176  8146
  8148  H     76.02000000   67.25000000   11.40000000   176  8146
  8149  C     77.74000000   67.74000000   10.21000000   177  8146  8150  8151  8152
  8150  H     78.38000000   68.62000000    9.99000000   178  8149
  8151  H     78.37000000   67.01000000   10.75000000   178  8149
  8152  S     77.13000000   66.99000000    8.67000000   179  8149  8153
  8153  C     78.74000000   66.92000000    7.84000000   180  8152  8154  8155  8156
  8154  H     78.65000000   66.41000000    6.86000000   181  8153
  8155  H     79.13000000   67.95000000    7.66000000   181  8153
  8156  H     79.48000000   66.37000000    8.46000000   181  8153
  8157  C     74.41000000   69.31000000   11.49000000     9  8144  8158  8159
  8158  O     74.27000000   70.23000000   12.30000000    11  8157
  8159  N     73.52000000   68.30000000   11.36000000     7  8157  8160  8161
  8160  HN    73.64000000   67.59000000   10.68000000    10  8159
  8161  CA    72.37000000   68.08000000   12.22000000     8  8159  8162  8163  8172
  8162  H     72.62000000   68.38000000   13.23000000    12  8161
  8163  C     71.14000000   68.90000000   11.74000000   153  8161  8164  8165  8166
  8164  H     71.39000000   69.97000000   11.89000000   154  8163
  8165  H     71.02000000   68.73000000   10.64000000   154  8163
  8166  C     69.81000000   68.54000000   12.45000000   155  8163  8167  8168  8169
  8167  H     69.26000000   67.78000000   11.85000000   156  8166
  8168  H     70.03000000   68.10000000   13.44000000   156  8166
  8169  C     68.88000000   69.73000000   12.68000000   157  8166  8170  8171
  8170  O     68.45000000   69.92000000   13.84000000   158  8169
  8171  O     68.54000000   70.45000000   11.70000000   158  8169
  8172  C     72.07000000   66.56000000   12.25000000   233  8161  8173  8174
  8173  O     72.05000000   65.92000000   11.16000000   234  8172
  8174  O     71.89000000   65.99000000   13.36000000   234  8172
  8175  Zn2   94.55000000   73.26000000   78.71000000   359
  8176  N     64.22000000   79.33000000  129.02000000   231  8177  8178  8179  8180
  8177  H     64.10000000   78.91000000  129.98000000   232  8176
  8178  H     64.41000000   78.55000000  128.36000000   232  8176
  8179  H     65.08000000   79.92000000  129.09000000   232  8176
  8180  CA    63.06000000   80.19000000  128.63000000     8  8176  8181  8182  8193
  8181  H     62.23000000   79.55000000  128.37000000    12  8180
  8182  C     62.70000000   81.10000000  129.85000000   167  8180  8183  8184  8185
  8183  H     62.59000000   80.45000000  130.75000000   168  8182
  8184  H     63.55000000   81.79000000  130.07000000   168  8182
  8185  C     61.39000000   81.92000000  129.71000000   169  8182  8186  8187  8188
  8186  H     61.46000000   82.60000000  128.84000000   170  8185
  8187  H     60.53000000   81.23000000  129.58000000   170  8185
  8188  C     61.11000000   82.80000000  130.93000000   171  8185  8189  8190
  8189  O     61.92000000   82.92000000  131.85000000   172  8188
  8190  N     59.92000000   83.45000000  130.96000000   173  8188  8191  8192
  8191  HN    59.24000000   83.29000000  130.25000000   174  8190
  8192  HN    59.75000000   84.05000000  131.73000000   174  8190
  8193  C     63.42000000   81.04000000  127.41000000     9  8180  8194  8195
  8194  O     64.61000000   81.27000000  127.17000000    11  8193
  8195  N     62.45000000   81.54000000  126.60000000     7  8193  8196  8197
  8196  HN    61.48000000   81.35000000  126.74000000    10  8195
  8197  CA    62.72000000   82.55000000  125.56000000     8  8195  8198  8199  8212
  8198  H     63.51000000   82.18000000  124.93000000    12  8197
  8199  C     61.49000000   82.89000000  124.66000000    19  8197  8200  8201  8202
  8200  H     60.59000000   83.01000000  125.29000000    20  8199
  8201  H     61.66000000   83.87000000  124.15000000    20  8199
  8202  C     61.20000000   81.89000000  123.52000000    21  8199  8203  8204  8208
  8203  H     62.07000000   81.93000000  122.82000000    22  8202
  8204  C     61.03000000   80.44000000  123.98000000    23  8202  8205  8206  8207
  8205  H     60.88000000   79.80000000  123.10000000    24  8204
  8206  H     61.94000000   80.09000000  124.50000000    24  8204
  8207  H     60.16000000   80.35000000  124.67000000    24  8204
  8208  C     59.95000000   82.33000000  122.73000000    23  8202  8209  8210  8211
  8209  H     59.83000000   81.68000000  121.83000000    24  8208
  8210  H     59.04000000   82.22000000  123.36000000    24  8208
  8211  H     60.04000000   83.38000000  122.39000000    24  8208
  8212  C     63.21000000   83.86000000  126.16000000     9  8197  8213  8214
  8213  O     62.87000000   84.20000000  127.29000000    11  8212
  8214  N     64.05000000   84.60000000  125.42000000     7  8212  8215  8216
  8215  HN    64.40000000   84.27000000  124.54000000    10  8214
  8216  CA    64.51000000   85.92000000  125.86000000     8  8214  8217  8218  8226
  8217  H     64.32000000   86.02000000  126.91000000    12  8216
  8218  C     66.03000000   86.14000000  125.70000000    37  8216  8219  8220  8222
  8219  H     66.34000000   86.93000000  126.42000000    38  8218
  8220  OH    66.45000000   86.55000000  124.40000000    39  8218  8221
  8221  HO    67.39000000   86.77000000  124.52000000    40  8220
  8222  C     66.78000000   84.84000000  126.04000000    41  8218  8223  8224  8225
  8223  H     67.87000000   85.01000000  126.09000000    42  8222
  8224  H     66.47000000   84.46000000  127.03000000    42  8222
  8225  H     66.58000000   84.05000000  125.29000000    42  8222
  8226  C     63.71000000   87.01000000  125.16000000     9  8216  8227  8228
  8227  O     63.08000000   86.79000000  124.13000000    11  8226
  8228  N     63.70000000   88.23000000  125.74000000     7  8226  8229  8230
  8229  HN    64.12000000   88.37000000  126.63000000    10  8228
  8230  CA    62.98000000   89.39000000  125.22000000     8  8228  8231  8232  8241
  8231  H     61.93000000   89.12000000  125.19000000    12  8230
  8232  C     63.13000000   90.62000000  126.15000000   153  8230  8233  8234  8235
  8233  H     64.22000000   90.81000000  126.31000000   154  8232
  8234  H     62.71000000   91.53000000  125.67000000   154  8232
  8235  C     62.44000000   90.45000000  127.53000000   155  8232  8236  8237  8238
  8236  H     62.77000000   89.51000000  128.01000000   156  8235
  8237  H     62.73000000   91.30000000  128.19000000   156  8235
  8238  C     60.92000000   90.45000000  127.44000000   157  8235  8239  8240
  8239  O     60.29000000   89.38000000  127.64000000   158  8238
  8240  O     60.33000000   91.53000000  127.19000000   158  8238
  8241  C     63.33000000   89.77000000  123.78000000     9  8230  8242  8243
  8242  O     62.47000000   90.16000000  123.00000000    11  8241
  8243  N     64.62000000   89.65000000  123.39000000     7  8241  8244  8245
  8244  HN    65.31000000   89.36000000  124.05000000    10  8243
  8245  CA    65.08000000   89.83000000  122.02000000     8  8243  8246  8247  8256
  8246  H     64.81000000   90.83000000  121.71000000    12  8245
  8247  C     66.62000000   89.68000000  121.97000000   153  8245  8248  8249  8250
  8248  H     67.06000000   90.38000000  122.71000000   154  8247
  8249  H     66.89000000   88.65000000  122.30000000   154  8247
  8250  C     67.27000000   89.93000000  120.58000000   155  8247  8251  8252  8253
  8251  H     68.34000000   89.65000000  120.62000000   156  8250
  8252  H     66.79000000   89.31000000  119.80000000   156  8250
  8253  C     67.21000000   91.38000000  120.13000000   157  8250  8254  8255
  8254  O     66.82000000   92.28000000  120.91000000   158  8253
  8255  O     67.63000000   91.64000000  118.97000000   158  8253
  8256  C     64.44000000   88.87000000  121.03000000     9  8245  8257  8258
  8257  O     63.95000000   89.26000000  119.98000000    11  8256
  8258  N     64.36000000   87.56000000  121.38000000     7  8256  8259  8260
  8259  HN    64.73000000   87.25000000  122.25000000    10  8258
  8260  CA    63.67000000   86.57000000  120.58000000     8  8258  8261  8262  8273
  8261  H     64.11000000   86.57000000  119.59000000    12  8260
  8262  C     63.80000000   85.15000000  121.19000000   167  8260  8263  8264  8265
  8263  H     63.37000000   85.16000000  122.22000000   168  8262
  8264  H     63.20000000   84.43000000  120.58000000   168  8262
  8265  C     65.25000000   84.63000000  121.24000000   169  8262  8266  8267  8268
  8266  H     65.67000000   84.56000000  120.22000000   170  8265
  8267  H     65.88000000   85.31000000  121.84000000   170  8265
  8268  C     65.27000000   83.26000000  121.93000000   171  8265  8269  8270
  8269  O     65.27000000   83.18000000  123.16000000   172  8268
  8270  N     65.27000000   82.18000000  121.12000000   173  8268  8271  8272
  8271  HN    65.18000000   82.28000000  120.13000000   174  8270
  8272  HN    65.37000000   81.27000000  121.53000000   174  8270
  8273  C     62.20000000   86.89000000  120.41000000     9  8260  8274  8275
  8274  O     61.62000000   86.79000000  119.33000000    11  8273
  8275  N     61.55000000   87.33000000  121.50000000     7  8273  8276  8277
  8276  HN    62.05000000   87.37000000  122.37000000    10  8275
  8277  CA    60.19000000   87.82000000  121.52000000     8  8275  8278  8279  8292
  8278  H     59.55000000   87.04000000  121.12000000    12  8277
  8279  C     59.75000000   88.07000000  122.96000000    25  8277  8280  8281  8285
  8280  H     60.56000000   88.64000000  123.47000000    26  8279
  8281  C     58.46000000   88.92000000  123.04000000    29  8279  8282  8283  8284
  8282  H     58.18000000   89.06000000  124.10000000    30  8281
  8283  H     58.61000000   89.94000000  122.62000000    30  8281
  8284  H     57.62000000   88.42000000  122.51000000    30  8281
  8285  C     59.59000000   86.72000000  123.71000000    27  8279  8286  8287  8288
  8286  H     58.61000000   86.27000000  123.43000000    28  8285
  8287  H     60.38000000   86.01000000  123.38000000    28  8285
  8288  C     59.70000000   86.85000000  125.23000000    31  8285  8289  8290  8291
  8289  H     59.56000000   85.86000000  125.72000000    32  8288
  8290  H     60.69000000   87.24000000  125.52000000    32  8288
  8291  H     58.93000000   87.54000000  125.63000000    32  8288
  8292  C     59.97000000   89.03000000  120.60000000     9  8277  8293  8294
  8293  O     58.97000000   89.10000000  119.89000000    11  8292
  8294  N     60.91000000   89.99000000  120.57000000     7  8292  8295  8296
  8295  HN    61.69000000   89.96000000  121.19000000    10  8294
  8296  CA    60.91000000   91.08000000  119.60000000     8  8294  8297  8298  8302
  8297  H     59.96000000   91.59000000  119.69000000    12  8296
  8298  C     62.03000000   92.08000000  119.94000000    13  8296  8299  8300  8301
  8299  H     61.99000000   92.97000000  119.28000000    14  8298
  8300  H     61.93000000   92.42000000  120.99000000    14  8298
  8301  H     63.03000000   91.61000000  119.83000000    14  8298
  8302  C     61.02000000   90.63000000  118.14000000     9  8296  8303  8304
  8303  O     60.23000000   91.06000000  117.29000000    11  8302
  8304  N     61.94000000   89.70000000  117.83000000     7  8302  8305  8306
  8305  HN    62.61000000   89.42000000  118.53000000    10  8304
  8306  CA    62.10000000   89.08000000  116.52000000     8  8304  8307  8308  8317
  8307  H     62.29000000   89.87000000  115.80000000    12  8306
  8308  C     63.31000000   88.11000000  116.53000000   153  8306  8309  8310  8311
  8309  H     63.13000000   87.35000000  117.32000000   154  8308
  8310  H     63.38000000   87.56000000  115.56000000   154  8308
  8311  C     64.69000000   88.76000000  116.82000000   155  8308  8312  8313  8314
  8312  H     64.62000000   89.52000000  117.62000000   156  8311
  8313  H     65.38000000   87.96000000  117.18000000   156  8311
  8314  C     65.34000000   89.42000000  115.62000000   157  8311  8315  8316
  8315  O     64.80000000   90.44000000  115.12000000   158  8314
  8316  O     66.43000000   88.95000000  115.19000000   158  8314
  8317  C     60.85000000   88.33000000  116.06000000     9  8306  8318  8319
  8318  O     60.38000000   88.47000000  114.93000000    11  8317
  8319  N     60.23000000   87.55000000  116.97000000     7  8317  8320  8321
  8320  HN    60.67000000   87.39000000  117.86000000    10  8319
  8321  CA    58.93000000   86.93000000  116.77000000     8  8319  8322  8323  8337
  8322  H     58.99000000   86.34000000  115.86000000    12  8321
  8323  C     58.51000000   86.02000000  117.97000000    61  8321  8324  8325  8326
  8324  H     58.59000000   86.59000000  118.92000000    62  8323
  8325  H     57.46000000   85.68000000  117.86000000    62  8323
  8326  C     59.34000000   84.76000000  118.07000000    63  8323  8327  8333
  8327  C     59.46000000   83.91000000  116.96000000    64  8326  8328  8329
  8328  H     58.94000000   84.15000000  116.05000000    65  8327
  8329  C     60.23000000   82.74000000  117.03000000    66  8327  8330  8331
  8330  H     60.31000000   82.10000000  116.16000000    67  8329
  8331  C     60.89000000   82.41000000  118.21000000    68  8329  8332  8335
  8332  H     61.50000000   81.53000000  118.26000000    69  8331
  8333  C     59.96000000   84.38000000  119.28000000    64  8326  8334  8335
  8334  H     59.85000000   85.00000000  120.15000000    65  8333
  8335  C     60.74000000   83.22000000  119.34000000    66  8331  8333  8336
  8336  H     61.25000000   82.94000000  120.26000000    67  8335
  8337  C     57.81000000   87.94000000  116.51000000     9  8321  8338  8339
  8338  O     56.98000000   87.75000000  115.63000000    11  8337
  8339  N     57.77000000   89.05000000  117.28000000     7  8337  8340  8341
  8340  HN    58.44000000   89.17000000  118.02000000    10  8339
  8341  CA    56.80000000   90.11000000  117.11000000     8  8339  8342  8343  8359
  8342  H     55.82000000   89.64000000  117.15000000    12  8341
  8343  C     56.92000000   91.14000000  118.26000000   182  8341  8344  8345  8346
  8344  H     56.99000000   90.57000000  119.22000000   183  8343
  8345  H     57.88000000   91.70000000  118.15000000   183  8343
  8346  C     55.75000000   92.13000000  118.38000000   184  8343  8347  8348  8349
  8347  H     56.03000000   92.89000000  119.15000000   185  8346
  8348  H     55.59000000   92.66000000  117.42000000   185  8346
  8349  C     54.45000000   91.41000000  118.81000000   186  8346  8350  8351  8352
  8350  H     54.15000000   90.69000000  118.01000000   187  8349
  8351  H     54.68000000   90.81000000  119.72000000   187  8349
  8352  C     53.25000000   92.31000000  119.10000000   188  8349  8353  8354  8355
  8353  H     53.03000000   92.98000000  118.24000000   189  8352
  8354  H     52.35000000   91.68000000  119.31000000   189  8352
  8355  N     53.50000000   93.13000000  120.30000000   190  8352  8356  8357  8358
  8356  HN    52.69000000   93.74000000  120.52000000   191  8355
  8357  HN    53.74000000   92.52000000  121.12000000   191  8355
  8358  HN    54.33000000   93.74000000  120.16000000   191  8355
  8359  C     56.88000000   90.82000000  115.77000000     9  8341  8360  8361
  8360  O     55.86000000   91.03000000  115.11000000    11  8359
  8361  N     58.11000000   91.17000000  115.30000000     7  8359  8362  8363
  8362  HN    58.93000000   91.04000000  115.87000000    10  8361
  8363  CA    58.31000000   91.73000000  113.97000000     8  8361  8364  8365  8374
  8364  H     57.71000000   92.62000000  113.89000000    12  8363
  8365  C     59.79000000   92.10000000  113.70000000   153  8363  8366  8367  8368
  8366  H     60.46000000   91.28000000  114.05000000   154  8365
  8367  H     59.95000000   92.22000000  112.60000000   154  8365
  8368  C     60.23000000   93.44000000  114.35000000   155  8365  8369  8370  8371
  8369  H     59.52000000   94.25000000  114.07000000   156  8368
  8370  H     60.25000000   93.34000000  115.46000000   156  8368
  8371  C     61.61000000   93.87000000  113.87000000   157  8368  8372  8373
  8372  O     61.80000000   94.01000000  112.63000000   158  8371
  8373  O     62.51000000   94.07000000  114.72000000   158  8371
  8374  C     57.85000000   90.80000000  112.86000000     9  8363  8375  8376
  8375  O     57.11000000   91.20000000  111.96000000    11  8374
  8376  N     58.25000000   89.52000000  112.94000000     7  8374  8377  8378
  8377  HN    58.87000000   89.24000000  113.68000000    10  8376
  8378  CA    57.84000000   88.50000000  112.02000000     8  8376  8379  8380  8384
  8379  H     58.14000000   88.80000000  111.02000000    12  8378
  8380  C     58.56000000   87.19000000  112.40000000    13  8378  8381  8382  8383
  8381  H     58.27000000   86.36000000  111.72000000    14  8380
  8382  H     59.66000000   87.34000000  112.35000000    14  8380
  8383  H     58.30000000   86.93000000  113.45000000    14  8380
  8384  C     56.33000000   88.28000000  111.97000000     9  8378  8385  8386
  8385  O     55.73000000   88.23000000  110.90000000    11  8384
  8386  N     55.66000000   88.22000000  113.14000000     7  8384  8387  8388
  8387  HN    56.16000000   88.23000000  114.01000000    10  8386
  8388  CA    54.22000000   88.07000000  113.23000000     8  8386  8389  8390  8404
  8389  H     53.98000000   87.18000000  112.66000000    12  8388
  8390  C     53.78000000   87.85000000  114.70000000    61  8388  8391  8392  8393
  8391  H     54.39000000   87.02000000  115.13000000    62  8390
  8392  H     53.99000000   88.76000000  115.31000000    62  8390
  8393  C     52.31000000   87.49000000  114.87000000    63  8390  8394  8400
  8394  C     51.30000000   88.47000000  114.81000000    64  8393  8395  8396
  8395  H     51.56000000   89.49000000  114.56000000    65  8394
  8396  C     49.96000000   88.14000000  115.05000000    66  8394  8397  8398
  8397  H     49.20000000   88.90000000  114.99000000    67  8396
  8398  C     49.61000000   86.82000000  115.36000000    68  8396  8399  8402
  8399  H     48.58000000   86.57000000  115.56000000    69  8398
  8400  C     51.94000000   86.16000000  115.16000000    64  8393  8401  8402
  8401  H     52.69000000   85.39000000  115.22000000    65  8400
  8402  C     50.60000000   85.83000000  115.41000000    66  8398  8400  8403
  8403  H     50.32000000   84.81000000  115.65000000    67  8402
  8404  C     53.47000000   89.23000000  112.56000000     9  8388  8405  8406
  8405  O     52.53000000   89.01000000  111.79000000    11  8404
  8406  N     53.91000000   90.48000000  112.80000000     7  8404  8407  8408
  8407  HN    54.66000000   90.63000000  113.46000000    10  8406
  8408  CA    53.37000000   91.70000000  112.19000000     8  8406  8409  8410  8415
  8409  H     52.32000000   91.75000000  112.46000000    12  8408
  8410  C     54.06000000   93.00000000  112.69000000    33  8408  8411  8412  8413
  8411  H     55.15000000   92.92000000  112.48000000    34  8410
  8412  H     53.66000000   93.88000000  112.14000000    34  8410
  8413  OH    53.86000000   93.23000000  114.08000000    35  8410  8414
  8414  HO    54.70000000   93.65000000  114.35000000    36  8413
  8415  C     53.43000000   91.72000000  110.67000000     9  8408  8416  8417
  8416  O     52.55000000   92.28000000  110.02000000    11  8415
  8417  N     54.47000000   91.11000000  110.06000000     7  8415  8418  8419
  8418  HN    55.19000000   90.68000000  110.61000000    10  8417
  8419  CA    54.64000000   91.03000000  108.62000000     8  8417  8420  8421  8434
  8420  H     54.42000000   92.00000000  108.19000000    12  8419
  8421  C     56.09000000   90.63000000  108.26000000    19  8419  8422  8423  8424
  8422  H     56.35000000   89.70000000  108.81000000    20  8421
  8423  H     56.18000000   90.42000000  107.17000000    20  8421
  8424  C     57.15000000   91.71000000  108.59000000    21  8421  8425  8426  8430
  8425  H     56.99000000   92.05000000  109.63000000    22  8424
  8426  C     58.57000000   91.14000000  108.50000000    23  8424  8427  8428  8429
  8427  H     59.30000000   91.93000000  108.74000000    24  8426
  8428  H     58.70000000   90.30000000  109.21000000    24  8426
  8429  H     58.78000000   90.77000000  107.47000000    24  8426
  8430  C     57.02000000   92.93000000  107.67000000    23  8424  8431  8432  8433
  8431  H     57.80000000   93.68000000  107.93000000    24  8430
  8432  H     57.16000000   92.64000000  106.60000000    24  8430
  8433  H     56.03000000   93.42000000  107.77000000    24  8430
  8434  C     53.70000000   90.05000000  107.94000000     9  8419  8435  8436
  8435  O     53.49000000   90.09000000  106.72000000    11  8434
  8436  N     53.10000000   89.12000000  108.71000000     7  8434  8437  8438
  8437  HN    53.33000000   89.07000000  109.68000000    10  8436
  8438  CA    52.09000000   88.21000000  108.21000000     8  8436  8439  8440  8454
  8439  H     52.06000000   88.24000000  107.14000000    12  8438
  8440  C     52.37000000   86.76000000  108.65000000    61  8438  8441  8442  8443
  8441  H     52.66000000   86.72000000  109.72000000    62  8440
  8442  H     51.46000000   86.14000000  108.50000000    62  8440
  8443  C     53.48000000   86.14000000  107.84000000    63  8440  8444  8450
  8444  C     54.83000000   86.43000000  108.09000000    64  8443  8445  8446
  8445  H     55.09000000   87.14000000  108.86000000    65  8444
  8446  C     55.85000000   85.76000000  107.40000000    66  8444  8447  8448
  8447  H     56.89000000   85.95000000  107.63000000    67  8446
  8448  C     55.52000000   84.80000000  106.42000000    68  8446  8449  8452
  8449  H     56.30000000   84.28000000  105.90000000    69  8448
  8450  C     53.17000000   85.17000000  106.87000000    64  8443  8451  8452
  8451  H     52.13000000   84.92000000  106.70000000    65  8450
  8452  C     54.18000000   84.51000000  106.16000000    66  8448  8450  8453
  8453  H     53.91000000   83.77000000  105.43000000    67  8452
  8454  C     50.69000000   88.61000000  108.63000000     9  8438  8455  8456
  8455  O     49.74000000   88.40000000  107.88000000    11  8454
  8456  N     50.51000000   89.27000000  109.79000000     7  8454  8457  8458
  8457  HN    51.27000000   89.39000000  110.44000000    10  8456
  8458  CA    49.26000000   89.90000000  110.15000000     8  8456  8459  8460  8466
  8459  H     48.46000000   89.23000000  109.84000000    12  8458
  8460  C     49.15000000   90.09000000  111.69000000   137  8458  8461  8462  8463
  8461  H     49.32000000   89.11000000  112.20000000   138  8460
  8462  H     49.93000000   90.80000000  112.04000000   138  8460
  8463  C     47.79000000   90.59000000  112.12000000   139  8460  8464  8465
  8464  O     46.80000000   90.35000000  111.37000000   140  8463
  8465  O     47.68000000   91.15000000  113.24000000   140  8463
  8466  C     49.07000000   91.21000000  109.39000000     9  8458  8467  8468
  8467  O     49.28000000   92.30000000  109.91000000    11  8466
  8468  N     48.68000000   91.12000000  108.10000000     7  8466  8469  8470
  8469  HN    48.51000000   90.22000000  107.70000000    10  8468
  8470  CA    48.70000000   92.26000000  107.20000000     8  8468  8471  8472  8488
  8471  H     49.50000000   92.93000000  107.49000000    12  8470
  8472  C     48.95000000   91.80000000  105.73000000   182  8470  8473  8474  8475
  8473  H     48.06000000   91.24000000  105.37000000   183  8472
  8474  H     49.06000000   92.71000000  105.11000000   183  8472
  8475  C     50.20000000   90.92000000  105.54000000   184  8472  8476  8477  8478
  8476  H     50.99000000   91.28000000  106.24000000   185  8475
  8477  H     49.97000000   89.87000000  105.83000000   185  8475
  8478  C     50.77000000   90.97000000  104.11000000   186  8475  8479  8480  8481
  8479  H     51.03000000   92.04000000  103.91000000   187  8478
  8480  H     51.72000000   90.40000000  104.06000000   187  8478
  8481  C     49.82000000   90.53000000  102.97000000   188  8478  8482  8483  8484
  8482  H     48.80000000   90.91000000  103.15000000   189  8481
  8483  H     50.18000000   90.95000000  102.01000000   189  8481
  8484  N     49.77000000   89.06000000  102.82000000   190  8481  8485  8486  8487
  8485  HN    49.03000000   88.78000000  102.16000000   191  8484
  8486  HN    50.68000000   88.69000000  102.45000000   191  8484
  8487  HN    49.56000000   88.59000000  103.74000000   191  8484
  8488  C     47.40000000   93.04000000  107.25000000     9  8470  8489  8490
  8489  O     47.29000000   94.11000000  106.64000000    11  8488
  8490  N     46.39000000   92.55000000  108.00000000     7  8488  8491  8492
  8491  HN    46.45000000   91.65000000  108.42000000    10  8490
  8492  CA    45.17000000   93.28000000  108.25000000     8  8490  8493  8494  8500
  8493  H     45.07000000   94.08000000  107.53000000    12  8492
  8494  C     43.94000000   92.35000000  108.05000000   137  8492  8495  8496  8497
  8495  H     43.02000000   92.90000000  108.32000000   138  8494
  8496  H     43.89000000   92.09000000  106.97000000   138  8494
  8497  C     43.92000000   91.02000000  108.80000000   139  8494  8498  8499
  8498  O     44.85000000   90.67000000  109.59000000   140  8497
  8499  O     42.93000000   90.29000000  108.57000000   140  8497
  8500  C     45.19000000   93.98000000  109.61000000     9  8492  8501  8502
  8501  O     44.43000000   94.92000000  109.85000000    11  8500
  8502  N     46.12000000   93.60000000  110.51000000     1  8500  8503  8504
  8503  HN    46.70000000   92.81000000  110.30000000     4  8502
  8504  CA    46.41000000   94.32000000  111.75000000     2  8502  8505  8506  8507
  8505  H     47.33000000   93.91000000  112.14000000     6  8504
  8506  H     46.48000000   95.37000000  111.52000000     6  8504
  8507  C     45.38000000   94.16000000  112.83000000     3  8504  8508  8509
  8508  O     45.18000000   95.04000000  113.68000000     5  8507
  8509  N     44.70000000   93.01000000  112.86000000     7  8507  8510  8511
  8510  HN    44.88000000   92.29000000  112.18000000    10  8509
  8511  CA    43.66000000   92.68000000  113.80000000     8  8509  8512  8513  8519
  8512  H     43.19000000   93.59000000  114.15000000    12  8511
  8513  C     42.56000000   91.83000000  113.11000000   137  8511  8514  8515  8516
  8514  H     41.79000000   91.49000000  113.83000000   138  8513
  8515  H     42.07000000   92.47000000  112.35000000   138  8513
  8516  C     43.03000000   90.61000000  112.34000000   139  8513  8517  8518
  8517  O     44.26000000   90.34000000  112.20000000   140  8516
  8518  O     42.15000000   89.93000000  111.77000000   140  8516
  8519  C     44.20000000   91.98000000  115.04000000     9  8511  8520  8521
  8520  O     43.49000000   91.80000000  116.03000000    11  8519
  8521  N     45.50000000   91.61000000  115.02000000     1  8519  8522  8523
  8522  HN    46.04000000   91.71000000  114.18000000     4  8521
  8523  CA    46.19000000   91.01000000  116.15000000     2  8521  8524  8525  8526
  8524  H     47.23000000   91.32000000  116.09000000     6  8523
  8525  H     45.72000000   91.28000000  117.07000000     6  8523
  8526  C     46.18000000   89.51000000  116.05000000     3  8523  8527  8528
  8527  O     46.67000000   88.82000000  116.94000000     5  8526
  8528  N     45.62000000   88.98000000  114.95000000     7  8526  8529  8530
  8529  HN    45.22000000   89.58000000  114.26000000    10  8528
  8530  CA    45.48000000   87.56000000  114.70000000     8  8528  8531  8532  8540
  8531  H     46.14000000   87.01000000  115.35000000    12  8530
  8532  C     44.06000000   87.00000000  114.86000000    37  8530  8533  8534  8536
  8533  H     44.02000000   85.92000000  114.56000000    38  8532
  8534  OH    43.11000000   87.75000000  114.11000000    39  8532  8535
  8535  HO    42.24000000   87.36000000  114.24000000    40  8534
  8536  C     43.64000000   87.12000000  116.33000000    41  8532  8537  8538  8539
  8537  H     42.63000000   86.69000000  116.48000000    42  8536
  8538  H     44.36000000   86.60000000  116.98000000    42  8536
  8539  H     43.61000000   88.20000000  116.61000000    42  8536
  8540  C     45.92000000   87.26000000  113.28000000     9  8530  8541  8542
  8541  O     45.85000000   88.08000000  112.36000000    11  8540
  8542  N     46.39000000   86.02000000  113.08000000     7  8540  8543  8544
  8543  HN    46.51000000   85.40000000  113.86000000    10  8542
  8544  CA    46.63000000   85.45000000  111.78000000     8  8542  8545  8546  8559
  8545  H     46.41000000   86.16000000  111.00000000    12  8544
  8546  C     48.06000000   84.94000000  111.61000000    25  8544  8547  8548  8552
  8547  H     48.17000000   84.48000000  110.61000000    26  8546
  8548  C     48.96000000   86.20000000  111.64000000    29  8546  8549  8550  8551
  8549  H     49.99000000   85.94000000  111.33000000    30  8548
  8550  H     48.58000000   86.96000000  110.93000000    30  8548
  8551  H     49.00000000   86.64000000  112.66000000    30  8548
  8552  C     48.42000000   83.88000000  112.68000000    27  8546  8553  8554  8555
  8553  H     48.40000000   84.34000000  113.70000000    28  8552
  8554  H     47.64000000   83.09000000  112.64000000    28  8552
  8555  C     49.75000000   83.14000000  112.50000000    31  8552  8556  8557  8558
  8556  H     49.88000000   82.38000000  113.30000000    32  8555
  8557  H     49.77000000   82.62000000  111.52000000    32  8555
  8558  H     50.61000000   83.84000000  112.55000000    32  8555
  8559  C     45.64000000   84.32000000  111.65000000     9  8544  8560  8561
  8560  O     45.16000000   83.78000000  112.65000000    11  8559
  8561  N     45.24000000   83.96000000  110.42000000     7  8559  8562  8563
  8562  HN    45.53000000   84.46000000  109.59000000    10  8561
  8563  CA    44.46000000   82.75000000  110.21000000     8  8561  8564  8565  8573
  8564  H     43.72000000   82.70000000  111.00000000    12  8563
  8565  C     43.65000000   82.70000000  108.91000000    37  8563  8566  8567  8569
  8566  H     43.05000000   81.76000000  108.88000000    38  8565
  8567  OH    44.45000000   82.75000000  107.73000000    39  8565  8568
  8568  HO    44.90000000   83.63000000  107.78000000    40  8567
  8569  C     42.71000000   83.90000000  108.88000000    41  8565  8570  8571  8572
  8570  H     42.02000000   83.86000000  108.01000000    42  8569
  8571  H     42.09000000   83.92000000  109.80000000    42  8569
  8572  H     43.27000000   84.85000000  108.82000000    42  8569
  8573  C     45.31000000   81.51000000  110.35000000     9  8563  8574  8575
  8574  O     46.53000000   81.52000000  110.17000000    11  8573
  8575  N     44.68000000   80.36000000  110.66000000     7  8573  8576  8577
  8576  HN    43.72000000   80.40000000  110.94000000    10  8575
  8577  CA    45.34000000   79.06000000  110.73000000     8  8575  8578  8579  8587
  8578  H     46.12000000   79.14000000  111.47000000    12  8577
  8579  C     44.38000000   77.96000000  111.23000000    37  8577  8580  8581  8583
  8580  H     44.28000000   78.06000000  112.33000000    38  8579
  8581  OH    44.81000000   76.64000000  110.92000000    39  8579  8582
  8582  HO    44.22000000   76.05000000  111.40000000    40  8581
  8583  C     42.99000000   78.10000000  110.59000000    41  8579  8584  8585  8586
  8584  H     42.33000000   77.29000000  110.95000000    42  8583
  8585  H     42.50000000   79.05000000  110.86000000    42  8583
  8586  H     43.06000000   78.02000000  109.48000000    42  8583
  8587  C     46.09000000   78.69000000  109.44000000     9  8577  8588  8589
  8588  O     47.21000000   78.20000000  109.48000000    11  8587
  8589  N     45.51000000   78.98000000  108.26000000     7  8587  8590  8591
  8590  HN    44.60000000   79.39000000  108.24000000    10  8589
  8591  CA    46.16000000   78.77000000  106.98000000     8  8589  8592  8593  8609
  8592  H     46.52000000   77.75000000  106.97000000    12  8591
  8593  C     45.17000000   78.94000000  105.80000000   182  8591  8594  8595  8596
  8594  H     44.82000000   80.00000000  105.77000000   183  8593
  8595  H     45.72000000   78.76000000  104.84000000   183  8593
  8596  C     43.94000000   78.01000000  105.81000000   184  8593  8597  8598  8599
  8597  H     43.24000000   78.32000000  106.62000000   185  8596
  8598  H     43.41000000   78.17000000  104.84000000   185  8596
  8599  C     44.25000000   76.50000000  105.95000000   186  8596  8600  8601  8602
  8600  H     43.55000000   75.96000000  105.27000000   187  8599
  8601  H     45.28000000   76.29000000  105.59000000   187  8599
  8602  C     44.03000000   75.96000000  107.37000000   188  8599  8603  8604  8605
  8603  H     44.76000000   76.40000000  108.09000000   189  8602
  8604  H     43.01000000   76.21000000  107.71000000   189  8602
  8605  N     44.18000000   74.50000000  107.43000000   190  8602  8606  8607  8608
  8606  HN    43.90000000   74.15000000  108.38000000   191  8605
  8607  HN    43.56000000   74.01000000  106.75000000   191  8605
  8608  HN    45.16000000   74.18000000  107.23000000   191  8605
  8609  C     47.41000000   79.63000000  106.74000000     9  8591  8610  8611
  8610  O     48.35000000   79.20000000  106.08000000    11  8609
  8611  N     47.45000000   80.87000000  107.29000000     7  8609  8612  8613
  8612  HN    46.68000000   81.22000000  107.82000000    10  8611
  8613  CA    48.62000000   81.75000000  107.25000000     8  8611  8614  8615  8624
  8614  H     48.88000000   81.85000000  106.21000000    12  8613
  8615  C     48.32000000   83.17000000  107.80000000   153  8613  8616  8617  8618
  8616  H     47.84000000   83.06000000  108.79000000   154  8615
  8617  H     49.27000000   83.73000000  107.95000000   154  8615
  8618  C     47.46000000   84.07000000  106.87000000   155  8615  8619  8620  8621
  8619  H     48.07000000   84.47000000  106.05000000   156  8618
  8620  H     46.64000000   83.47000000  106.43000000   156  8618
  8621  C     46.83000000   85.24000000  107.62000000   157  8618  8622  8623
  8622  O     47.48000000   86.28000000  107.89000000   158  8621
  8623  O     45.61000000   85.12000000  107.94000000   158  8621
  8624  C     49.87000000   81.18000000  107.94000000     9  8613  8625  8626
  8625  O     50.99000000   81.40000000  107.49000000    11  8624
  8626  N     49.68000000   80.45000000  109.06000000     7  8624  8627  8628
  8627  HN    48.74000000   80.28000000  109.36000000    10  8626
  8628  CA    50.72000000   79.95000000  109.95000000     8  8626  8629  8630  8643
  8629  H     51.27000000   80.81000000  110.30000000    12  8628
  8630  C     50.05000000   79.26000000  111.17000000    19  8628  8631  8632  8633
  8631  H     49.38000000   80.02000000  111.61000000    20  8630
  8632  H     49.41000000   78.42000000  110.81000000    20  8630
  8633  C     50.96000000   78.72000000  112.32000000    21  8630  8634  8635  8639
  8634  H     50.26000000   78.50000000  113.16000000    22  8633
  8635  C     51.63000000   77.38000000  112.00000000    23  8633  8636  8637  8638
  8636  H     52.04000000   76.92000000  112.93000000    24  8635
  8637  H     50.90000000   76.67000000  111.57000000    24  8635
  8638  H     52.48000000   77.49000000  111.30000000    24  8635
  8639  C     51.97000000   79.75000000  112.83000000    23  8633  8640  8641  8642
  8640  H     52.51000000   79.33000000  113.71000000    24  8639
  8641  H     52.72000000   79.98000000  112.05000000    24  8639
  8642  H     51.46000000   80.68000000  113.14000000    24  8639
  8643  C     51.76000000   79.03000000  109.30000000     9  8628  8644  8645
  8644  O     52.96000000   79.17000000  109.55000000    11  8643
  8645  N     51.36000000   78.07000000  108.43000000     1  8643  8646  8647
  8646  HN    50.39000000   77.94000000  108.22000000     4  8645
  8647  CA    52.31000000   77.14000000  107.80000000     2  8645  8648  8649  8650
  8648  H     52.81000000   76.59000000  108.58000000     6  8647
  8649  H     51.75000000   76.50000000  107.13000000     6  8647
  8650  C     53.38000000   77.81000000  106.98000000     3  8647  8651  8652
  8651  O     54.55000000   77.44000000  107.03000000     5  8650
  8652  N     53.01000000   78.87000000  106.24000000     7  8650  8653  8654
  8653  HN    52.04000000   79.12000000  106.20000000    10  8652
  8654  CA    53.93000000   79.76000000  105.54000000     8  8652  8655  8656  8664
  8655  H     54.51000000   79.15000000  104.87000000    12  8654
  8656  C     53.21000000   80.83000000  104.73000000    37  8654  8657  8658  8660
  8657  H     52.74000000   81.57000000  105.42000000    38  8656
  8658  OH    52.17000000   80.27000000  103.93000000    39  8656  8659
  8659  HO    52.60000000   79.89000000  103.14000000    40  8658
  8660  C     54.17000000   81.56000000  103.77000000    41  8656  8661  8662  8663
  8661  H     53.62000000   82.30000000  103.16000000    42  8660
  8662  H     54.97000000   82.09000000  104.32000000    42  8660
  8663  H     54.66000000   80.84000000  103.08000000    42  8660
  8664  C     54.91000000   80.44000000  106.49000000     9  8654  8665  8666
  8665  O     56.10000000   80.55000000  106.19000000    11  8664
  8666  N     54.46000000   80.89000000  107.69000000     7  8664  8667  8668
  8667  HN    53.51000000   80.75000000  107.95000000    10  8666
  8668  CA    55.34000000   81.49000000  108.69000000     8  8666  8669  8670  8680
  8669  H     55.81000000   82.35000000  108.24000000    12  8668
  8670  C     54.61000000   81.96000000  109.96000000    15  8668  8671  8672  8676
  8671  H     54.00000000   81.14000000  110.40000000    16  8670
  8672  C     55.58000000   82.47000000  111.05000000    17  8670  8673  8674  8675
  8673  H     55.00000000   82.95000000  111.88000000    18  8672
  8674  H     56.17000000   81.64000000  111.50000000    18  8672
  8675  H     56.28000000   83.23000000  110.64000000    18  8672
  8676  C     53.68000000   83.11000000  109.58000000    17  8670  8677  8678  8679
  8677  H     53.16000000   83.47000000  110.49000000    18  8676
  8678  H     54.28000000   83.95000000  109.18000000    18  8676
  8679  H     52.95000000   82.79000000  108.81000000    18  8676
  8680  C     56.44000000   80.57000000  109.14000000     9  8668  8681  8682
  8681  O     57.61000000   80.93000000  109.05000000    11  8680
  8682  N     56.12000000   79.32000000  109.56000000     7  8680  8683  8684
  8683  HN    55.16000000   79.03000000  109.56000000    10  8682
  8684  CA    57.11000000   78.41000000  110.12000000     8  8682  8685  8686  8697
  8685  H     57.57000000   78.91000000  110.96000000    12  8684
  8686  C     56.46000000   77.11000000  110.63000000   175  8684  8687  8688  8689
  8687  H     55.84000000   76.67000000  109.82000000   176  8686
  8688  H     57.26000000   76.38000000  110.89000000   176  8686
  8689  C     55.58000000   77.32000000  111.88000000   177  8686  8690  8691  8692
  8690  H     56.17000000   77.86000000  112.65000000   178  8689
  8691  H     54.73000000   77.99000000  111.61000000   178  8689
  8692  S     54.92000000   75.78000000  112.58000000   179  8689  8693
  8693  C     56.47000000   75.22000000  113.35000000   180  8692  8694  8695  8696
  8694  H     56.30000000   74.30000000  113.95000000   181  8693
  8695  H     57.24000000   74.99000000  112.58000000   181  8693
  8696  H     56.88000000   75.99000000  114.03000000   181  8693
  8697  C     58.26000000   78.09000000  109.17000000     9  8684  8698  8699
  8698  O     59.43000000   78.14000000  109.52000000    11  8697
  8699  N     57.90000000   77.84000000  107.89000000     7  8697  8700  8701
  8700  HN    56.93000000   77.83000000  107.65000000    10  8699
  8701  CA    58.82000000   77.63000000  106.79000000     8  8699  8702  8703  8721
  8702  H     59.45000000   76.79000000  107.03000000    12  8701
  8703  C     57.99000000   77.30000000  105.53000000   202  8701  8704  8705  8706
  8704  H     57.33000000   78.17000000  105.29000000   203  8703
  8705  H     58.67000000   77.15000000  104.66000000   203  8703
  8706  C     57.12000000   76.03000000  105.68000000   204  8703  8707  8708  8709
  8707  H     57.79000000   75.15000000  105.74000000   205  8706
  8708  H     56.56000000   76.07000000  106.64000000   205  8706
  8709  C     56.09000000   75.86000000  104.55000000   206  8706  8710  8711  8712
  8710  H     55.42000000   76.75000000  104.53000000   207  8709
  8711  H     56.61000000   75.76000000  103.57000000   207  8709
  8712  N     55.32000000   74.60000000  104.84000000   208  8709  8713  8714
  8713  HN    55.81000000   73.80000000  105.20000000   209  8712
  8714  C     54.03000000   74.42000000  104.60000000   210  8712  8715  8718
  8715  N     53.26000000   75.33000000  104.05000000   211  8714  8716  8717
  8716  HN    53.71000000   76.09000000  103.61000000   212  8715
  8717  HN    52.43000000   74.97000000  103.62000000   212  8715
  8718  N     53.47000000   73.26000000  104.87000000   211  8714  8719  8720
  8719  HN    54.03000000   72.46000000  105.05000000   212  8718
  8720  HN    52.48000000   73.16000000  104.72000000   212  8718
  8721  C     59.74000000   78.83000000  106.56000000     9  8701  8722  8723
  8722  O     60.96000000   78.70000000  106.37000000    11  8721
  8723  N     59.18000000   80.06000000  106.65000000     7  8721  8724  8725
  8724  HN    58.19000000   80.13000000  106.80000000    10  8723
  8725  CA    59.89000000   81.32000000  106.44000000     8  8723  8726  8727  8732
  8726  H     60.47000000   81.21000000  105.54000000    12  8725
  8727  C     58.91000000   82.53000000  106.24000000    33  8725  8728  8729  8730
  8728  H     59.47000000   83.37000000  105.78000000    34  8727
  8729  H     58.12000000   82.22000000  105.52000000    34  8727
  8730  OH    58.31000000   83.00000000  107.45000000    35  8727  8731
  8731  HO    57.99000000   82.22000000  107.94000000    36  8730
  8732  C     60.86000000   81.66000000  107.56000000     9  8725  8733  8734
  8733  O     61.76000000   82.48000000  107.40000000    11  8732
  8734  N     60.76000000   80.99000000  108.73000000     7  8732  8735  8736
  8735  HN    60.00000000   80.35000000  108.87000000    10  8734
  8736  CA    61.66000000   81.20000000  109.86000000     8  8734  8737  8738  8751
  8737  H     62.05000000   82.21000000  109.83000000    12  8736
  8738  C     60.95000000   80.95000000  111.22000000    19  8736  8739  8740  8741
  8739  H     60.59000000   79.90000000  111.23000000    20  8738
  8740  H     61.66000000   81.09000000  112.06000000    20  8738
  8741  C     59.73000000   81.86000000  111.49000000    21  8738  8742  8743  8747
  8742  H     59.02000000   81.73000000  110.65000000    22  8741
  8743  C     59.01000000   81.41000000  112.77000000    23  8741  8744  8745  8746
  8744  H     58.05000000   81.95000000  112.89000000    24  8743
  8745  H     58.77000000   80.32000000  112.71000000    24  8743
  8746  H     59.64000000   81.58000000  113.67000000    24  8743
  8747  C     60.10000000   83.34000000  111.53000000    23  8741  8748  8749  8750
  8748  H     59.18000000   83.97000000  111.50000000    24  8747
  8749  H     60.69000000   83.58000000  112.44000000    24  8747
  8750  H     60.70000000   83.62000000  110.64000000    24  8747
  8751  C     62.85000000   80.27000000  109.78000000     9  8736  8752  8753
  8752  O     63.66000000   80.20000000  110.71000000    11  8751
  8753  N     62.99000000   79.51000000  108.68000000     1  8751  8754  8755
  8754  HN    62.30000000   79.58000000  107.95000000     4  8753
  8755  CA    64.07000000   78.56000000  108.48000000     2  8753  8756  8757  8758
  8756  H     64.07000000   78.28000000  107.44000000     6  8755
  8757  H     65.00000000   78.99000000  108.80000000     6  8755
  8758  C     63.86000000   77.29000000  109.27000000     3  8755  8759  8760
  8759  O     64.79000000   76.54000000  109.53000000     5  8758
  8760  N     62.60000000   77.02000000  109.65000000     7  8758  8761  8762
  8761  HN    61.85000000   77.63000000  109.40000000    10  8760
  8762  CA    62.22000000   75.78000000  110.27000000     8  8760  8763  8764  8775
  8763  H     63.08000000   75.26000000  110.66000000    12  8762
  8764  C     61.17000000   75.98000000  111.40000000   167  8762  8765  8766  8767
  8765  H     60.21000000   76.29000000  110.95000000   168  8764
  8766  H     61.00000000   75.00000000  111.91000000   168  8764
  8767  C     61.58000000   77.04000000  112.45000000   169  8764  8768  8769  8770
  8768  H     62.48000000   76.70000000  113.01000000   170  8767
  8769  H     61.82000000   78.00000000  111.95000000   170  8767
  8770  C     60.44000000   77.27000000  113.44000000   171  8767  8771  8772
  8771  O     59.56000000   76.42000000  113.62000000   172  8770
  8772  N     60.45000000   78.44000000  114.11000000   173  8770  8773  8774
  8773  HN    61.21000000   79.07000000  113.99000000   174  8772
  8774  HN    59.72000000   78.60000000  114.77000000   174  8772
  8775  C     61.61000000   74.94000000  109.17000000     9  8762  8776  8777
  8776  O     61.11000000   75.46000000  108.17000000    11  8775
  8777  N     61.63000000   73.62000000  109.33000000     7  8775  8778  8779
  8778  HN    62.02000000   73.20000000  110.16000000    10  8777
  8779  CA    61.18000000   72.69000000  108.31000000     8  8777  8780  8781  8789
  8780  H     60.72000000   73.21000000  107.47000000    12  8779
  8781  C     62.41000000   71.90000000  107.79000000   147  8779  8782  8783  8784
  8782  H     62.94000000   71.47000000  108.66000000   148  8781
  8783  H     62.11000000   71.09000000  107.10000000   148  8781
  8784  C     63.38000000   72.82000000  107.03000000   149  8781  8785  8786
  8785  O     63.04000000   73.87000000  106.48000000   150  8784
  8786  N     64.67000000   72.42000000  107.03000000   151  8784  8787  8788
  8787  HN    64.94000000   71.62000000  107.56000000   152  8786
  8788  HN    65.33000000   73.01000000  106.56000000   152  8786
  8789  C     60.13000000   71.76000000  108.92000000     9  8779  8790  8791
  8790  O     60.39000000   70.56000000  109.08000000    11  8789
  8791  N     58.95000000   72.26000000  109.33000000    50  8789  8792  8795
  8792  C     58.43000000   73.58000000  108.94000000    59  8791  8793  8794  8800
  8793  H     58.68000000   73.83000000  107.88000000    60  8792
  8794  H     58.86000000   74.35000000  109.62000000    60  8792
  8795  CA    57.89000000   71.42000000  109.89000000    51  8791  8796  8797  8803
  8796  H     58.26000000   70.91000000  110.77000000    54  8795
  8797  C     56.77000000   72.42000000  110.21000000    55  8795  8798  8799  8800
  8798  H     55.76000000   71.96000000  110.23000000    56  8797
  8799  H     56.96000000   72.88000000  111.20000000    56  8797
  8800  C     56.92000000   73.50000000  109.13000000    57  8792  8797  8801  8802
  8801  H     56.43000000   73.16000000  108.19000000    58  8800
  8802  H     56.47000000   74.47000000  109.43000000    58  8800
  8803  C     57.42000000   70.34000000  108.94000000    52  8795  8804  8805
  8804  O     57.21000000   70.60000000  107.75000000    53  8803
  8805  N     57.23000000   69.10000000  109.42000000     7  8803  8806  8807
  8806  HN    57.44000000   68.85000000  110.38000000    10  8805
  8807  CA    56.51000000   68.09000000  108.66000000     8  8805  8808  8809  8817
  8808  H     56.90000000   68.12000000  107.66000000    12  8807
  8809  C     56.70000000   66.64000000  109.11000000    37  8807  8810  8811  8813
  8810  H     56.18000000   65.95000000  108.40000000    38  8809
  8811  OH    56.18000000   66.40000000  110.41000000    39  8809  8812
  8812  HO    56.74000000   66.94000000  111.01000000    40  8811
  8813  C     58.19000000   66.29000000  109.12000000    41  8809  8814  8815  8816
  8814  H     58.35000000   65.25000000  109.45000000    42  8813
  8815  H     58.63000000   66.40000000  108.10000000    42  8813
  8816  H     58.75000000   66.94000000  109.81000000    42  8813
  8817  C     55.04000000   68.45000000  108.60000000     9  8807  8818  8819
  8818  O     54.50000000   69.11000000  109.49000000    11  8817
  8819  N     54.32000000   68.05000000  107.53000000     7  8817  8820  8821
  8820  HN    54.77000000   67.59000000  106.77000000    10  8819
  8821  CA    52.90000000   68.33000000  107.39000000     8  8819  8822  8823  8832
  8822  H     52.78000000   69.40000000  107.44000000    12  8821
  8823  C     52.40000000   67.83000000  106.01000000   153  8821  8824  8825  8826
  8824  H     53.17000000   68.09000000  105.24000000   154  8823
  8825  H     52.33000000   66.72000000  106.01000000   154  8823
  8826  C     51.04000000   68.44000000  105.56000000   155  8823  8827  8828  8829
  8827  H     50.73000000   67.95000000  104.62000000   156  8826
  8828  H     50.26000000   68.25000000  106.33000000   156  8826
  8829  C     51.13000000   69.93000000  105.28000000   157  8826  8830  8831
  8830  O     52.08000000   70.37000000  104.59000000   158  8829
  8831  O     50.21000000   70.69000000  105.71000000   158  8829
  8832  C     52.08000000   67.72000000  108.53000000     9  8821  8833  8834
  8833  O     51.13000000   68.32000000  109.03000000    11  8832
  8834  N     52.48000000   66.52000000  108.99000000     7  8832  8835  8836
  8835  HN    53.24000000   66.05000000  108.55000000    10  8834
  8836  CA    51.95000000   65.86000000  110.16000000     8  8834  8837  8838  8842
  8837  H     50.89000000   65.69000000  110.01000000    12  8836
  8838  C     52.67000000   64.50000000  110.32000000    13  8836  8839  8840  8841
  8839  H     52.29000000   63.95000000  111.21000000    14  8838
  8840  H     52.49000000   63.87000000  109.42000000    14  8838
  8841  H     53.76000000   64.65000000  110.44000000    14  8838
  8842  C     52.09000000   66.65000000  111.47000000     9  8836  8843  8844
  8843  O     51.12000000   66.79000000  112.21000000    11  8842
  8844  N     53.29000000   67.22000000  111.74000000     7  8842  8845  8846
  8845  HN    54.09000000   67.04000000  111.17000000    10  8844
  8846  CA    53.49000000   68.13000000  112.86000000     8  8844  8847  8848  8857
  8847  H     53.20000000   67.63000000  113.77000000    12  8846
  8848  C     54.98000000   68.57000000  112.96000000   153  8846  8849  8850  8851
  8849  H     55.29000000   68.95000000  111.96000000   154  8848
  8850  H     55.08000000   69.41000000  113.69000000   154  8848
  8851  C     55.96000000   67.46000000  113.42000000   155  8848  8852  8853  8854
  8852  H     55.85000000   67.30000000  114.52000000   156  8851
  8853  H     55.73000000   66.50000000  112.92000000   156  8851
  8854  C     57.40000000   67.82000000  113.11000000   157  8851  8855  8856
  8855  O     57.73000000   68.03000000  111.91000000   158  8854
  8856  O     58.22000000   67.87000000  114.06000000   158  8854
  8857  C     52.65000000   69.39000000  112.76000000     9  8846  8858  8859
  8858  O     51.99000000   69.81000000  113.71000000    11  8857
  8859  N     52.63000000   70.01000000  111.56000000     7  8857  8860  8861
  8860  HN    53.18000000   69.64000000  110.81000000    10  8859
  8861  CA    51.89000000   71.23000000  111.29000000     8  8859  8862  8863  8876
  8862  H     52.23000000   71.97000000  112.00000000    12  8861
  8863  C     52.20000000   71.70000000  109.85000000    19  8861  8864  8865  8866
  8864  H     53.31000000   71.82000000  109.76000000    20  8863
  8865  H     51.91000000   70.89000000  109.14000000    20  8863
  8866  C     51.53000000   73.01000000  109.40000000    21  8863  8867  8868  8872
  8867  H     50.42000000   72.92000000  109.51000000    22  8866
  8868  C     51.99000000   74.21000000  110.25000000    23  8866  8869  8870  8871
  8869  H     51.47000000   75.13000000  109.91000000    24  8868
  8870  H     51.74000000   74.06000000  111.32000000    24  8868
  8871  H     53.08000000   74.36000000  110.16000000    24  8868
  8872  C     51.82000000   73.28000000  107.92000000    23  8866  8873  8874  8875
  8873  H     51.26000000   74.18000000  107.57000000    24  8872
  8874  H     52.90000000   73.46000000  107.76000000    24  8872
  8875  H     51.51000000   72.42000000  107.29000000    24  8872
  8876  C     50.39000000   71.08000000  111.50000000     9  8861  8877  8878
  8877  O     49.75000000   71.94000000  112.11000000    11  8876
  8878  N     49.79000000   69.98000000  111.00000000     7  8876  8879  8880
  8879  HN    50.34000000   69.31000000  110.49000000    10  8878
  8880  CA    48.39000000   69.66000000  111.17000000     8  8878  8881  8882  8893
  8881  H     47.82000000   70.51000000  110.81000000    12  8880
  8882  C     48.04000000   68.42000000  110.31000000   167  8880  8883  8884  8885
  8883  H     48.44000000   68.58000000  109.28000000   168  8882
  8884  H     48.58000000   67.54000000  110.72000000   168  8882
  8885  C     46.53000000   68.09000000  110.22000000   169  8882  8886  8887  8888
  8886  H     46.39000000   67.10000000  109.74000000   170  8885
  8887  H     46.09000000   68.02000000  111.23000000   170  8885
  8888  C     45.76000000   69.16000000  109.44000000   171  8885  8889  8890
  8889  O     45.32000000   70.18000000  109.98000000   172  8888
  8890  N     45.59000000   68.94000000  108.12000000   173  8888  8891  8892
  8891  HN    45.92000000   68.08000000  107.71000000   174  8890
  8892  HN    45.08000000   69.61000000  107.59000000   174  8890
  8893  C     47.96000000   69.43000000  112.62000000     9  8880  8894  8895
  8894  O     46.97000000   70.01000000  113.08000000    11  8893
  8895  N     48.72000000   68.65000000  113.42000000     7  8893  8896  8897
  8896  HN    49.50000000   68.14000000  113.06000000    10  8895
  8897  CA    48.46000000   68.54000000  114.85000000     8  8895  8898  8899  8905
  8898  H     47.40000000   68.31000000  114.96000000    12  8897
  8899  C     49.29000000   67.42000000  115.55000000   137  8897  8900  8901  8902
  8900  H     50.22000000   67.22000000  114.99000000   138  8899
  8901  H     49.57000000   67.71000000  116.58000000   138  8899
  8902  C     48.50000000   66.13000000  115.67000000   139  8899  8903  8904
  8903  O     47.56000000   65.89000000  114.87000000   140  8902
  8904  O     48.86000000   65.30000000  116.54000000   140  8902
  8905  C     48.61000000   69.87000000  115.57000000     9  8897  8906  8907
  8906  O     47.74000000   70.24000000  116.36000000    11  8905
  8907  N     49.65000000   70.67000000  115.25000000     7  8905  8908  8909
  8908  HN    50.36000000   70.32000000  114.63000000    10  8907
  8909  CA    49.83000000   72.02000000  115.75000000     8  8907  8910  8911  8922
  8910  H     49.93000000   71.95000000  116.82000000    12  8909
  8911  C     51.13000000   72.67000000  115.23000000   175  8909  8912  8913  8914
  8912  H     51.21000000   72.50000000  114.14000000   176  8911
  8913  H     51.11000000   73.76000000  115.42000000   176  8911
  8914  C     52.41000000   72.15000000  115.91000000   177  8911  8915  8916  8917
  8915  H     52.37000000   72.41000000  117.00000000   178  8914
  8916  H     52.45000000   71.04000000  115.85000000   178  8914
  8917  S     53.90000000   72.87000000  115.16000000   179  8914  8918
  8918  C     55.01000000   72.16000000  116.40000000   180  8917  8919  8920  8921
  8919  H     56.08000000   72.41000000  116.19000000   181  8918
  8920  H     54.77000000   72.54000000  117.41000000   181  8918
  8921  H     54.93000000   71.05000000  116.43000000   181  8918
  8922  C     48.65000000   72.95000000  115.50000000     9  8909  8923  8924
  8923  O     48.26000000   73.73000000  116.37000000    11  8922
  8924  N     48.03000000   72.87000000  114.29000000     7  8922  8925  8926
  8925  HN    48.39000000   72.25000000  113.60000000    10  8924
  8926  CA    46.77000000   73.55000000  113.95000000     8  8924  8927  8928  8941
  8927  H     46.91000000   74.60000000  114.11000000    12  8926
  8928  C     46.39000000   73.35000000  112.47000000    25  8926  8929  8930  8934
  8929  H     46.56000000   72.28000000  112.20000000    26  8928
  8930  C     44.89000000   73.65000000  112.22000000    29  8928  8931  8932  8933
  8931  H     44.68000000   73.68000000  111.13000000    30  8930
  8932  H     44.25000000   72.86000000  112.65000000    30  8930
  8933  H     44.61000000   74.63000000  112.66000000    30  8930
  8934  C     47.31000000   74.20000000  111.55000000    27  8928  8935  8936  8937
  8935  H     47.10000000   75.28000000  111.72000000    28  8934
  8936  H     48.37000000   74.01000000  111.84000000    28  8934
  8937  C     47.19000000   73.86000000  110.06000000    31  8934  8938  8939  8940
  8938  H     47.96000000   74.41000000  109.48000000    32  8937
  8939  H     47.33000000   72.78000000  109.89000000    32  8937
  8940  H     46.20000000   74.16000000  109.67000000    32  8937
  8941  C     45.62000000   73.14000000  114.87000000     9  8926  8942  8943
  8942  O     44.87000000   73.98000000  115.36000000    11  8941
  8943  N     45.47000000   71.84000000  115.15000000     7  8941  8944  8945
  8944  HN    46.09000000   71.16000000  114.75000000    10  8943
  8945  CA    44.36000000   71.35000000  115.94000000     8  8943  8946  8947  8955
  8946  H     43.47000000   71.90000000  115.66000000    12  8945
  8947  C     44.11000000   69.85000000  115.65000000   147  8945  8948  8949  8950
  8948  H     45.04000000   69.27000000  115.82000000   148  8947
  8949  H     43.31000000   69.44000000  116.31000000   148  8947
  8950  C     43.62000000   69.70000000  114.21000000   149  8947  8951  8952
  8951  O     42.89000000   70.54000000  113.68000000   150  8950
  8952  N     44.05000000   68.61000000  113.54000000   151  8950  8953  8954
  8953  HN    44.61000000   67.93000000  114.02000000   152  8952
  8954  HN    43.85000000   68.55000000  112.57000000   152  8952
  8955  C     44.49000000   71.60000000  117.44000000     9  8945  8956  8957
  8956  O     43.49000000   71.66000000  118.15000000    11  8955
  8957  N     45.71000000   71.77000000  118.00000000     7  8955  8958  8959
  8958  HN    46.55000000   71.56000000  117.49000000    10  8957
  8959  CA    45.86000000   72.33000000  119.35000000     8  8957  8960  8961  8970
  8960  H     45.21000000   71.77000000  120.01000000    12  8959
  8961  C     47.31000000   72.24000000  119.92000000   153  8959  8962  8963  8964
  8962  H     47.81000000   73.23000000  119.93000000   154  8961
  8963  H     47.24000000   71.91000000  120.98000000   154  8961
  8964  C     48.26000000   71.29000000  119.15000000   155  8961  8965  8966  8967
  8965  H     47.83000000   70.27000000  119.07000000   156  8964
  8966  H     48.40000000   71.70000000  118.14000000   156  8964
  8967  C     49.64000000   71.20000000  119.78000000   157  8964  8968  8969
  8968  O     50.09000000   70.08000000  120.11000000   158  8967
  8969  O     50.31000000   72.26000000  119.92000000   158  8967
  8970  C     45.44000000   73.79000000  119.42000000     9  8959  8971  8972
  8971  O     44.78000000   74.23000000  120.36000000    11  8970
  8972  N     45.86000000   74.61000000  118.43000000     7  8970  8973  8974
  8973  HN    46.39000000   74.24000000  117.66000000    10  8972
  8974  CA    45.73000000   76.05000000  118.52000000     8  8972  8975  8976  8986
  8975  H     45.78000000   76.33000000  119.56000000    12  8974
  8976  C     46.90000000   76.76000000  117.84000000    15  8974  8977  8978  8982
  8977  H     47.83000000   76.22000000  118.14000000    16  8976
  8978  C     46.80000000   76.70000000  116.30000000    17  8976  8979  8980  8981
  8979  H     47.72000000   77.12000000  115.85000000    18  8978
  8980  H     46.69000000   75.65000000  115.96000000    18  8978
  8981  H     45.93000000   77.29000000  115.93000000    18  8978
  8982  C     47.03000000   78.20000000  118.34000000    17  8976  8983  8984  8985
  8983  H     47.94000000   78.67000000  117.91000000    18  8982
  8984  H     46.15000000   78.82000000  118.05000000    18  8982
  8985  H     47.12000000   78.22000000  119.45000000    18  8982
  8986  C     44.39000000   76.57000000  118.05000000     9  8974  8987  8988
  8987  O     43.95000000   77.63000000  118.49000000    11  8986
  8988  N     43.66000000   75.82000000  117.21000000     7  8986  8989  8990
  8989  HN    44.06000000   75.00000000  116.80000000    10  8988
  8990  CA    42.32000000   76.16000000  116.76000000     8  8988  8991  8992  8998
  8991  H     42.08000000   77.17000000  117.08000000    12  8990
  8992  C     42.25000000   76.11000000  115.20000000   137  8990  8993  8994  8995
  8993  H     43.14000000   76.63000000  114.79000000   138  8992
  8994  H     42.27000000   75.07000000  114.85000000   138  8992
  8995  C     41.02000000   76.81000000  114.64000000   139  8992  8996  8997
  8996  O     40.32000000   77.54000000  115.39000000   140  8995
  8997  O     40.79000000   76.70000000  113.41000000   140  8995
  8998  C     41.30000000   75.25000000  117.45000000     9  8990  8999  9000
  8999  O     40.25000000   74.90000000  116.91000000    11  8998
  9000  N     41.58000000   74.82000000  118.69000000     7  8998  9001  9002
  9001  HN    42.43000000   75.09000000  119.14000000    10  9000
  9002  CA    40.72000000   73.93000000  119.44000000     8  9000  9003  9004  9008
  9003  H     40.41000000   73.12000000  118.79000000    12  9002
  9004  C     41.52000000   73.32000000  120.61000000    13  9002  9005  9006  9007
  9005  H     40.90000000   72.59000000  121.18000000    14  9004
  9006  H     42.41000000   72.78000000  120.22000000    14  9004
  9007  H     41.89000000   74.12000000  121.30000000    14  9004
  9008  C     39.45000000   74.61000000  119.96000000     9  9002  9009  9010
  9009  O     38.48000000   73.95000000  120.33000000    11  9008
  9010  N     39.42000000   75.97000000  119.96000000     7  9008  9011  9012
  9011  HN    40.26000000   76.49000000  119.76000000    10  9010
  9012  CA    38.23000000   76.76000000  120.17000000     8  9010  9013  9014  9020
  9013  H     37.59000000   76.21000000  120.86000000    12  9012
  9014  C     38.58000000   78.12000000  120.87000000   137  9012  9015  9016  9017
  9015  H     37.62000000   78.60000000  121.16000000   138  9014
  9016  H     39.14000000   77.89000000  121.80000000   138  9014
  9017  C     39.40000000   79.13000000  120.08000000   139  9014  9018  9019
  9018  O     40.13000000   78.79000000  119.13000000   140  9017
  9019  O     39.40000000   80.32000000  120.53000000   140  9017
  9020  C     37.40000000   76.93000000  118.89000000     9  9012  9021  9022
  9021  O     36.23000000   77.30000000  118.94000000    11  9020
  9022  N     37.98000000   76.61000000  117.71000000     1  9020  9023  9024
  9023  HN    38.94000000   76.34000000  117.69000000     4  9022
  9024  CA    37.29000000   76.53000000  116.42000000     2  9022  9025  9026  9027
  9025  H     37.95000000   75.99000000  115.75000000     6  9024
  9026  H     36.34000000   76.03000000  116.57000000     6  9024
  9027  C     37.02000000   77.86000000  115.78000000     3  9024  9028  9029
  9028  O     36.11000000   77.99000000  114.95000000     5  9027
  9029  N     37.82000000   78.88000000  116.13000000     7  9027  9030  9031
  9030  HN    38.61000000   78.67000000  116.70000000    10  9029
  9031  CA    37.61000000   80.26000000  115.71000000     8  9029  9032  9033  9041
  9032  H     36.61000000   80.38000000  115.33000000    12  9031
  9033  C     37.81000000   81.20000000  116.93000000   147  9031  9034  9035  9036
  9034  H     38.76000000   80.96000000  117.45000000   148  9033
  9035  H     37.82000000   82.26000000  116.62000000   148  9033
  9036  C     36.62000000   81.02000000  117.86000000   149  9033  9037  9038
  9037  O     35.46000000   81.17000000  117.45000000   150  9036
  9038  N     36.86000000   80.70000000  119.15000000   151  9036  9039  9040
  9039  HN    37.80000000   80.53000000  119.45000000   152  9038
  9040  HN    36.07000000   80.44000000  119.71000000   152  9038
  9041  C     38.53000000   80.69000000  114.59000000     9  9031  9042  9043
  9042  O     38.35000000   81.77000000  114.02000000    11  9041
  9043  N     39.53000000   79.86000000  114.21000000     1  9041  9044  9045
  9044  HN    39.68000000   78.98000000  114.70000000     4  9043
  9045  CA    40.43000000   80.10000000  113.09000000     2  9043  9046  9047  9048
  9046  H     40.86000000   79.16000000  112.80000000     6  9045
  9047  H     39.88000000   80.57000000  112.29000000     6  9045
  9048  C     41.58000000   81.01000000  113.42000000     3  9045  9049  9050
  9049  O     42.42000000   81.32000000  112.57000000     5  9048
  9050  N     41.63000000   81.47000000  114.68000000     7  9048  9051  9052
  9051  HN    40.97000000   81.13000000  115.34000000    10  9050
  9052  CA    42.41000000   82.62000000  115.11000000     8  9050  9053  9054  9062
  9053  H     42.76000000   83.15000000  114.24000000    12  9052
  9054  C     41.59000000   83.59000000  115.96000000    37  9052  9055  9056  9058
  9055  H     42.24000000   84.37000000  116.43000000    38  9054
  9056  OH    40.86000000   82.92000000  116.98000000    39  9054  9057
  9057  HO    40.29000000   83.60000000  117.38000000    40  9056
  9058  C     40.56000000   84.31000000  115.08000000    41  9054  9059  9060  9061
  9059  H     39.91000000   84.97000000  115.68000000    42  9058
  9060  H     41.07000000   84.93000000  114.32000000    42  9058
  9061  H     39.93000000   83.57000000  114.55000000    42  9058
  9062  C     43.61000000   82.23000000  115.92000000     9  9052  9063  9064
  9063  O     43.50000000   81.77000000  117.06000000    11  9062
  9064  N     44.81000000   82.46000000  115.36000000     7  9062  9065  9066
  9065  HN    44.89000000   82.79000000  114.42000000    10  9064
  9066  CA    46.06000000   82.32000000  116.10000000     8  9064  9067  9068  9081
  9067  H     45.90000000   81.73000000  116.98000000    12  9066
  9068  C     47.14000000   81.58000000  115.33000000    25  9066  9069  9070  9074
  9069  H     47.35000000   82.12000000  114.39000000    26  9068
  9070  C     48.45000000   81.52000000  116.17000000    29  9068  9071  9072  9073
  9071  H     49.23000000   80.96000000  115.63000000    30  9070
  9072  H     48.84000000   82.54000000  116.37000000    30  9070
  9073  H     48.26000000   81.02000000  117.14000000    30  9070
  9074  C     46.64000000   80.16000000  114.95000000    27  9068  9075  9076  9077
  9075  H     46.52000000   79.57000000  115.88000000    28  9074
  9076  H     45.64000000   80.23000000  114.46000000    28  9074
  9077  C     47.58000000   79.42000000  113.98000000    31  9074  9078  9079  9080
  9078  H     47.15000000   78.44000000  113.70000000    32  9077
  9079  H     47.72000000   80.02000000  113.06000000    32  9077
  9080  H     48.57000000   79.24000000  114.45000000    32  9077
  9081  C     46.49000000   83.71000000  116.54000000     9  9066  9082  9083
  9082  O     46.77000000   84.59000000  115.72000000    11  9081
  9083  N     46.50000000   83.96000000  117.86000000     7  9081  9084  9085
  9084  HN    46.24000000   83.23000000  118.50000000    10  9083
  9085  CA    46.95000000   85.20000000  118.45000000     8  9083  9086  9087  9093
  9086  H     46.85000000   85.99000000  117.71000000    12  9085
  9087  C     46.05000000   85.63000000  119.65000000   137  9085  9088  9089  9090
  9088  H     46.40000000   86.60000000  120.06000000   138  9087
  9089  H     45.01000000   85.79000000  119.28000000   138  9087
  9090  C     46.00000000   84.66000000  120.81000000   139  9087  9091  9092
  9091  O     47.06000000   84.31000000  121.38000000   140  9090
  9092  O     44.86000000   84.27000000  121.21000000   140  9090
  9093  C     48.45000000   85.13000000  118.76000000     9  9085  9094  9095
  9094  O     49.09000000   84.08000000  118.66000000    11  9093
  9095  N     49.09000000   86.28000000  119.08000000     7  9093  9096  9097
  9096  HN    48.59000000   87.14000000  119.15000000    10  9095
  9097  CA    50.51000000   86.32000000  119.38000000     8  9095  9098  9099  9113
  9098  H     50.99000000   85.81000000  118.56000000    12  9097
  9099  C     51.06000000   87.78000000  119.34000000    61  9097  9100  9101  9102
  9100  H     50.80000000   88.23000000  118.36000000    62  9099
  9101  H     50.61000000   88.40000000  120.13000000    62  9099
  9102  C     52.56000000   87.82000000  119.48000000    63  9099  9103  9109
  9103  C     53.36000000   87.28000000  118.46000000    64  9102  9104  9105
  9104  H     52.89000000   86.83000000  117.60000000    65  9103
  9105  C     54.76000000   87.32000000  118.54000000    66  9103  9106  9107
  9106  H     55.36000000   86.90000000  117.75000000    67  9105
  9107  C     55.37000000   87.90000000  119.66000000    68  9105  9108  9111
  9108  H     56.45000000   87.93000000  119.73000000    69  9107
  9109  C     53.19000000   88.40000000  120.60000000    64  9102  9110  9111
  9110  H     52.59000000   88.81000000  121.40000000    65  9109
  9111  C     54.59000000   88.44000000  120.69000000    66  9107  9109  9112
  9112  H     55.06000000   88.88000000  121.55000000    67  9111
  9113  C     50.92000000   85.49000000  120.62000000     9  9097  9114  9115
  9114  O     51.94000000   84.80000000  120.53000000    11  9113
  9115  N     50.20000000   85.44000000  121.74000000    50  9113  9116  9119
  9116  C     49.36000000   86.55000000  122.22000000    59  9115  9117  9118  9124
  9117  H     48.32000000   86.39000000  121.87000000    60  9116
  9118  H     49.73000000   87.54000000  121.87000000    60  9116
  9119  CA    50.53000000   84.52000000  122.82000000    51  9115  9120  9121  9127
  9120  H     51.57000000   84.66000000  123.07000000    54  9119
  9121  C     49.61000000   84.95000000  123.98000000    55  9119  9122  9123  9124
  9122  H     48.61000000   84.47000000  123.89000000    56  9121
  9123  H     50.05000000   84.72000000  124.97000000    56  9121
  9124  C     49.44000000   86.45000000  123.75000000    57  9116  9121  9125  9126
  9125  H     48.54000000   86.88000000  124.24000000    58  9124
  9126  H     50.35000000   86.99000000  124.10000000    58  9124
  9127  C     50.33000000   83.06000000  122.46000000    52  9119  9128  9129
  9128  O     51.15000000   82.25000000  122.88000000    53  9127
  9129  N     49.28000000   82.70000000  121.68000000     7  9127  9130  9131
  9130  HN    48.55000000   83.38000000  121.45000000    10  9129
  9131  CA    49.11000000   81.37000000  121.10000000     8  9129  9132  9133  9142
  9132  H     49.08000000   80.66000000  121.91000000    12  9131
  9133  C     47.78000000   81.26000000  120.28000000   153  9131  9134  9135  9136
  9134  H     47.68000000   82.20000000  119.69000000   154  9133
  9135  H     47.86000000   80.42000000  119.56000000   154  9133
  9136  C     46.47000000   81.04000000  121.10000000   155  9133  9137  9138  9139
  9137  H     46.52000000   80.07000000  121.63000000   156  9136
  9138  H     46.38000000   81.84000000  121.86000000   156  9136
  9139  C     45.20000000   81.08000000  120.27000000   157  9136  9140  9141
  9140  O     45.19000000   81.40000000  119.06000000   158  9139
  9141  O     44.05000000   80.85000000  120.72000000   158  9139
  9142  C     50.31000000   80.97000000  120.22000000     9  9131  9143  9144
  9143  O     50.88000000   79.89000000  120.37000000    11  9142
  9144  N     50.77000000   81.88000000  119.33000000     7  9142  9145  9146
  9145  HN    50.26000000   82.73000000  119.20000000    10  9144
  9146  CA    51.98000000   81.72000000  118.54000000     8  9144  9147  9148  9162
  9147  H     51.89000000   80.78000000  118.01000000    12  9146
  9148  C     52.06000000   82.86000000  117.48000000    61  9146  9149  9150  9151
  9149  H     51.17000000   82.80000000  116.82000000    62  9148
  9150  H     52.03000000   83.84000000  117.99000000    62  9148
  9151  C     53.29000000   82.79000000  116.62000000    63  9148  9152  9158
  9152  C     53.42000000   81.76000000  115.67000000    64  9151  9153  9154
  9153  H     52.63000000   81.02000000  115.58000000    65  9152
  9154  C     54.56000000   81.67000000  114.86000000    66  9152  9155  9156
  9155  H     54.65000000   80.86000000  114.15000000    67  9154
  9156  C     55.58000000   82.62000000  114.99000000    68  9154  9157  9160
  9157  H     56.46000000   82.55000000  114.37000000    69  9156
  9158  C     54.32000000   83.74000000  116.74000000    64  9151  9159  9160
  9159  H     54.24000000   84.53000000  117.46000000    65  9158
  9160  C     55.46000000   83.65000000  115.92000000    66  9156  9158  9161
  9161  H     56.25000000   84.39000000  116.01000000    67  9160
  9162  C     53.28000000   81.62000000  119.35000000     9  9146  9163  9164
  9163  O     54.11000000   80.73000000  119.13000000    11  9162
  9164  N     53.49000000   82.49000000  120.36000000     7  9162  9165  9166
  9165  HN    52.85000000   83.26000000  120.49000000    10  9164
  9166  CA    54.64000000   82.43000000  121.24000000     8  9164  9167  9168  9181
  9167  H     55.52000000   82.44000000  120.62000000    12  9166
  9168  C     54.71000000   83.61000000  122.25000000    19  9166  9169  9170  9171
  9169  H     53.67000000   83.86000000  122.57000000    20  9168
  9170  H     55.27000000   83.32000000  123.16000000    20  9168
  9171  C     55.39000000   84.89000000  121.72000000    21  9168  9172  9173  9177
  9172  H     54.80000000   85.27000000  120.85000000    22  9171
  9173  C     55.36000000   85.97000000  122.82000000    23  9171  9174  9175  9176
  9174  H     55.90000000   86.88000000  122.48000000    24  9173
  9175  H     54.31000000   86.26000000  123.04000000    24  9173
  9176  H     55.83000000   85.62000000  123.75000000    24  9173
  9177  C     56.84000000   84.67000000  121.26000000    23  9171  9178  9179  9180
  9178  H     57.30000000   85.64000000  120.97000000    24  9177
  9179  H     57.46000000   84.23000000  122.08000000    24  9177
  9180  H     56.89000000   84.00000000  120.38000000    24  9177
  9181  C     54.74000000   81.13000000  122.01000000     9  9166  9182  9183
  9182  O     55.83000000   80.60000000  122.19000000    11  9181
  9183  N     53.61000000   80.58000000  122.49000000     7  9181  9184  9185
  9184  HN    52.73000000   81.05000000  122.37000000    10  9183
  9185  CA    53.60000000   79.25000000  123.10000000     8  9183  9186  9187  9195
  9186  H     54.39000000   79.26000000  123.84000000    12  9185
  9187  C     52.31000000   78.92000000  123.86000000    37  9185  9188  9189  9191
  9188  H     51.44000000   79.37000000  123.33000000    38  9187
  9189  OH    52.42000000   79.45000000  125.18000000    39  9187  9190
  9190  HO    51.52000000   79.36000000  125.57000000    40  9189
  9191  C     52.06000000   77.41000000  124.03000000    41  9187  9192  9193  9194
  9192  H     51.20000000   77.23000000  124.70000000    42  9191
  9193  H     51.82000000   76.94000000  123.05000000    42  9191
  9194  H     52.94000000   76.89000000  124.46000000    42  9191
  9195  C     54.04000000   78.14000000  122.16000000     9  9185  9196  9197
  9196  O     54.83000000   77.28000000  122.56000000    11  9195
  9197  N     53.63000000   78.16000000  120.88000000     7  9195  9198  9199
  9198  HN    52.97000000   78.85000000  120.56000000    10  9197
  9199  CA    54.12000000   77.25000000  119.85000000     8  9197  9200  9201  9212
  9200  H     53.93000000   76.24000000  120.18000000    12  9199
  9201  C     53.37000000   77.49000000  118.52000000   175  9199  9202  9203  9204
  9202  H     53.48000000   78.56000000  118.22000000   176  9201
  9203  H     53.82000000   76.88000000  117.71000000   176  9201
  9204  C     51.87000000   77.14000000  118.58000000   177  9201  9205  9206  9207
  9205  H     51.77000000   76.03000000  118.59000000   178  9204
  9206  H     51.44000000   77.49000000  119.54000000   178  9204
  9207  S     50.87000000   77.83000000  117.23000000   179  9204  9208
  9208  C     51.67000000   76.92000000  115.88000000   180  9207  9209  9210  9211
  9209  H     51.09000000   77.02000000  114.94000000   181  9208
  9210  H     52.70000000   77.30000000  115.69000000   181  9208
  9211  H     51.74000000   75.84000000  116.12000000   181  9208
  9212  C     55.63000000   77.34000000  119.59000000     9  9199  9213  9214
  9213  O     56.33000000   76.34000000  119.53000000    11  9212
  9214  N     56.17000000   78.57000000  119.49000000     7  9212  9215  9216
  9215  HN    55.57000000   79.37000000  119.46000000    10  9214
  9216  CA    57.60000000   78.82000000  119.40000000     8  9214  9217  9218  9229
  9217  H     58.00000000   78.21000000  118.60000000    12  9216
  9218  C     57.87000000   80.31000000  119.05000000   175  9216  9219  9220  9221
  9219  H     57.41000000   80.95000000  119.84000000   176  9218
  9220  H     58.97000000   80.50000000  119.06000000   176  9218
  9221  C     57.32000000   80.74000000  117.67000000   177  9218  9222  9223  9224
  9222  H     56.22000000   80.59000000  117.63000000   178  9221
  9223  H     57.47000000   81.84000000  117.59000000   178  9221
  9224  S     58.11000000   79.95000000  116.24000000   179  9221  9225
  9225  C     56.86000000   78.67000000  115.91000000   180  9224  9226  9227  9228
  9226  H     57.12000000   78.08000000  115.01000000   181  9225
  9227  H     56.78000000   77.95000000  116.76000000   181  9225
  9228  H     55.86000000   79.11000000  115.75000000   181  9225
  9229  C     58.38000000   78.40000000  120.65000000     9  9216  9230  9231
  9230  O     59.47000000   77.84000000  120.58000000    11  9229
  9231  N     57.82000000   78.66000000  121.84000000     7  9229  9232  9233
  9232  HN    56.98000000   79.21000000  121.88000000    10  9231
  9233  CA    58.32000000   78.18000000  123.12000000     8  9231  9234  9235  9239
  9234  H     59.36000000   78.47000000  123.17000000    12  9233
  9235  C     57.56000000   78.86000000  124.27000000    13  9233  9236  9237  9238
  9236  H     58.00000000   78.60000000  125.25000000    14  9235
  9237  H     57.62000000   79.97000000  124.15000000    14  9235
  9238  H     56.49000000   78.58000000  124.25000000    14  9235
  9239  C     58.32000000   76.67000000  123.27000000     9  9233  9240  9241
  9240  O     59.25000000   76.10000000  123.85000000    11  9239
  9241  N     57.29000000   75.97000000  122.75000000     7  9239  9242  9243
  9242  HN    56.49000000   76.45000000  122.38000000    10  9241
  9243  CA    57.27000000   74.52000000  122.60000000     8  9241  9244  9245  9263
  9244  H     57.42000000   74.09000000  123.57000000    12  9243
  9245  C     55.93000000   73.99000000  122.02000000   202  9243  9246  9247  9248
  9246  H     55.64000000   74.62000000  121.15000000   203  9245
  9247  H     56.07000000   72.96000000  121.63000000   203  9245
  9248  C     54.75000000   73.92000000  123.01000000   204  9245  9249  9250  9251
  9249  H     54.57000000   74.93000000  123.45000000   205  9248
  9250  H     53.84000000   73.67000000  122.42000000   205  9248
  9251  C     54.91000000   72.82000000  124.08000000   206  9248  9252  9253  9254
  9252  H     54.06000000   72.10000000  124.02000000   207  9251
  9253  H     55.86000000   72.26000000  123.91000000   207  9251
  9254  N     54.88000000   73.48000000  125.42000000   208  9251  9255  9256
  9255  HN    54.18000000   74.16000000  125.62000000   209  9254
  9256  C     55.65000000   73.18000000  126.46000000   210  9254  9257  9260
  9257  N     56.52000000   72.20000000  126.47000000   211  9256  9258  9259
  9258  HN    56.46000000   71.48000000  125.76000000   212  9257
  9259  HN    56.92000000   71.91000000  127.35000000   212  9257
  9260  N     55.50000000   73.94000000  127.52000000   211  9256  9261  9262
  9261  HN    54.68000000   74.51000000  127.54000000   212  9260
  9262  HN    56.02000000   73.76000000  128.37000000   212  9260
  9263  C     58.41000000   73.99000000  121.75000000     9  9243  9264  9265
  9264  O     59.06000000   73.03000000  122.14000000    11  9263
  9265  N     58.73000000   74.63000000  120.60000000     7  9263  9266  9267
  9266  HN    58.17000000   75.40000000  120.30000000    10  9265
  9267  CA    59.68000000   74.10000000  119.64000000     8  9265  9268  9269  9285
  9268  H     59.75000000   73.02000000  119.77000000    12  9267
  9269  C     59.13000000   74.36000000  118.22000000   182  9267  9270  9271  9272
  9270  H     58.12000000   73.87000000  118.18000000   183  9269
  9271  H     58.97000000   75.45000000  118.06000000   183  9269
  9272  C     59.98000000   73.78000000  117.08000000   184  9269  9273  9274  9275
  9273  H     60.87000000   74.42000000  116.92000000   185  9272
  9274  H     60.35000000   72.78000000  117.40000000   185  9272
  9275  C     59.22000000   73.62000000  115.76000000   186  9272  9276  9277  9278
  9276  H     58.39000000   72.91000000  115.95000000   187  9275
  9277  H     58.77000000   74.60000000  115.46000000   187  9275
  9278  C     60.15000000   73.11000000  114.65000000   188  9275  9279  9280  9281
  9279  H     60.73000000   73.94000000  114.19000000   189  9278
  9280  H     60.87000000   72.37000000  115.08000000   189  9278
  9281  N     59.38000000   72.41000000  113.62000000   190  9278  9282  9283  9284
  9282  HN    60.03000000   71.90000000  112.98000000   191  9281
  9283  HN    58.82000000   71.66000000  114.11000000   191  9281
  9284  HN    58.72000000   73.02000000  113.11000000   191  9281
  9285  C     61.12000000   74.63000000  119.82000000     9  9267  9286  9287
  9286  O     62.07000000   74.26000000  119.13000000    11  9285
  9287  N     61.35000000   75.48000000  120.84000000     7  9285  9288  9289
  9288  HN    60.57000000   75.93000000  121.29000000    10  9287
  9289  CA    62.68000000   75.68000000  121.38000000     8  9287  9290  9291  9302
  9290  H     63.41000000   75.64000000  120.59000000    12  9289
  9291  C     62.78000000   77.06000000  122.08000000   175  9289  9292  9293  9294
  9292  H     62.33000000   77.80000000  121.39000000   176  9291
  9293  H     62.18000000   77.06000000  123.01000000   176  9291
  9294  C     64.24000000   77.48000000  122.35000000   177  9291  9295  9296  9297
  9295  H     64.76000000   76.69000000  122.93000000   178  9294
  9296  H     64.76000000   77.53000000  121.37000000   178  9294
  9297  S     64.41000000   79.07000000  123.22000000   179  9294  9298
  9298  C     64.14000000   78.34000000  124.85000000   180  9297  9299  9300  9301
  9299  H     64.34000000   79.08000000  125.65000000   181  9298
  9300  H     63.10000000   77.97000000  124.97000000   181  9298
  9301  H     64.82000000   77.48000000  125.02000000   181  9298
  9302  C     63.02000000   74.58000000  122.39000000     9  9289  9303  9304
  9303  O     64.17000000   74.23000000  122.63000000    11  9302
  9304  N     61.96000000   73.95000000  122.94000000     7  9302  9305  9306
  9305  HN    61.04000000   74.23000000  122.68000000    10  9304
  9306  CA    62.00000000   72.65000000  123.57000000     8  9304  9307  9308  9324
  9307  H     63.01000000   72.45000000  123.93000000    12  9306
  9308  C     61.02000000   72.55000000  124.77000000   182  9306  9309  9310  9311
  9309  H     60.02000000   72.88000000  124.42000000   183  9308
  9310  H     60.91000000   71.50000000  125.11000000   183  9308
  9311  C     61.47000000   73.40000000  125.97000000   184  9308  9312  9313  9314
  9312  H     62.41000000   72.95000000  126.36000000   185  9311
  9313  H     61.73000000   74.43000000  125.63000000   185  9311
  9314  C     60.45000000   73.46000000  127.12000000   186  9311  9315  9316  9317
  9315  H     60.16000000   72.41000000  127.38000000   187  9314
  9316  H     60.94000000   73.89000000  128.02000000   187  9314
  9317  C     59.16000000   74.24000000  126.83000000   188  9314  9318  9319  9320
  9318  H     58.62000000   73.82000000  125.95000000   189  9317
  9319  H     58.49000000   74.20000000  127.72000000   189  9317
  9320  N     59.45000000   75.66000000  126.55000000   190  9317  9321  9322  9323
  9321  HN    58.64000000   76.26000000  126.86000000   191  9320
  9322  HN    60.31000000   75.97000000  127.07000000   191  9320
  9323  HN    59.59000000   75.79000000  125.52000000   191  9320
  9324  C     61.73000000   71.63000000  122.47000000     9  9306  9325  9326
  9325  O     61.73000000   72.00000000  121.30000000    11  9324
  9326  N     61.55000000   70.33000000  122.79000000     7  9324  9327  9328
  9327  HN    61.35000000   70.08000000  123.73000000    10  9326
  9328  CA    61.24000000   69.26000000  121.85000000     8  9326  9329  9330  9336
  9329  H     61.52000000   68.34000000  122.34000000    12  9328
  9330  C     59.70000000   69.22000000  121.62000000   137  9328  9331  9332  9333
  9331  H     59.38000000   70.17000000  121.14000000   138  9330
  9332  H     59.44000000   68.38000000  120.94000000   138  9330
  9333  C     58.90000000   69.05000000  122.90000000   139  9330  9334  9335
  9334  O     59.49000000   68.99000000  124.01000000   140  9333
  9335  O     57.64000000   68.97000000  122.81000000   140  9333
  9336  C     62.06000000   69.28000000  120.55000000     9  9328  9337  9338
  9337  O     61.59000000   69.03000000  119.44000000    11  9336
  9338  N     63.36000000   69.59000000  120.69000000     7  9336  9339  9340
  9339  HN    63.70000000   69.69000000  121.62000000    10  9338
  9340  CA    64.24000000   70.10000000  119.64000000     8  9338  9341  9342  9350
  9341  H     63.64000000   70.46000000  118.82000000    12  9340
  9342  C     65.05000000   71.29000000  120.20000000    37  9340  9343  9344  9346
  9343  H     64.31000000   72.05000000  120.57000000    38  9342
  9344  OH    65.89000000   71.94000000  119.25000000    39  9342  9345
  9345  HO    66.52000000   72.44000000  119.77000000    40  9344
  9346  C     65.95000000   70.89000000  121.38000000    41  9342  9347  9348  9349
  9347  H     66.44000000   71.79000000  121.82000000    42  9346
  9348  H     65.38000000   70.40000000  122.19000000    42  9346
  9349  H     66.76000000   70.20000000  121.04000000    42  9346
  9350  C     65.13000000   68.99000000  119.10000000     9  9340  9351  9352
  9351  O     66.13000000   69.22000000  118.42000000    11  9350
  9352  N     64.82000000   67.72000000  119.44000000     7  9350  9353  9354
  9353  HN    63.94000000   67.56000000  119.89000000    10  9352
  9354  CA    65.55000000   66.50000000  119.09000000     8  9352  9355  9356  9362
  9355  H     65.10000000   65.70000000  119.66000000    12  9354
  9356  C     65.36000000   66.17000000  117.58000000   137  9354  9357  9358  9359
  9357  H     65.67000000   67.04000000  116.96000000   138  9356
  9358  H     65.98000000   65.30000000  117.28000000   138  9356
  9359  C     63.92000000   65.82000000  117.24000000   139  9356  9360  9361
  9360  O     63.15000000   65.46000000  118.17000000   140  9359
  9361  O     63.58000000   65.82000000  116.02000000   140  9359
  9362  C     67.03000000   66.51000000  119.51000000     9  9354  9363  9364
  9363  O     67.84000000   65.69000000  119.09000000    11  9362
  9364  N     67.41000000   67.48000000  120.37000000     7  9362  9365  9366
  9365  HN    66.68000000   68.04000000  120.74000000    10  9364
  9366  CA    68.77000000   67.92000000  120.65000000     8  9364  9367  9368  9373
  9367  H     68.67000000   68.84000000  121.20000000    12  9366
  9368  C     69.59000000   66.97000000  121.58000000    33  9366  9369  9370  9371
  9369  H     69.72000000   65.99000000  121.07000000    34  9368
  9370  H     70.59000000   67.40000000  121.79000000    34  9368
  9371  OH    68.95000000   66.77000000  122.84000000    35  9368  9372
  9372  HO    68.58000000   65.87000000  122.80000000    36  9371
  9373  C     69.60000000   68.26000000  119.41000000     9  9366  9374  9375
  9374  O     70.83000000   68.19000000  119.46000000    11  9373
  9375  N     68.97000000   68.67000000  118.28000000     7  9373  9376  9377
  9376  HN    67.97000000   68.77000000  118.24000000    10  9375
  9377  CA    69.67000000   68.73000000  116.99000000     8  9375  9378  9379  9388
  9378  H     70.49000000   68.02000000  117.02000000    12  9377
  9379  C     68.76000000   68.28000000  115.80000000   153  9377  9380  9381  9382
  9380  H     69.44000000   68.07000000  114.93000000   154  9379
  9381  H     68.28000000   67.32000000  116.07000000   154  9379
  9382  C     67.67000000   69.27000000  115.29000000   155  9379  9383  9384  9385
  9383  H     66.90000000   69.41000000  116.07000000   156  9382
  9384  H     68.11000000   70.26000000  115.06000000   156  9382
  9385  C     66.97000000   68.76000000  114.04000000   157  9382  9386  9387
  9386  O     66.42000000   67.63000000  114.05000000   158  9385
  9387  O     66.91000000   69.51000000  113.02000000   158  9385
  9388  C     70.28000000   70.09000000  116.72000000     9  9377  9389  9390
  9389  O     71.00000000   70.28000000  115.73000000    11  9388
  9390  N     70.07000000   71.07000000  117.63000000     7  9388  9391  9392
  9391  HN    69.49000000   70.88000000  118.41000000    10  9390
  9392  CA    70.51000000   72.45000000  117.47000000     8  9390  9393  9394  9403
  9393  H     70.06000000   72.79000000  116.55000000    12  9392
  9394  C     69.97000000   73.38000000  118.58000000   153  9392  9395  9396  9397
  9395  H     70.23000000   74.44000000  118.31000000   154  9394
  9396  H     68.86000000   73.32000000  118.56000000   154  9394
  9397  C     70.44000000   73.07000000  120.03000000   155  9394  9398  9399  9400
  9398  H     69.56000000   72.76000000  120.64000000   156  9397
  9399  H     71.17000000   72.24000000  120.06000000   156  9397
  9400  C     71.09000000   74.27000000  120.72000000   157  9397  9401  9402
  9401  O     72.17000000   74.71000000  120.25000000   158  9400
  9402  O     70.54000000   74.75000000  121.75000000   158  9400
  9403  C     72.01000000   72.64000000  117.28000000     9  9392  9404  9405
  9404  O     72.43000000   73.43000000  116.43000000    11  9403
  9405  N     72.88000000   71.94000000  118.03000000     7  9403  9406  9407
  9406  HN    72.55000000   71.31000000  118.73000000    10  9405
  9407  CA    74.32000000   72.01000000  117.83000000     8  9405  9408  9409  9418
  9408  H     74.61000000   73.05000000  117.87000000    12  9407
  9409  C     75.08000000   71.26000000  118.97000000   153  9407  9410  9411  9412
  9410  H     74.62000000   70.25000000  119.07000000   154  9409
  9411  H     76.14000000   71.09000000  118.69000000   154  9409
  9412  C     75.01000000   71.96000000  120.36000000   155  9409  9413  9414  9415
  9413  H     74.13000000   72.64000000  120.42000000   156  9412
  9414  H     74.87000000   71.18000000  121.14000000   156  9412
  9415  C     76.25000000   72.74000000  120.77000000   157  9412  9416  9417
  9416  O     77.39000000   72.32000000  120.41000000   158  9415
  9417  O     76.13000000   73.77000000  121.47000000   158  9415
  9418  C     74.77000000   71.50000000  116.46000000     9  9407  9419  9420
  9419  O     75.45000000   72.21000000  115.73000000    11  9418
  9420  N     74.36000000   70.28000000  116.05000000     7  9418  9421  9422
  9421  HN    73.79000000   69.71000000  116.65000000    10  9420
  9422  CA    74.74000000   69.71000000  114.75000000     8  9420  9423  9424  9437
  9423  H     75.81000000   69.85000000  114.67000000    12  9422
  9424  C     74.56000000   68.18000000  114.67000000    25  9422  9425  9426  9430
  9425  H     73.48000000   67.93000000  114.80000000    26  9424
  9426  C     75.03000000   67.66000000  113.29000000    29  9424  9427  9428  9429
  9427  H     74.91000000   66.56000000  113.22000000    30  9426
  9428  H     74.45000000   68.09000000  112.45000000    30  9426
  9429  H     76.10000000   67.90000000  113.15000000    30  9426
  9430  C     75.37000000   67.48000000  115.79000000    27  9424  9431  9432  9433
  9431  H     76.44000000   67.78000000  115.70000000    28  9430
  9432  H     75.02000000   67.83000000  116.78000000    28  9430
  9433  C     75.29000000   65.95000000  115.77000000    31  9430  9434  9435  9436
  9434  H     75.75000000   65.52000000  116.69000000    32  9433
  9435  H     74.24000000   65.60000000  115.71000000    32  9433
  9436  H     75.84000000   65.53000000  114.89000000    32  9433
  9437  C     74.17000000   70.45000000  113.54000000     9  9422  9438  9439
  9438  O     74.89000000   70.71000000  112.58000000    11  9437
  9439  N     72.87000000   70.85000000  113.56000000     7  9437  9440  9441
  9440  HN    72.28000000   70.67000000  114.35000000    10  9439
  9441  CA    72.29000000   71.62000000  112.45000000     8  9439  9442  9443  9461
  9442  H     72.46000000   71.06000000  111.55000000    12  9441
  9443  C     70.74000000   71.80000000  112.57000000   202  9441  9444  9445  9446
  9444  H     70.34000000   72.27000000  111.64000000   203  9443
  9445  H     70.31000000   70.78000000  112.60000000   203  9443
  9446  C     70.20000000   72.56000000  113.81000000   204  9443  9447  9448  9449
  9447  H     69.38000000   71.93000000  114.22000000   205  9446
  9448  H     70.99000000   72.60000000  114.58000000   205  9446
  9449  C     69.65000000   73.98000000  113.55000000   206  9446  9450  9451  9452
  9450  H     70.48000000   74.68000000  113.31000000   207  9449
  9451  H     68.94000000   73.98000000  112.69000000   207  9449
  9452  N     68.95000000   74.46000000  114.80000000   208  9449  9453  9454
  9453  HN    69.40000000   75.15000000  115.37000000   209  9452
  9454  C     67.73000000   74.08000000  115.17000000   210  9452  9455  9458
  9455  N     67.00000000   73.24000000  114.47000000   211  9454  9456  9457
  9456  HN    67.34000000   72.84000000  113.61000000   212  9455
  9457  HN    66.09000000   72.96000000  114.81000000   212  9455
  9458  N     67.18000000   74.52000000  116.28000000   211  9454  9459  9460
  9459  HN    67.62000000   75.15000000  116.91000000   212  9458
  9460  HN    66.27000000   74.17000000  116.52000000   212  9458
  9461  C     72.96000000   72.96000000  112.21000000     9  9441  9462  9463
  9462  O     73.22000000   73.36000000  111.08000000    11  9461
  9463  N     73.29000000   73.68000000  113.30000000     7  9461  9464  9465
  9464  HN    73.08000000   73.35000000  114.22000000    10  9463
  9465  CA    73.94000000   74.96000000  113.20000000     8  9463  9466  9467  9476
  9466  H     73.53000000   75.49000000  112.35000000    12  9465
  9467  C     73.60000000   75.74000000  114.49000000   153  9465  9468  9469  9470
  9468  H     72.50000000   75.61000000  114.68000000   154  9467
  9469  H     74.13000000   75.28000000  115.35000000   154  9467
  9470  C     73.87000000   77.26000000  114.46000000   155  9467  9471  9472  9473
  9471  H     73.59000000   77.70000000  115.44000000   156  9470
  9472  H     74.95000000   77.44000000  114.29000000   156  9470
  9473  C     73.09000000   78.04000000  113.42000000   157  9470  9474  9475
  9474  O     72.27000000   77.49000000  112.64000000   158  9473
  9475  O     73.37000000   79.26000000  113.32000000   158  9473
  9476  C     75.44000000   74.83000000  112.95000000     9  9465  9477  9478
  9477  O     76.06000000   75.64000000  112.27000000    11  9476
  9478  N     76.09000000   73.74000000  113.43000000     7  9476  9479  9480
  9479  HN    75.63000000   73.12000000  114.08000000    10  9478
  9480  CA    77.45000000   73.37000000  113.08000000     8  9478  9481  9482  9486
  9481  H     78.08000000   74.21000000  113.31000000    12  9480
  9482  C     77.93000000   72.16000000  113.91000000    13  9480  9483  9484  9485
  9483  H     78.99000000   71.92000000  113.67000000    14  9482
  9484  H     77.88000000   72.41000000  114.99000000    14  9482
  9485  H     77.30000000   71.27000000  113.73000000    14  9482
  9486  C     77.65000000   73.07000000  111.60000000     9  9480  9487  9488
  9487  O     78.66000000   73.46000000  111.01000000    11  9486
  9488  N     76.68000000   72.41000000  110.92000000     7  9486  9489  9490
  9489  HN    75.89000000   72.06000000  111.43000000    10  9488
  9490  CA    76.72000000   72.11000000  109.49000000     8  9488  9491  9492  9506
  9491  H     77.58000000   71.48000000  109.31000000    12  9490
  9492  C     75.42000000   71.35000000  109.11000000    61  9490  9493  9494  9495
  9493  H     75.35000000   70.43000000  109.74000000    62  9492
  9494  H     74.53000000   71.97000000  109.33000000    62  9492
  9495  C     75.36000000   70.94000000  107.66000000    63  9492  9496  9502
  9496  C     75.88000000   69.70000000  107.26000000    64  9495  9497  9498
  9497  H     76.33000000   69.06000000  108.00000000    65  9496
  9498  C     75.83000000   69.29000000  105.93000000    66  9496  9499  9500
  9499  H     76.25000000   68.34000000  105.63000000    67  9498
  9500  C     75.25000000   70.13000000  104.97000000    68  9498  9501  9504
  9501  H     75.24000000   69.81000000  103.94000000    69  9500
  9502  C     74.77000000   71.76000000  106.69000000    64  9495  9503  9504
  9503  H     74.37000000   72.72000000  106.98000000    65  9502
  9504  C     74.72000000   71.37000000  105.35000000    66  9500  9502  9505
  9505  H     74.29000000   72.02000000  104.60000000    67  9504
  9506  C     76.91000000   73.37000000  108.63000000     9  9490  9507  9508
  9507  O     77.67000000   73.40000000  107.65000000    11  9506
  9508  N     76.26000000   74.47000000  109.04000000     7  9506  9509  9510
  9509  HN    75.70000000   74.41000000  109.86000000    10  9508
  9510  CA    76.30000000   75.76000000  108.38000000     8  9508  9511  9512  9530
  9511  H     76.07000000   75.60000000  107.33000000    12  9510
  9512  C     75.20000000   76.68000000  108.97000000   202  9510  9513  9514  9515
  9513  H     75.31000000   76.65000000  110.07000000   203  9512
  9514  H     75.37000000   77.73000000  108.64000000   203  9512
  9515  C     73.76000000   76.28000000  108.59000000   204  9512  9516  9517  9518
  9516  H     73.62000000   76.38000000  107.49000000   205  9515
  9517  H     73.60000000   75.21000000  108.85000000   205  9515
  9518  C     72.67000000   77.09000000  109.32000000   206  9515  9519  9520  9521
  9519  H     71.65000000   76.76000000  109.00000000   207  9518
  9520  H     72.78000000   76.94000000  110.42000000   207  9518
  9521  N     72.86000000   78.54000000  108.97000000   208  9518  9522  9523
  9522  HN    73.28000000   78.76000000  108.09000000   209  9521
  9523  C     72.34000000   79.56000000  109.63000000   210  9521  9524  9527
  9524  N     71.70000000   79.44000000  110.77000000   211  9523  9525  9526
  9525  HN    71.86000000   78.62000000  111.34000000   212  9524
  9526  HN    71.51000000   80.27000000  111.31000000   212  9524
  9527  N     72.49000000   80.77000000  109.13000000   211  9523  9528  9529
  9528  HN    73.08000000   80.92000000  108.33000000   212  9527
  9529  HN    72.12000000   81.57000000  109.61000000   212  9527
  9530  C     77.64000000   76.49000000  108.40000000     9  9510  9531  9532
  9531  O     77.83000000   77.45000000  107.65000000    11  9530
  9532  N     78.64000000   76.08000000  109.21000000     7  9530  9533  9534
  9533  HN    78.51000000   75.32000000  109.86000000    10  9532
  9534  CA    79.97000000   76.66000000  109.10000000     8  9532  9535  9536  9546
  9535  H     79.86000000   77.73000000  108.97000000    12  9534
  9536  C     80.85000000   76.46000000  110.34000000    15  9534  9537  9538  9542
  9537  H     81.70000000   77.19000000  110.29000000    16  9536
  9538  C     80.04000000   76.79000000  111.60000000    17  9536  9539  9540  9541
  9539  H     80.72000000   76.80000000  112.49000000    18  9538
  9540  H     79.55000000   77.78000000  111.51000000    18  9538
  9541  H     79.26000000   76.02000000  111.79000000    18  9538
  9542  C     81.45000000   75.05000000  110.45000000    17  9536  9543  9544  9545
  9543  H     81.93000000   74.91000000  111.44000000    18  9542
  9544  H     80.67000000   74.28000000  110.34000000    18  9542
  9545  H     82.21000000   74.87000000  109.66000000    18  9542
  9546  C     80.70000000   76.14000000  107.88000000     9  9534  9547  9548
  9547  O     81.56000000   76.82000000  107.31000000    11  9546
  9548  N     80.34000000   74.92000000  107.43000000     7  9546  9549  9550
  9549  HN    79.60000000   74.43000000  107.89000000    10  9548
  9550  CA    80.98000000   74.22000000  106.34000000     8  9548  9551  9552  9566
  9551  H     81.97000000   74.62000000  106.19000000    12  9550
  9552  C     81.10000000   72.70000000  106.64000000    61  9550  9553  9554  9555
  9553  H     80.09000000   72.27000000  106.82000000    62  9552
  9554  H     81.57000000   72.16000000  105.80000000    62  9552
  9555  C     81.95000000   72.47000000  107.86000000    63  9552  9556  9562
  9556  C     83.32000000   72.78000000  107.82000000    64  9555  9557  9558
  9557  H     83.76000000   73.18000000  106.92000000    65  9556
  9558  C     84.13000000   72.57000000  108.95000000    66  9556  9559  9560
  9559  H     85.19000000   72.80000000  108.91000000    67  9558
  9560  C     83.57000000   72.04000000  110.12000000    68  9558  9561  9564
  9561  H     84.19000000   71.87000000  110.99000000    69  9560
  9562  C     81.41000000   71.92000000  109.03000000    64  9555  9563  9564
  9563  H     80.36000000   71.67000000  109.07000000    65  9562
  9564  C     82.21000000   71.72000000  110.16000000    66  9560  9562  9565
  9565  H     81.77000000   71.31000000  111.05000000    67  9564
  9566  C     80.24000000   74.42000000  105.04000000     9  9550  9567  9568
  9567  O     80.86000000   74.77000000  104.04000000    11  9566
  9568  N     78.90000000   74.27000000  105.02000000     7  9566  9569  9570
  9569  HN    78.39000000   73.97000000  105.82000000    10  9568
  9570  CA    78.14000000   74.56000000  103.81000000     8  9568  9571  9572  9578
  9571  H     78.74000000   74.28000000  102.95000000    12  9570
  9572  C     76.84000000   73.72000000  103.73000000   137  9570  9573  9574  9575
  9573  H     77.10000000   72.65000000  103.64000000   138  9572
  9574  H     76.25000000   73.85000000  104.66000000   138  9572
  9575  C     75.99000000   74.10000000  102.53000000   139  9572  9576  9577
  9576  O     76.58000000   74.40000000  101.45000000   140  9575
  9577  O     74.74000000   74.07000000  102.63000000   140  9575
  9578  C     77.89000000   76.07000000  103.69000000     9  9570  9579  9580
  9579  O     76.92000000   76.63000000  104.21000000    11  9578
  9580  N     78.81000000   76.75000000  102.99000000     7  9578  9581  9582
  9581  HN    79.57000000   76.23000000  102.60000000    10  9580
  9582  CA    78.82000000   78.16000000  102.70000000     8  9580  9583  9584  9600
  9583  H     78.71000000   78.69000000  103.64000000    12  9582
  9584  C     80.17000000   78.55000000  102.05000000   182  9582  9585  9586  9587
  9585  H     80.18000000   78.17000000  101.00000000   183  9584
  9586  H     80.24000000   79.66000000  102.00000000   183  9584
  9587  C     81.41000000   77.97000000  102.76000000   184  9584  9588  9589  9590
  9588  H     81.41000000   76.86000000  102.65000000   185  9587
  9589  H     82.31000000   78.32000000  102.21000000   185  9587
  9590  C     81.58000000   78.31000000  104.26000000   186  9587  9591  9592  9593
  9591  H     80.73000000   77.87000000  104.83000000   187  9590
  9592  H     82.50000000   77.78000000  104.59000000   187  9590
  9593  C     81.70000000   79.80000000  104.58000000   188  9590  9594  9595  9596
  9594  H     82.42000000   80.29000000  103.89000000   189  9593
  9595  H     80.72000000   80.31000000  104.49000000   189  9593
  9596  N     82.21000000   80.01000000  105.96000000   190  9593  9597  9598  9599
  9597  HN    82.45000000   81.03000000  106.08000000   191  9596
  9598  HN    81.52000000   79.72000000  106.67000000   191  9596
  9599  HN    83.11000000   79.50000000  106.13000000   191  9596
  9600  C     77.63000000   78.58000000  101.83000000     9  9582  9601  9602
  9601  O     77.01000000   79.60000000  102.07000000    11  9600
  9602  N     77.25000000   77.75000000  100.82000000     7  9600  9603  9604
  9603  HN    77.81000000   76.93000000  100.64000000    10  9602
  9604  CA    76.13000000   78.02000000   99.94000000     8  9602  9605  9606  9612
  9605  H     76.36000000   78.89000000   99.33000000    12  9604
  9606  C     75.80000000   76.78000000   99.06000000   137  9604  9607  9608  9609
  9607  H     75.66000000   75.90000000   99.72000000   138  9606
  9608  H     74.86000000   76.95000000   98.50000000   138  9606
  9609  C     76.81000000   76.43000000   98.00000000   139  9606  9610  9611
  9610  O     77.06000000   77.25000000   97.09000000   140  9609
  9611  O     77.23000000   75.24000000   98.00000000   140  9609
  9612  C     74.80000000   78.26000000  100.66000000     9  9604  9613  9614
  9613  O     74.03000000   79.16000000  100.30000000    11  9612
  9614  N     74.50000000   77.40000000  101.66000000     1  9612  9615  9616
  9615  HN    75.20000000   76.77000000  101.97000000     4  9614
  9616  CA    73.15000000   77.22000000  102.19000000     2  9614  9617  9618  9619
  9617  H     73.24000000   76.81000000  103.19000000     6  9616
  9618  H     72.62000000   78.16000000  102.19000000     6  9616
  9619  C     72.36000000   76.23000000  101.38000000     3  9616  9620  9621
  9620  O     71.13000000   76.28000000  101.32000000     5  9619
  9621  N     73.03000000   75.28000000  100.70000000     7  9619  9622  9623
  9622  HN    74.01000000   75.14000000  100.88000000    10  9621
  9623  CA    72.39000000   74.41000000   99.74000000     8  9621  9624  9625  9633
  9624  H     71.40000000   74.80000000   99.51000000    12  9623
  9625  C     73.16000000   74.38000000   98.39000000   147  9623  9626  9627  9628
  9626  H     72.44000000   74.00000000   97.63000000   148  9625
  9627  H     73.42000000   75.41000000   98.11000000   148  9625
  9628  C     74.44000000   73.53000000   98.34000000   149  9625  9629  9630
  9629  O     75.31000000   73.52000000   99.21000000   150  9628
  9630  N     74.56000000   72.77000000   97.24000000   151  9628  9631  9632
  9631  HN    73.80000000   72.72000000   96.58000000   152  9630
  9632  HN    75.37000000   72.19000000   97.12000000   152  9630
  9633  C     72.16000000   73.00000000  100.28000000     9  9623  9634  9635
  9634  O     71.49000000   72.20000000   99.64000000    11  9633
  9635  N     72.67000000   72.68000000  101.49000000     1  9633  9636  9637
  9636  HN    73.33000000   73.31000000  101.94000000     4  9635
  9637  CA    72.43000000   71.40000000  102.14000000     2  9635  9638  9639  9640
  9638  H     72.44000000   71.56000000  103.21000000     6  9637
  9639  H     71.49000000   70.97000000  101.81000000     6  9637
  9640  C     73.49000000   70.38000000  101.85000000     3  9637  9641  9642
  9641  O     73.41000000   69.23000000  102.27000000     5  9640
  9642  N     74.55000000   70.80000000  101.12000000     7  9640  9643  9644
  9643  HN    74.58000000   71.75000000  100.82000000    10  9642
  9644  CA    75.65000000   69.95000000  100.73000000     8  9642  9645  9646  9661
  9645  H     75.66000000   69.06000000  101.34000000    12  9644
  9646  C     75.59000000   69.56000000   99.23000000    70  9644  9647  9648  9649
  9647  H     75.44000000   70.46000000   98.61000000    71  9646
  9648  H     76.53000000   69.06000000   98.90000000    71  9646
  9649  C     74.45000000   68.60000000   98.97000000    72  9646  9650  9657
  9650  C     73.18000000   69.07000000   98.59000000    73  9649  9651  9652
  9651  H     73.00000000   70.13000000   98.51000000    74  9650
  9652  C     72.13000000   68.17000000   98.34000000    75  9650  9653  9654
  9653  H     71.15000000   68.53000000   98.07000000    76  9652
  9654  C     72.36000000   66.79000000   98.44000000    77  9652  9655  9659
  9655  OH    71.32000000   65.86000000   98.22000000    78  9654  9656
  9656  HO    71.61000000   65.02000000   98.58000000    79  9655
  9657  C     74.67000000   67.22000000   99.04000000    73  9649  9658  9659
  9658  H     75.64000000   66.84000000   99.31000000    74  9657
  9659  C     73.63000000   66.32000000   98.78000000    75  9654  9657  9660
  9660  H     73.80000000   65.26000000   98.83000000    76  9659
  9661  C     76.96000000   70.66000000  101.00000000     9  9644  9662  9663
  9662  O     77.21000000   71.77000000  100.50000000    11  9661
  9663  N     77.85000000   70.03000000  101.78000000     7  9661  9664  9665
  9664  HN    77.62000000   69.14000000  102.20000000    10  9663
  9665  CA    79.22000000   70.46000000  101.98000000     8  9663  9666  9667  9680
  9666  H     79.27000000   71.54000000  101.92000000    12  9665
  9667  C     79.82000000   70.02000000  103.32000000    25  9665  9668  9669  9673
  9668  H     79.81000000   68.90000000  103.35000000    26  9667
  9669  C     81.28000000   70.50000000  103.45000000    29  9667  9670  9671  9672
  9670  H     81.71000000   70.22000000  104.43000000    30  9669
  9671  H     81.93000000   70.06000000  102.67000000    30  9669
  9672  H     81.33000000   71.61000000  103.35000000    30  9669
  9673  C     78.97000000   70.48000000  104.53000000    27  9667  9674  9675  9676
  9674  H     79.13000000   71.57000000  104.68000000    28  9673
  9675  H     77.89000000   70.33000000  104.31000000    28  9673
  9676  C     79.29000000   69.72000000  105.82000000    31  9673  9677  9678  9679
  9677  H     78.66000000   70.09000000  106.66000000    32  9676
  9678  H     79.08000000   68.63000000  105.69000000    32  9676
  9679  H     80.36000000   69.83000000  106.11000000    32  9676
  9680  C     80.06000000   69.88000000  100.85000000     9  9665  9681  9682
  9681  O     80.12000000   68.66000000  100.67000000    11  9680
  9682  N     80.72000000   70.74000000  100.07000000     7  9680  9683  9684
  9683  HN    80.58000000   71.73000000  100.16000000    10  9682
  9684  CA    81.69000000   70.31000000   99.08000000     8  9682  9685  9686  9691
  9685  H     81.47000000   69.30000000   98.77000000    12  9684
  9686  C     81.65000000   71.19000000   97.80000000    33  9684  9687  9688  9689
  9687  H     82.26000000   70.73000000   97.00000000    34  9686
  9688  H     80.60000000   71.20000000   97.43000000    34  9686
  9689  OH    82.08000000   72.53000000   98.03000000    35  9686  9690
  9690  HO    81.42000000   73.10000000   97.57000000    36  9689
  9691  C     83.10000000   70.32000000   99.66000000     9  9684  9692  9693
  9692  O     83.39000000   70.94000000  100.68000000    11  9691
  9693  N     84.03000000   69.60000000   99.00000000     7  9691  9694  9695
  9694  HN    83.78000000   69.05000000   98.20000000    10  9693
  9695  CA    85.43000000   69.61000000   99.35000000     8  9693  9696  9697  9701
  9696  H     85.52000000   69.32000000  100.39000000    12  9695
  9697  C     86.19000000   68.61000000   98.47000000    13  9695  9698  9699  9700
  9698  H     87.26000000   68.57000000   98.74000000    14  9697
  9699  H     85.76000000   67.60000000   98.58000000    14  9697
  9700  H     86.10000000   68.90000000   97.40000000    14  9697
  9701  C     86.07000000   70.99000000   99.23000000     9  9695  9702  9703
  9702  O     86.83000000   71.41000000  100.10000000    11  9701
  9703  N     85.74000000   71.76000000   98.18000000     7  9701  9704  9705
  9704  HN    85.16000000   71.39000000   97.44000000    10  9703
  9705  CA    86.16000000   73.14000000   98.03000000     8  9703  9706  9707  9711
  9706  H     87.24000000   73.15000000   98.05000000    12  9705
  9707  C     85.69000000   73.68000000   96.67000000    13  9705  9708  9709  9710
  9708  H     86.13000000   74.67000000   96.45000000    14  9707
  9709  H     86.01000000   72.98000000   95.87000000    14  9707
  9710  H     84.58000000   73.75000000   96.64000000    14  9707
  9711  C     85.67000000   74.07000000   99.14000000     9  9705  9712  9713
  9712  O     86.42000000   74.92000000   99.62000000    11  9711
  9713  N     84.40000000   73.91000000   99.59000000     7  9711  9714  9715
  9714  HN    83.77000000   73.26000000   99.14000000    10  9713
  9715  CA    83.88000000   74.61000000  100.75000000     8  9713  9716  9717  9726
  9716  H     84.00000000   75.67000000  100.59000000    12  9715
  9717  C     82.36000000   74.33000000  100.98000000   153  9715  9718  9719  9720
  9718  H     82.20000000   73.23000000  100.88000000   154  9717
  9719  H     82.09000000   74.61000000  102.02000000   154  9717
  9720  C     81.39000000   75.08000000  100.04000000   155  9717  9721  9722  9723
  9721  H     81.46000000   76.17000000  100.20000000   156  9720
  9722  H     81.66000000   74.88000000   98.98000000   156  9720
  9723  C     79.95000000   74.65000000  100.23000000   157  9720  9724  9725
  9724  O     79.63000000   73.44000000  100.29000000   158  9723
  9725  O     79.01000000   75.49000000  100.27000000   158  9723
  9726  C     84.65000000   74.29000000  102.03000000     9  9715  9727  9728
  9727  O     85.09000000   75.19000000  102.75000000    11  9726
  9728  N     84.91000000   72.99000000  102.30000000     7  9726  9729  9730
  9729  HN    84.52000000   72.28000000  101.71000000    10  9728
  9730  CA    85.74000000   72.56000000  103.41000000     8  9728  9731  9732  9745
  9731  H     85.32000000   73.01000000  104.30000000    12  9730
  9732  C     85.71000000   71.02000000  103.58000000    19  9730  9733  9734  9735
  9733  H     84.64000000   70.70000000  103.63000000    20  9732
  9734  H     86.14000000   70.55000000  102.67000000    20  9732
  9735  C     86.43000000   70.48000000  104.83000000    21  9732  9736  9737  9741
  9736  H     87.50000000   70.80000000  104.80000000    22  9735
  9737  C     85.81000000   71.01000000  106.14000000    23  9735  9738  9739  9740
  9738  H     86.32000000   70.55000000  107.01000000    24  9737
  9739  H     85.92000000   72.11000000  106.21000000    24  9737
  9740  H     84.74000000   70.74000000  106.18000000    24  9737
  9741  C     86.41000000   68.95000000  104.86000000    23  9735  9742  9743  9744
  9742  H     86.96000000   68.56000000  105.74000000    24  9741
  9743  H     85.37000000   68.57000000  104.90000000    24  9741
  9744  H     86.90000000   68.54000000  103.95000000    24  9741
  9745  C     87.18000000   73.07000000  103.31000000     9  9730  9746  9747
  9746  O     87.75000000   73.57000000  104.28000000    11  9745
  9747  N     87.78000000   73.01000000  102.11000000     7  9745  9748  9749
  9748  HN    87.31000000   72.54000000  101.35000000    10  9747
  9749  CA    89.10000000   73.53000000  101.80000000     8  9747  9750  9751  9769
  9750  H     89.78000000   73.03000000  102.48000000    12  9749
  9751  C     89.52000000   73.18000000  100.35000000   202  9749  9752  9753  9754
  9752  H     89.49000000   72.07000000  100.23000000   203  9751
  9753  H     88.74000000   73.59000000   99.67000000   203  9751
  9754  C     90.89000000   73.69000000   99.84000000   204  9751  9755  9756  9757
  9755  H     90.94000000   73.42000000   98.76000000   205  9754
  9756  H     90.94000000   74.80000000   99.87000000   205  9754
  9757  C     92.16000000   73.07000000  100.47000000   206  9754  9758  9759  9760
  9758  H     92.07000000   71.96000000  100.53000000   207  9757
  9759  H     93.05000000   73.35000000   99.86000000   207  9757
  9760  N     92.31000000   73.67000000  101.83000000   208  9757  9761  9762
  9761  HN    91.63000000   74.33000000  102.15000000   209  9760
  9762  C     93.15000000   73.22000000  102.76000000   210  9760  9763  9766
  9763  N     94.06000000   72.30000000  102.57000000   211  9762  9764  9765
  9764  HN    94.31000000   72.07000000  101.61000000   212  9763
  9765  HN    94.66000000   72.03000000  103.32000000   212  9763
  9766  N     93.05000000   73.80000000  103.94000000   211  9762  9767  9768
  9767  HN    92.68000000   74.72000000  103.93000000   212  9766
  9768  HN    93.75000000   73.60000000  104.63000000   212  9766
  9769  C     89.23000000   75.02000000  102.09000000     9  9749  9770  9771
  9770  O     90.25000000   75.45000000  102.64000000    11  9769
  9771  N     88.20000000   75.84000000  101.78000000     7  9769  9772  9773
  9772  HN    87.41000000   75.49000000  101.27000000    10  9771
  9773  CA    88.15000000   77.21000000  102.30000000     8  9771  9774  9775  9786
  9774  H     89.07000000   77.68000000  102.00000000    12  9773
  9775  C     86.98000000   78.08000000  101.74000000   127  9773  9776  9777  9779
  9776  H     87.13000000   78.23000000  100.66000000   128  9775
  9777  H     86.02000000   77.52000000  101.86000000   128  9775
  9778  N     86.02000000   79.56000000  103.55000000   130  9779  9780
  9779  C     86.83000000   79.43000000  102.42000000   129  9775  9778  9784
  9780  C     86.06000000   80.84000000  103.87000000   133  9778  9781  9782
  9781  H     85.51000000   81.30000000  104.70000000   134  9780
  9782  N     86.83000000   81.55000000  103.01000000   135  9780  9783  9784
  9783  HN    86.92000000   82.55000000  102.97000000   136  9782
  9784  C     87.32000000   80.65000000  102.08000000   131  9779  9782  9785
  9785  H     87.97000000   80.93000000  101.26000000   132  9784
  9786  C     88.11000000   77.30000000  103.81000000     9  9773  9787  9788
  9787  O     88.89000000   78.05000000  104.38000000    11  9786
  9788  N     87.22000000   76.55000000  104.49000000     7  9786  9789  9790
  9789  HN    86.59000000   75.95000000  103.99000000    10  9788
  9790  CA    87.02000000   76.66000000  105.93000000     8  9788  9791  9792  9802
  9791  H     86.78000000   77.69000000  106.15000000    12  9790
  9792  C     85.82000000   75.82000000  106.37000000    15  9790  9793  9794  9798
  9793  H     85.91000000   74.78000000  105.97000000    16  9792
  9794  C     85.70000000   75.75000000  107.91000000    17  9792  9795  9796  9797
  9795  H     84.74000000   75.27000000  108.17000000    18  9794
  9796  H     86.52000000   75.14000000  108.36000000    18  9794
  9797  H     85.72000000   76.77000000  108.35000000    18  9794
  9798  C     84.55000000   76.47000000  105.81000000    17  9792  9799  9800  9801
  9799  H     83.66000000   75.87000000  106.08000000    18  9798
  9800  H     84.43000000   77.49000000  106.23000000    18  9798
  9801  H     84.58000000   76.55000000  104.70000000    18  9798
  9802  C     88.25000000   76.32000000  106.75000000     9  9790  9803  9804
  9803  O     88.66000000   77.08000000  107.63000000    11  9802
  9804  N     88.93000000   75.21000000  106.40000000     7  9802  9805  9806
  9805  HN    88.58000000   74.61000000  105.68000000    10  9804
  9806  CA    90.11000000   74.77000000  107.13000000     8  9804  9807  9808  9819
  9807  H     89.91000000   74.88000000  108.19000000    12  9806
  9808  C     90.41000000   73.27000000  106.85000000   175  9806  9809  9810  9811
  9809  H     90.74000000   73.15000000  105.79000000   176  9808
  9810  H     91.24000000   72.93000000  107.51000000   176  9808
  9811  C     89.19000000   72.33000000  107.05000000   177  9808  9812  9813  9814
  9812  H     88.44000000   72.55000000  106.27000000   178  9811
  9813  H     89.51000000   71.28000000  106.87000000   178  9811
  9814  S     88.36000000   72.45000000  108.66000000   179  9811  9815
  9815  C     89.44000000   71.33000000  109.59000000   180  9814  9816  9817  9818
  9816  H     89.17000000   71.30000000  110.66000000   181  9815
  9817  H     89.36000000   70.29000000  109.19000000   181  9815
  9818  H     90.51000000   71.64000000  109.52000000   181  9815
  9819  C     91.32000000   75.64000000  106.82000000     9  9806  9820  9821
  9820  O     92.28000000   75.70000000  107.57000000    11  9819
  9821  N     91.29000000   76.37000000  105.69000000     7  9819  9822  9823
  9822  HN    90.53000000   76.26000000  105.05000000    10  9821
  9823  CA    92.26000000   77.44000000  105.40000000     8  9821  9824  9825  9833
  9824  H     93.24000000   77.13000000  105.74000000    12  9823
  9825  C     92.33000000   77.72000000  103.90000000    37  9823  9826  9827  9829
  9826  H     91.31000000   77.88000000  103.49000000    38  9825
  9827  OH    92.91000000   76.62000000  103.23000000    39  9825  9828
  9828  HO    92.62000000   76.72000000  102.31000000    40  9827
  9829  C     93.21000000   78.94000000  103.57000000    41  9825  9830  9831  9832
  9830  H     93.37000000   79.02000000  102.47000000    42  9829
  9831  H     92.73000000   79.89000000  103.90000000    42  9829
  9832  H     94.20000000   78.86000000  104.06000000    42  9829
  9833  C     91.93000000   78.73000000  106.14000000     9  9823  9834  9835
  9834  O     92.80000000   79.37000000  106.73000000    11  9833
  9835  N     90.65000000   79.16000000  106.12000000     7  9833  9836  9837
  9836  HN    89.97000000   78.59000000  105.65000000    10  9835
  9837  CA    90.13000000   80.39000000  106.69000000     8  9835  9838  9839  9847
  9838  H     90.70000000   81.20000000  106.26000000    12  9837
  9839  C     88.64000000   80.53000000  106.26000000   147  9837  9840  9841  9842
  9840  H     88.57000000   80.56000000  105.15000000   148  9839
  9841  H     88.09000000   79.63000000  106.60000000   148  9839
  9842  C     87.87000000   81.74000000  106.81000000   149  9839  9843  9844
  9843  O     86.92000000   81.57000000  107.58000000   150  9842
  9844  N     88.25000000   82.97000000  106.40000000   151  9842  9845  9846
  9845  HN    89.03000000   83.10000000  105.80000000   152  9844
  9846  HN    87.74000000   83.77000000  106.75000000   152  9844
  9847  C     90.32000000   80.50000000  108.20000000     9  9837  9848  9849
  9848  O     90.71000000   81.55000000  108.72000000    11  9847
  9849  N     90.04000000   79.41000000  108.94000000     7  9847  9850  9851
  9850  HN    89.66000000   78.59000000  108.52000000    10  9849
  9851  CA    90.21000000   79.39000000  110.38000000     8  9849  9852  9853  9866
  9852  H     89.99000000   80.38000000  110.77000000    12  9851
  9853  C     89.21000000   78.40000000  111.00000000    19  9851  9854  9855  9856
  9854  H     89.42000000   77.37000000  110.62000000    20  9853
  9855  H     89.32000000   78.37000000  112.10000000    20  9853
  9856  C     87.73000000   78.74000000  110.70000000    21  9853  9857  9858  9862
  9857  H     87.57000000   78.69000000  109.59000000    22  9856
  9858  C     86.81000000   77.70000000  111.33000000    23  9856  9859  9860  9861
  9859  H     85.75000000   77.89000000  111.07000000    24  9858
  9860  H     87.07000000   76.68000000  110.98000000    24  9858
  9861  H     86.90000000   77.72000000  112.44000000    24  9858
  9862  C     87.33000000   80.15000000  111.18000000    23  9856  9863  9864  9865
  9863  H     86.25000000   80.33000000  110.97000000    24  9862
  9864  H     87.49000000   80.25000000  112.27000000    24  9862
  9865  H     87.91000000   80.93000000  110.65000000    24  9862
  9866  C     91.65000000   79.11000000  110.80000000     9  9851  9867  9868
  9867  O     92.11000000   79.59000000  111.84000000    11  9866
  9868  N     92.42000000   78.40000000  109.95000000     1  9866  9869  9870
  9869  HN    92.01000000   78.03000000  109.13000000     4  9868
  9870  CA    93.87000000   78.25000000  110.08000000     2  9868  9871  9872  9873
  9871  H     94.28000000   78.39000000  109.09000000     6  9870
  9872  H     94.26000000   78.97000000  110.78000000     6  9870
  9873  C     94.35000000   76.90000000  110.54000000     3  9870  9874  9875
  9874  O     95.55000000   76.71000000  110.71000000     5  9873
  9875  N     93.44000000   75.93000000  110.73000000     7  9873  9876  9877
  9876  HN    92.47000000   76.17000000  110.84000000    10  9875
  9877  CA    93.67000000   74.49000000  110.82000000     8  9875  9878  9879  9888
  9878  H     94.03000000   74.31000000  111.82000000    12  9877
  9879  C     92.34000000   73.70000000  110.65000000   153  9877  9880  9881  9882
  9880  H     91.79000000   74.17000000  109.81000000   154  9879
  9881  H     92.54000000   72.64000000  110.37000000   154  9879
  9882  C     91.40000000   73.66000000  111.89000000   155  9879  9883  9884  9885
  9883  H     90.35000000   73.52000000  111.57000000   156  9882
  9884  H     91.68000000   72.78000000  112.52000000   156  9882
  9885  C     91.46000000   74.88000000  112.80000000   157  9882  9886  9887
  9886  O     91.14000000   76.00000000  112.32000000   158  9885
  9887  O     91.89000000   74.73000000  113.98000000   158  9885
  9888  C     94.78000000   73.93000000  109.91000000     9  9877  9889  9890
  9889  O     95.09000000   74.45000000  108.84000000    11  9888
  9890  N     95.43000000   72.83000000  110.31000000     7  9888  9891  9892
  9891  HN    95.14000000   72.34000000  111.14000000    10  9890
  9892  CA    96.74000000   72.46000000  109.77000000     8  9890  9893  9894  9910
  9893  H     97.18000000   73.32000000  109.29000000    12  9892
  9894  C     97.68000000   72.11000000  110.95000000   182  9892  9895  9896  9897
  9895  H     97.17000000   71.35000000  111.58000000   183  9894
  9896  H     98.63000000   71.67000000  110.59000000   183  9894
  9897  C     98.04000000   73.36000000  111.79000000   184  9894  9898  9899  9900
  9898  H     99.07000000   73.67000000  111.53000000   185  9897
  9899  H     97.37000000   74.20000000  111.50000000   185  9897
  9900  C     97.90000000   73.16000000  113.31000000   186  9897  9901  9902  9903
  9901  H     98.05000000   74.14000000  113.81000000   187  9900
  9902  H     96.86000000   72.83000000  113.51000000   187  9900
  9903  C     98.88000000   72.13000000  113.89000000   188  9900  9904  9905  9906
  9904  H     98.75000000   71.14000000  113.41000000   189  9903
  9905  H     99.93000000   72.46000000  113.74000000   189  9903
  9906  N     98.66000000   71.97000000  115.34000000   190  9903  9907  9908  9909
  9907  HN    99.25000000   71.17000000  115.69000000   191  9906
  9908  HN    98.91000000   72.86000000  115.83000000   191  9906
  9909  HN    97.66000000   71.76000000  115.55000000   191  9906
  9910  C     96.72000000   71.39000000  108.68000000     9  9892  9911  9912
  9911  O     97.66000000   70.61000000  108.53000000    11  9910
  9912  N     95.63000000   71.31000000  107.89000000     7  9910  9913  9914
  9913  HN    94.91000000   71.97000000  107.99000000    10  9912
  9914  CA    95.37000000   70.21000000  106.98000000     8  9912  9915  9916  9929
  9915  H     95.87000000   69.33000000  107.36000000    12  9914
  9916  C     93.86000000   69.92000000  106.91000000    19  9914  9917  9918  9919
  9917  H     93.33000000   70.80000000  106.47000000    20  9916
  9918  H     93.68000000   69.05000000  106.24000000    20  9916
  9919  C     93.21000000   69.59000000  108.26000000    21  9916  9920  9921  9925
  9920  H     93.27000000   70.49000000  108.93000000    22  9919
  9921  C     91.74000000   69.27000000  108.02000000    23  9919  9922  9923  9924
  9922  H     91.24000000   68.98000000  108.97000000    24  9921
  9923  H     91.22000000   70.14000000  107.59000000    24  9921
  9924  H     91.66000000   68.43000000  107.30000000    24  9921
  9925  C     93.90000000   68.43000000  108.97000000    23  9919  9926  9927  9928
  9926  H     93.36000000   68.16000000  109.90000000    24  9925
  9927  H     93.95000000   67.53000000  108.31000000    24  9925
  9928  H     94.95000000   68.69000000  109.24000000    24  9925
  9929  C     95.85000000   70.36000000  105.53000000     9  9914  9930  9931
  9930  O     95.63000000   71.38000000  104.88000000    11  9929
  9931  N     96.44000000   69.27000000  104.99000000     7  9929  9932  9933
  9932  HN    96.60000000   68.45000000  105.56000000    10  9931
  9933  CA    96.70000000   69.09000000  103.55000000     8  9931  9934  9935  9943
  9934  H     97.20000000   69.99000000  103.23000000    12  9933
  9935  C     97.61000000   67.91000000  103.16000000    37  9933  9936  9937  9939
  9936  H     97.96000000   68.07000000  102.12000000    38  9935
  9937  OH    96.97000000   66.64000000  103.21000000    39  9935  9938
  9938  HO    97.66000000   65.99000000  103.42000000    40  9937
  9939  C     98.84000000   67.85000000  104.08000000    41  9935  9940  9941  9942
  9940  H     99.58000000   67.13000000  103.68000000    42  9939
  9941  H     99.32000000   68.84000000  104.16000000    42  9939
  9942  H     98.55000000   67.50000000  105.09000000    42  9939
  9943  C     95.41000000   69.00000000  102.73000000     9  9933  9944  9945
  9944  O     94.33000000   68.73000000  103.24000000    11  9943
  9945  N     95.51000000   69.25000000  101.41000000     7  9943  9946  9947
  9946  HN    96.35000000   69.59000000  101.01000000    10  9945
  9947  CA    94.41000000   69.09000000  100.47000000     8  9945  9948  9949  9955
  9948  H     93.58000000   69.69000000  100.83000000    12  9947
  9949  C     94.83000000   69.60000000   99.07000000   137  9947  9950  9951  9952
  9950  H     95.65000000   68.97000000   98.68000000   138  9949
  9951  H     93.98000000   69.56000000   98.36000000   138  9949
  9952  C     95.32000000   71.03000000   99.12000000   139  9949  9953  9954
  9953  O     94.92000000   71.80000000  100.03000000   140  9952
  9954  O     96.08000000   71.43000000   98.19000000   140  9952
  9955  C     93.88000000   67.64000000  100.42000000     9  9947  9956  9957
  9956  O     92.67000000   67.42000000  100.39000000    11  9955
  9957  N     94.78000000   66.62000000  100.47000000     7  9955  9958  9959
  9958  HN    95.75000000   66.82000000  100.39000000    10  9957
  9959  CA    94.41000000   65.23000000  100.73000000     8  9957  9960  9961  9970
  9960  H     93.68000000   64.95000000   99.99000000    12  9959
  9961  C     95.60000000   64.24000000  100.62000000   153  9959  9962  9963  9964
  9962  H     96.52000000   64.76000000  100.94000000   154  9961
  9963  H     95.47000000   63.37000000  101.31000000   154  9961
  9964  C     95.80000000   63.63000000   99.21000000   155  9961  9965  9966  9967
  9965  H     95.89000000   64.45000000   98.47000000   156  9964
  9966  H     96.75000000   63.05000000   99.20000000   156  9964
  9967  C     94.69000000   62.67000000   98.79000000   157  9964  9968  9969
  9968  O     94.13000000   62.86000000   97.68000000   158  9967
  9969  O     94.37000000   61.72000000   99.54000000   158  9967
  9970  C     93.71000000   65.01000000  102.07000000     9  9959  9971  9972
  9971  O     92.69000000   64.33000000  102.11000000    11  9970
  9972  N     94.19000000   65.59000000  103.19000000     7  9970  9973  9974
  9973  HN    95.05000000   66.12000000  103.17000000    10  9972
  9974  CA    93.51000000   65.50000000  104.48000000     8  9972  9975  9976  9985
  9975  H     93.42000000   64.44000000  104.71000000    12  9974
  9976  C     94.32000000   66.16000000  105.62000000   153  9974  9977  9978  9979
  9977  H     94.65000000   67.17000000  105.28000000   154  9976
  9978  H     93.65000000   66.31000000  106.51000000   154  9976
  9979  C     95.54000000   65.35000000  106.11000000   155  9976  9980  9981  9982
  9980  H     95.21000000   64.34000000  106.46000000   156  9979
  9981  H     96.27000000   65.21000000  105.29000000   156  9979
  9982  C     96.26000000   66.05000000  107.26000000   157  9979  9983  9984
  9983  O     96.79000000   67.16000000  107.03000000   158  9982
  9984  O     96.28000000   65.49000000  108.39000000   158  9982
  9985  C     92.09000000   66.05000000  104.47000000     9  9974  9986  9987
  9986  O     91.17000000   65.46000000  105.05000000    11  9985
  9987  N     91.87000000   67.19000000  103.79000000     7  9985  9988  9989
  9988  HN    92.65000000   67.68000000  103.40000000    10  9987
  9989  CA    90.55000000   67.73000000  103.50000000     8  9987  9990  9991 10001
  9990  H     90.02000000   67.83000000  104.44000000    12  9989
  9991  C     90.67000000   69.12000000  102.87000000    15  9989  9992  9993  9997
  9992  H     91.40000000   69.08000000  102.03000000    16  9991
  9993  C     89.33000000   69.64000000  102.30000000    17  9991  9994  9995  9996
  9994  H     89.45000000   70.68000000  101.95000000    18  9993
  9995  H     88.98000000   69.03000000  101.44000000    18  9993
  9996  H     88.54000000   69.63000000  103.08000000    18  9993
  9997  C     91.19000000   70.10000000  103.94000000    17  9991  9998  9999 10000
  9998  H     91.27000000   71.12000000  103.51000000    18  9997
  9999  H     90.50000000   70.13000000  104.81000000    18  9997
 10000  H     92.20000000   69.80000000  104.30000000    18  9997
 10001  C     89.68000000   66.80000000  102.65000000     9  9989 10002 10003
 10002  O     88.53000000   66.51000000  102.99000000    11 10001
 10003  N     90.23000000   66.23000000  101.55000000     7 10001 10004 10005
 10004  HN    91.15000000   66.49000000  101.26000000    10 10003
 10005  CA    89.54000000   65.23000000  100.75000000     8 10003 10006 10007 10013
 10006  H     88.56000000   65.64000000  100.55000000    12 10005
 10007  C     90.28000000   64.92000000   99.42000000   137 10005 10008 10009 10010
 10008  H     91.37000000   65.00000000   99.56000000   138 10007
 10009  H     90.02000000   63.91000000   99.05000000   138 10007
 10010  C     89.85000000   65.87000000   98.31000000   139 10007 10011 10012
 10011  O     88.93000000   66.70000000   98.53000000   140 10010
 10012  O     90.38000000   65.73000000   97.19000000   140 10010
 10013  C     89.22000000   63.94000000  101.49000000     9 10005 10014 10015
 10014  O     88.13000000   63.40000000  101.34000000    11 10013
 10015  N     90.15000000   63.42000000  102.31000000     7 10013 10016 10017
 10016  HN    91.07000000   63.84000000  102.33000000    10 10015
 10017  CA    89.97000000   62.28000000  103.18000000     8 10015 10018 10019 10028
 10018  H     89.69000000   61.44000000  102.57000000    12 10017
 10019  C     91.31000000   61.92000000  103.88000000   153 10017 10020 10021 10022
 10020  H     91.76000000   62.85000000  104.27000000   154 10019
 10021  H     91.12000000   61.26000000  104.74000000   154 10019
 10022  C     92.33000000   61.20000000  102.96000000   155 10019 10023 10024 10025
 10023  H     92.38000000   61.69000000  101.97000000   156 10022
 10024  H     93.34000000   61.26000000  103.41000000   156 10022
 10025  C     92.03000000   59.72000000  102.77000000   157 10022 10026 10027
 10026  O     91.17000000   59.15000000  103.48000000   158 10025
 10027  O     92.69000000   59.09000000  101.90000000   158 10025
 10028  C     88.86000000   62.43000000  104.21000000     9 10017 10029 10030
 10029  O     88.08000000   61.51000000  104.42000000    11 10028
 10030  N     88.70000000   63.63000000  104.83000000     7 10028 10031 10032
 10031  HN    89.38000000   64.35000000  104.69000000    10 10030
 10032  CA    87.55000000   63.95000000  105.67000000     8 10030 10033 10034 10045
 10033  H     87.53000000   63.26000000  106.50000000    12 10032
 10034  C     87.62000000   65.42000000  106.18000000   175 10032 10035 10036 10037
 10035  H     87.85000000   66.08000000  105.32000000   176 10034
 10036  H     86.64000000   65.73000000  106.60000000   176 10034
 10037  C     88.66000000   65.66000000  107.28000000   177 10034 10038 10039 10040
 10038  H     88.27000000   65.20000000  108.22000000   178 10037
 10039  H     89.60000000   65.13000000  107.01000000   178 10037
 10040  S     89.02000000   67.41000000  107.58000000   179 10037 10041
 10041  C     87.50000000   67.85000000  108.47000000   180 10040 10042 10043 10044
 10042  H     87.51000000   68.92000000  108.78000000   181 10041
 10043  H     86.61000000   67.70000000  107.83000000   181 10041
 10044  H     87.38000000   67.23000000  109.37000000   181 10041
 10045  C     86.22000000   63.82000000  104.95000000     9 10032 10046 10047
 10046  O     85.28000000   63.18000000  105.43000000    11 10045
 10047  N     86.15000000   64.41000000  103.74000000     7 10045 10048 10049
 10048  HN    86.94000000   64.93000000  103.41000000    10 10047
 10049  CA    85.02000000   64.35000000  102.84000000     8 10047 10050 10051 10064
 10050  H     84.14000000   64.66000000  103.38000000    12 10049
 10051  C     85.26000000   65.34000000  101.69000000    25 10049 10052 10053 10057
 10052  H     86.29000000   65.16000000  101.31000000    26 10051
 10053  C     84.29000000   65.14000000  100.52000000    29 10051 10054 10055 10056
 10054  H     84.41000000   65.96000000   99.78000000    30 10053
 10055  H     84.52000000   64.19000000  100.00000000    30 10053
 10056  H     83.24000000   65.12000000  100.87000000    30 10053
 10057  C     85.24000000   66.81000000  102.19000000    27 10051 10058 10059 10060
 10058  H     85.90000000   66.90000000  103.07000000    28 10057
 10059  H     85.70000000   67.43000000  101.39000000    28 10057
 10060  C     83.85000000   67.37000000  102.51000000    31 10057 10061 10062 10063
 10061  H     83.94000000   68.42000000  102.88000000    32 10060
 10062  H     83.20000000   67.40000000  101.61000000    32 10060
 10063  H     83.35000000   66.77000000  103.30000000    32 10060
 10064  C     84.72000000   62.93000000  102.35000000     9 10049 10065 10066
 10065  O     83.58000000   62.47000000  102.45000000    11 10064
 10066  N     85.74000000   62.17000000  101.91000000     7 10064 10067 10068
 10067  HN    86.65000000   62.58000000  101.81000000    10 10066
 10068  CA    85.64000000   60.77000000  101.52000000     8 10066 10069 10070 10088
 10069  H     84.85000000   60.71000000  100.79000000    12 10068
 10070  C     86.94000000   60.26000000  100.83000000   202 10068 10071 10072 10073
 10071  H     87.82000000   60.61000000  101.40000000   203 10070
 10072  H     86.95000000   59.14000000  100.84000000   203 10070
 10073  C     87.05000000   60.69000000   99.35000000   204 10070 10074 10075 10076
 10074  H     86.13000000   60.32000000   98.84000000   205 10073
 10075  H     87.02000000   61.80000000   99.27000000   205 10073
 10076  C     88.25000000   60.11000000   98.58000000   206 10073 10077 10078 10079
 10077  H     88.48000000   59.07000000   98.91000000   207 10076
 10078  H     88.00000000   60.08000000   97.49000000   207 10076
 10079  N     89.43000000   61.03000000   98.73000000   208 10076 10080 10081
 10080  HN    89.34000000   61.93000000   98.31000000   209 10079
 10081  C     90.62000000   60.73000000   99.25000000   210 10079 10082 10085
 10082  N     90.88000000   59.56000000   99.79000000   211 10081 10083 10084
 10083  HN    90.16000000   58.90000000   99.85000000   212 10082
 10084  HN    91.70000000   59.47000000  100.38000000   212 10082
 10085  N     91.58000000   61.63000000   99.21000000   211 10081 10086 10087
 10086  HN    91.46000000   62.47000000   98.70000000   212 10085
 10087  HN    92.53000000   61.40000000   99.47000000   212 10085
 10088  C     85.19000000   59.82000000  102.63000000     9 10068 10089 10090
 10089  O     84.38000000   58.92000000  102.41000000    11 10088
 10090  N     85.70000000   60.01000000  103.86000000     7 10088 10091 10092
 10091  HN    86.43000000   60.69000000  104.00000000    10 10090
 10092  CA    85.23000000   59.33000000  105.06000000     8 10090 10093 10094 10103
 10093  H     85.27000000   58.26000000  104.88000000    12 10092
 10094  C     86.16000000   59.65000000  106.26000000   153 10092 10095 10096 10097
 10095  H     87.13000000   59.14000000  106.08000000   154 10094
 10096  H     86.36000000   60.75000000  106.26000000   154 10094
 10097  C     85.61000000   59.25000000  107.65000000   155 10094 10098 10099 10100
 10098  H     84.71000000   59.84000000  107.92000000   156 10097
 10099  H     85.33000000   58.17000000  107.64000000   156 10097
 10100  C     86.64000000   59.45000000  108.73000000   157 10097 10101 10102
 10101  O     86.46000000   60.35000000  109.59000000   158 10100
 10102  O     87.65000000   58.69000000  108.76000000   158 10100
 10103  C     83.78000000   59.62000000  105.44000000     9 10092 10104 10105
 10104  O     83.02000000   58.73000000  105.84000000    11 10103
 10105  N     83.35000000   60.89000000  105.36000000     7 10103 10106 10107
 10106  HN    83.98000000   61.62000000  105.05000000    10 10105
 10107  CA    82.02000000   61.29000000  105.74000000     8 10105 10108 10109 10113
 10108  H     81.73000000   60.75000000  106.63000000    12 10107
 10109  C     82.03000000   62.80000000  106.06000000    13 10107 10110 10111 10112
 10110  H     81.02000000   63.15000000  106.37000000    14 10109
 10111  H     82.74000000   63.00000000  106.89000000    14 10109
 10112  H     82.37000000   63.38000000  105.17000000    14 10109
 10113  C     80.96000000   60.99000000  104.67000000     9 10107 10114 10115
 10114  O     79.79000000   60.85000000  104.99000000    11 10113
 10115  N     81.36000000   60.87000000  103.40000000     7 10113 10116 10117
 10116  HN    82.32000000   61.03000000  103.15000000    10 10115
 10117  CA    80.46000000   60.63000000  102.29000000     8 10115 10118 10119 10125
 10118  H     79.55000000   61.18000000  102.47000000    12 10117
 10119  C     81.13000000   61.19000000  101.00000000   137 10117 10120 10121 10122
 10120  H     81.34000000   62.27000000  101.15000000   138 10119
 10121  H     82.09000000   60.67000000  100.83000000   138 10119
 10122  C     80.29000000   61.05000000   99.75000000   139 10119 10123 10124
 10123  O     79.04000000   60.94000000   99.85000000   140 10122
 10124  O     80.88000000   61.17000000   98.64000000   140 10122
 10125  C     80.10000000   59.16000000  102.16000000     9 10117 10126 10127
 10126  O     80.79000000   58.36000000  101.52000000    11 10125
 10127  N     78.97000000   58.75000000  102.78000000     7 10125 10128 10129
 10128  HN    78.40000000   59.42000000  103.24000000    10 10127
 10129  CA    78.50000000   57.38000000  102.77000000     8 10127 10130 10131 10144
 10130  H     79.36000000   56.73000000  102.85000000    12 10129
 10131  C     77.59000000   57.07000000  103.97000000    25 10129 10132 10133 10137
 10132  H     76.60000000   57.56000000  103.82000000    26 10131
 10133  C     77.37000000   55.54000000  104.10000000    29 10131 10134 10135 10136
 10134  H     76.78000000   55.32000000  105.01000000    30 10133
 10135  H     76.82000000   55.14000000  103.23000000    30 10133
 10136  H     78.34000000   55.01000000  104.17000000    30 10133
 10137  C     78.18000000   57.63000000  105.30000000    27 10131 10138 10139 10140
 10138  H     78.13000000   58.74000000  105.28000000    28 10137
 10139  H     77.51000000   57.30000000  106.13000000    28 10137
 10140  C     79.61000000   57.18000000  105.61000000    31 10137 10141 10142 10143
 10141  H     79.92000000   57.58000000  106.61000000    32 10140
 10142  H     79.69000000   56.08000000  105.64000000    32 10140
 10143  H     80.33000000   57.57000000  104.86000000    32 10140
 10144  C     77.82000000   57.05000000  101.45000000     9 10129 10145 10146
 10145  O     77.83000000   55.91000000  100.99000000    11 10144
 10146  N     77.26000000   58.06000000  100.73000000     7 10144 10147 10148
 10147  HN    77.20000000   58.99000000  101.14000000    10 10146
 10148  CA    76.79000000   57.89000000   99.36000000     8 10146 10149 10150 10156
 10149  H     76.04000000   57.11000000   99.35000000    12 10148
 10150  C     76.22000000   59.19000000   98.74000000   137 10148 10151 10152 10153
 10151  H     77.03000000   59.92000000   98.55000000   138 10150
 10152  H     75.75000000   58.95000000   97.76000000   138 10150
 10153  C     75.16000000   59.88000000   99.56000000   139 10150 10154 10155
 10154  O     74.13000000   59.27000000   99.91000000   140 10153
 10155  O     75.35000000   61.12000000   99.76000000   140 10153
 10156  C     77.92000000   57.49000000   98.41000000     9 10148 10157 10158
 10157  O     77.81000000   56.58000000   97.59000000    11 10156
 10158  N     79.06000000   58.21000000   98.49000000     1 10156 10159 10160
 10159  HN    79.16000000   58.89000000   99.22000000     4 10158
 10160  CA    80.08000000   58.23000000   97.44000000     2 10158 10161 10162 10163
 10161  H     80.97000000   58.67000000   97.86000000     6 10160
 10162  H     80.24000000   57.23000000   97.07000000     6 10160
 10163  C     79.67000000   59.10000000   96.27000000     3 10160 10164 10165
 10164  O     80.07000000   58.87000000   95.13000000     5 10163
 10165  N     78.85000000   60.14000000   96.52000000     7 10163 10166 10167
 10166  HN    78.59000000   60.37000000   97.45000000    10 10165
 10167  CA    78.36000000   61.04000000   95.49000000     8 10165 10168 10169 10175
 10168  H     78.27000000   60.49000000   94.56000000    12 10167
 10169  C     76.95000000   61.62000000   95.84000000   137 10167 10170 10171 10172
 10170  H     76.51000000   62.11000000   94.95000000   138 10169
 10171  H     76.28000000   60.78000000   96.13000000   138 10169
 10172  C     76.97000000   62.62000000   96.98000000   139 10169 10173 10174
 10173  O     76.41000000   63.73000000   96.85000000   140 10172
 10174  O     77.54000000   62.29000000   98.05000000   140 10172
 10175  C     79.35000000   62.17000000   95.26000000     9 10167 10176 10177
 10176  O     79.26000000   62.91000000   94.28000000    11 10175
 10177  N     80.34000000   62.35000000   96.16000000     1 10175 10178 10179
 10178  HN    80.39000000   61.75000000   96.97000000     4 10177
 10179  CA    81.34000000   63.39000000   96.06000000     2 10177 10180 10181 10182
 10180  H     82.26000000   62.98000000   96.44000000     6 10179
 10181  H     81.45000000   63.71000000   95.03000000     6 10179
 10182  C     81.01000000   64.61000000   96.88000000     3 10179 10183 10184
 10183  O     81.64000000   65.65000000   96.71000000     5 10182
 10184  N     80.00000000   64.52000000   97.78000000     7 10182 10185 10186
 10185  HN    79.48000000   63.67000000   97.86000000    10 10184
 10186  CA    79.60000000   65.61000000   98.67000000     8 10184 10187 10188 10199
 10187  H     80.49000000   66.17000000   98.93000000    12 10186
 10188  C     78.57000000   66.58000000   98.03000000   167 10186 10189 10190 10191
 10189  H     77.68000000   65.99000000   97.71000000   168 10188
 10190  H     78.23000000   67.32000000   98.79000000   168 10188
 10191  C     79.15000000   67.36000000   96.83000000   169 10188 10192 10193 10194
 10192  H     80.04000000   67.94000000   97.15000000   170 10191
 10193  H     79.46000000   66.65000000   96.05000000   170 10191
 10194  C     78.19000000   68.34000000   96.15000000   171 10191 10195 10196
 10195  O     78.53000000   69.51000000   95.96000000   172 10194
 10196  N     77.00000000   67.87000000   95.75000000   173 10194 10197 10198
 10197  HN    76.84000000   66.88000000   95.75000000   174 10196
 10198  HN    76.34000000   68.49000000   95.31000000   174 10196
 10199  C     79.05000000   65.07000000   99.98000000     9 10186 10200 10201
 10200  O     78.64000000   63.91000000  100.09000000    11 10199
 10201  N     79.06000000   65.90000000  101.04000000     7 10199 10202 10203
 10202  HN    79.41000000   66.84000000  100.95000000    10 10201
 10203  CA    78.58000000   65.51000000  102.36000000     8 10201 10204 10205 10215
 10204  H     78.36000000   64.46000000  102.38000000    12 10203
 10205  C     79.63000000   65.75000000  103.45000000    15 10203 10206 10207 10211
 10206  H     79.95000000   66.81000000  103.43000000    16 10205
 10207  C     79.07000000   65.43000000  104.85000000    17 10205 10208 10209 10210
 10208  H     79.87000000   65.53000000  105.61000000    18 10207
 10209  H     78.24000000   66.11000000  105.13000000    18 10207
 10210  H     78.69000000   64.38000000  104.89000000    18 10207
 10211  C     80.86000000   64.86000000  103.16000000    17 10205 10212 10213 10214
 10212  H     81.63000000   65.03000000  103.93000000    18 10211
 10213  H     80.57000000   63.79000000  103.16000000    18 10211
 10214  H     81.30000000   65.10000000  102.17000000    18 10211
 10215  C     77.29000000   66.25000000  102.67000000     9 10203 10216 10217
 10216  O     77.25000000   67.47000000  102.79000000    11 10215
 10217  N     76.17000000   65.50000000  102.77000000     7 10215 10218 10219
 10218  HN    76.23000000   64.50000000  102.62000000    10 10217
 10219  CA    74.86000000   66.04000000  103.11000000     8 10217 10220 10221 10229
 10220  H     74.82000000   67.06000000  102.77000000    12 10219
 10221  C     73.74000000   65.27000000  102.34000000   147 10219 10222 10223 10224
 10222  H     72.77000000   65.81000000  102.45000000   148 10221
 10223  H     74.02000000   65.29000000  101.26000000   148 10221
 10224  C     73.53000000   63.83000000  102.79000000   149 10221 10225 10226
 10225  O     73.48000000   63.53000000  103.98000000   150 10224
 10226  N     73.38000000   62.90000000  101.83000000   151 10224 10227 10228
 10227  HN    73.38000000   63.15000000  100.87000000   152 10226
 10228  HN    73.25000000   61.94000000  102.09000000   152 10226
 10229  C     74.66000000   66.09000000  104.63000000     9 10219 10230 10231
 10230  O     75.50000000   65.67000000  105.43000000    11 10229
 10231  N     73.52000000   66.65000000  105.09000000     7 10229 10232 10233
 10232  HN    72.87000000   67.05000000  104.45000000    10 10231
 10233  CA    73.20000000   66.74000000  106.51000000     8 10231 10234 10235 10250
 10234  H     74.04000000   67.23000000  106.97000000    12 10233
 10235  C     71.96000000   67.66000000  106.72000000    70 10233 10236 10237 10238
 10236  H     72.17000000   68.66000000  106.29000000    71 10235
 10237  H     71.08000000   67.23000000  106.19000000    71 10235
 10238  C     71.61000000   67.84000000  108.18000000    72 10235 10239 10246
 10239  C     70.38000000   67.40000000  108.70000000    73 10238 10240 10241
 10240  H     69.64000000   66.97000000  108.04000000    74 10239
 10241  C     70.12000000   67.50000000  110.08000000    75 10239 10242 10243
 10242  H     69.18000000   67.15000000  110.48000000    76 10241
 10243  C     71.08000000   68.05000000  110.94000000    77 10241 10244 10248
 10244  OH    70.83000000   68.09000000  112.32000000    78 10243 10245
 10245  HO    71.51000000   68.63000000  112.73000000    79 10244
 10246  C     72.55000000   68.42000000  109.04000000    73 10238 10247 10248
 10247  H     73.49000000   68.77000000  108.65000000    74 10246
 10248  C     72.29000000   68.53000000  110.42000000    75 10243 10246 10249
 10249  H     73.03000000   68.96000000  111.07000000    76 10248
 10250  C     73.08000000   65.39000000  107.24000000     9 10233 10251 10252
 10251  O     73.58000000   65.24000000  108.35000000    11 10250
 10252  N     72.45000000   64.37000000  106.62000000     7 10250 10253 10254
 10253  HN    72.12000000   64.47000000  105.69000000    10 10252
 10254  CA    72.36000000   63.02000000  107.17000000     8 10252 10255 10256 10265
 10255  H     71.88000000   63.07000000  108.14000000    12 10254
 10256  C     71.50000000   62.12000000  106.23000000   153 10254 10257 10258 10259
 10257  H     70.50000000   62.60000000  106.10000000   154 10256
 10258  H     71.98000000   62.11000000  105.23000000   154 10256
 10259  C     71.29000000   60.66000000  106.68000000   155 10256 10260 10261 10262
 10260  H     72.26000000   60.19000000  106.99000000   156 10259
 10261  H     70.60000000   60.63000000  107.55000000   156 10259
 10262  C     70.70000000   59.79000000  105.58000000   157 10259 10263 10264
 10263  O     69.65000000   60.17000000  105.00000000   158 10262
 10264  O     71.28000000   58.71000000  105.29000000   158 10262
 10265  C     73.73000000   62.38000000  107.38000000     9 10254 10266 10267
 10266  O     74.04000000   61.87000000  108.45000000    11 10265
 10267  N     74.61000000   62.49000000  106.37000000     7 10265 10268 10269
 10268  HN    74.30000000   62.89000000  105.50000000    10 10267
 10269  CA    75.99000000   62.06000000  106.41000000     8 10267 10270 10271 10280
 10270  H     76.00000000   61.00000000  106.64000000    12 10269
 10271  C     76.65000000   62.29000000  105.03000000   153 10269 10272 10273 10274
 10272  H     76.47000000   63.35000000  104.73000000   154 10271
 10273  H     77.75000000   62.15000000  105.10000000   154 10271
 10274  C     76.11000000   61.34000000  103.94000000   155 10271 10275 10276 10277
 10275  H     76.34000000   60.29000000  104.20000000   156 10274
 10276  H     75.00000000   61.43000000  103.87000000   156 10274
 10277  C     76.69000000   61.66000000  102.59000000   157 10274 10278 10279
 10278  O     76.68000000   62.82000000  102.11000000   158 10277
 10279  O     77.18000000   60.75000000  101.88000000   158 10277
 10280  C     76.81000000   62.75000000  107.49000000     9 10269 10281 10282
 10281  O     77.59000000   62.12000000  108.21000000    11 10280
 10282  N     76.65000000   64.08000000  107.64000000     7 10280 10283 10284
 10283  HN    76.06000000   64.57000000  106.99000000    10 10282
 10284  CA    77.26000000   64.86000000  108.70000000     8 10282 10285 10286 10300
 10285  H     78.33000000   64.69000000  108.65000000    12 10284
 10286  C     76.98000000   66.36000000  108.42000000    61 10284 10287 10288 10289
 10287  H     77.26000000   66.59000000  107.37000000    62 10286
 10288  H     75.89000000   66.57000000  108.52000000    62 10286
 10289  C     77.75000000   67.30000000  109.32000000    63 10286 10290 10296
 10290  C     79.08000000   67.63000000  109.01000000    64 10289 10291 10292
 10291  H     79.57000000   67.16000000  108.17000000    65 10290
 10292  C     79.77000000   68.60000000  109.75000000    66 10290 10293 10294
 10293  H     80.79000000   68.85000000  109.49000000    67 10292
 10294  C     79.13000000   69.26000000  110.81000000    68 10292 10295 10298
 10295  H     79.65000000   70.02000000  111.37000000    69 10294
 10296  C     77.12000000   67.96000000  110.38000000    64 10289 10297 10298
 10297  H     76.09000000   67.74000000  110.61000000    65 10296
 10298  C     77.80000000   68.94000000  111.13000000    66 10294 10296 10299
 10299  H     77.30000000   69.46000000  111.93000000    67 10298
 10300  C     76.81000000   64.43000000  110.10000000     9 10284 10301 10302
 10301  O     77.63000000   64.26000000  111.00000000    11 10300
 10302  N     75.49000000   64.18000000  110.31000000     7 10300 10303 10304
 10303  HN    74.83000000   64.36000000  109.58000000    10 10302
 10304  CA    74.96000000   63.61000000  111.55000000     8 10302 10305 10306 10316
 10305  H     75.28000000   64.24000000  112.37000000    12 10304
 10306  C     73.42000000   63.60000000  111.55000000    15 10304 10307 10308 10312
 10307  H     73.06000000   63.13000000  110.60000000    16 10306
 10308  C     72.84000000   62.82000000  112.75000000    17 10306 10309 10310 10311
 10309  H     71.74000000   62.94000000  112.78000000    18 10308
 10310  H     73.05000000   61.73000000  112.68000000    18 10308
 10311  H     73.26000000   63.20000000  113.70000000    18 10308
 10312  C     72.90000000   65.05000000  111.61000000    17 10306 10313 10314 10315
 10313  H     71.80000000   65.06000000  111.53000000    18 10312
 10314  H     73.16000000   65.51000000  112.59000000    18 10312
 10315  H     73.32000000   65.68000000  110.80000000    18 10312
 10316  C     75.51000000   62.22000000  111.84000000     9 10304 10317 10318
 10317  O     75.95000000   61.94000000  112.96000000    11 10316
 10318  N     75.56000000   61.33000000  110.83000000     7 10316 10319 10320
 10319  HN    75.15000000   61.56000000  109.95000000    10 10318
 10320  CA    76.17000000   60.01000000  110.92000000     8 10318 10321 10322 10333
 10321  H     75.70000000   59.48000000  111.74000000    12 10320
 10322  C     75.93000000   59.21000000  109.61000000   167 10320 10323 10324 10325
 10323  H     76.23000000   59.84000000  108.75000000   168 10322
 10324  H     76.57000000   58.30000000  109.60000000   168 10322
 10325  C     74.46000000   58.76000000  109.41000000   169 10322 10326 10327 10328
 10326  H     73.78000000   59.64000000  109.41000000   170 10325
 10327  H     74.36000000   58.27000000  108.42000000   170 10325
 10328  C     74.02000000   57.76000000  110.48000000   171 10325 10329 10330
 10329  O     74.61000000   56.68000000  110.59000000   172 10328
 10330  N     72.98000000   58.10000000  111.27000000   173 10328 10331 10332
 10331  HN    72.52000000   58.97000000  111.15000000   174 10330
 10332  HN    72.69000000   57.45000000  111.97000000   174 10330
 10333  C     77.66000000   60.03000000  111.27000000     9 10320 10334 10335
 10334  O     78.13000000   59.27000000  112.12000000    11 10333
 10335  N     78.43000000   60.94000000  110.64000000     7 10333 10336 10337
 10336  HN    78.03000000   61.50000000  109.91000000    10 10335
 10337  CA    79.82000000   61.21000000  110.97000000     8 10335 10338 10339 10350
 10338  H     80.35000000   60.27000000  110.89000000    12 10337
 10339  C     80.46000000   62.19000000  109.95000000   175 10337 10340 10341 10342
 10340  H     80.47000000   61.68000000  108.97000000   176 10339
 10341  H     79.78000000   63.07000000  109.84000000   176 10339
 10342  C     81.90000000   62.68000000  110.25000000   177 10339 10343 10344 10345
 10343  H     82.49000000   61.81000000  110.62000000   178 10342
 10344  H     82.36000000   62.96000000  109.27000000   178 10342
 10345  S     82.09000000   64.09000000  111.39000000   179 10342 10346
 10346  C     81.35000000   65.34000000  110.31000000   180 10345 10347 10348 10349
 10347  H     81.53000000   66.37000000  110.70000000   181 10346
 10348  H     81.77000000   65.30000000  109.28000000   181 10346
 10349  H     80.25000000   65.20000000  110.23000000   181 10346
 10350  C     80.02000000   61.68000000  112.40000000     9 10337 10351 10352
 10351  O     80.91000000   61.21000000  113.11000000    11 10350
 10352  N     79.15000000   62.59000000  112.87000000     7 10350 10353 10354
 10353  HN    78.46000000   62.99000000  112.26000000    10 10352
 10354  CA    79.20000000   63.13000000  114.22000000     8 10352 10355 10356 10367
 10355  H     80.23000000   63.35000000  114.44000000    12 10354
 10356  C     78.40000000   64.45000000  114.31000000   175 10354 10357 10358 10359
 10357  H     77.43000000   64.31000000  113.78000000   176 10356
 10358  H     78.18000000   64.71000000  115.37000000   176 10356
 10359  C     79.14000000   65.66000000  113.70000000   177 10356 10360 10361 10362
 10360  H     79.39000000   65.44000000  112.64000000   178 10359
 10361  H     78.44000000   66.52000000  113.70000000   178 10359
 10362  S     80.65000000   66.10000000  114.62000000   179 10359 10363
 10363  C     80.95000000   67.62000000  113.68000000   180 10362 10364 10365 10366
 10364  H     81.91000000   68.09000000  113.99000000   181 10363
 10365  H     81.01000000   67.41000000  112.59000000   181 10363
 10366  H     80.14000000   68.35000000  113.85000000   181 10363
 10367  C     78.76000000   62.18000000  115.32000000     9 10354 10368 10369
 10368  O     79.15000000   62.36000000  116.47000000    11 10367
 10369  N     77.95000000   61.16000000  115.02000000     7 10367 10370 10371
 10370  HN    77.68000000   60.99000000  114.07000000    10 10369
 10371  CA    77.40000000   60.26000000  116.02000000     8 10369 10372 10373 10381
 10372  H     77.55000000   60.68000000  117.00000000    12 10371
 10373  C     75.88000000   60.07000000  115.90000000    37 10371 10374 10375 10377
 10374  H     75.54000000   59.26000000  116.57000000    38 10373
 10375  OH    75.46000000   59.81000000  114.56000000    39 10373 10376
 10376  HO    75.64000000   60.63000000  114.07000000    40 10375
 10377  C     75.18000000   61.37000000  116.32000000    41 10373 10378 10379 10380
 10378  H     74.07000000   61.25000000  116.25000000    42 10377
 10379  H     75.43000000   61.61000000  117.38000000    42 10377
 10380  H     75.48000000   62.22000000  115.68000000    42 10377
 10381  C     78.17000000   58.91000000  116.07000000   233 10371 10382 10383
 10382  O     79.43000000   58.94000000  116.12000000   234 10381
 10383  O     77.55000000   57.81000000  116.11000000   234 10381
 10384  Ca2   77.59000000   73.86000000   99.65000000   358
 10385  Ca2   77.25000000   62.08000000  100.14000000   358
 10386  Mg2   45.25000000   89.47000000  110.93000000   357
 10387  Mg2   43.31000000   81.51000000  119.04000000   357
 10388  Mg2   80.12000000   86.92000000   84.94000000   357
